source_artist_name,musicbrainz_artist_id,musicbrainz_artist_name,raw_tag,tag_votes,total_hours,first_year,last_year,match_method,lookup_status
Bad Bunny,89aa5ecb-59ad-46f5-b3eb-2d424e941f19,Bad Bunny,reggaeton,7,615.418659,2017,2025,exact_normalized_name,matched
Bad Bunny,89aa5ecb-59ad-46f5-b3eb-2d424e941f19,Bad Bunny,trap latino,5,615.418659,2017,2025,exact_normalized_name,matched
Bad Bunny,89aa5ecb-59ad-46f5-b3eb-2d424e941f19,Bad Bunny,latin,3,615.418659,2017,2025,exact_normalized_name,matched
Bad Bunny,89aa5ecb-59ad-46f5-b3eb-2d424e941f19,Bad Bunny,latin trap,3,615.418659,2017,2025,exact_normalized_name,matched
Bad Bunny,89aa5ecb-59ad-46f5-b3eb-2d424e941f19,Bad Bunny,hip hop,1,615.418659,2017,2025,exact_normalized_name,matched
Bad Bunny,89aa5ecb-59ad-46f5-b3eb-2d424e941f19,Bad Bunny,english,0,615.418659,2017,2025,exact_normalized_name,matched
Bad Bunny,89aa5ecb-59ad-46f5-b3eb-2d424e941f19,Bad Bunny,latin urban,0,615.418659,2017,2025,exact_normalized_name,matched
Bad Bunny,89aa5ecb-59ad-46f5-b3eb-2d424e941f19,Bad Bunny,pop,0,615.418659,2017,2025,exact_normalized_name,matched
Bad Bunny,89aa5ecb-59ad-46f5-b3eb-2d424e941f19,Bad Bunny,spanish,0,615.418659,2017,2025,exact_normalized_name,matched
Anuel AA,87a75fc3-59e7-4598-925c-8e230bce5db9,Anuel AA,latin,2,200.018176,2017,2025,exact_normalized_name,matched
Anuel AA,87a75fc3-59e7-4598-925c-8e230bce5db9,Anuel AA,reggaeton,2,200.018176,2017,2025,exact_normalized_name,matched
Anuel AA,87a75fc3-59e7-4598-925c-8e230bce5db9,Anuel AA,trap latino,2,200.018176,2017,2025,exact_normalized_name,matched
Red Hot Chili Peppers,8bfac288-ccc5-448d-9573-c33ea2aa5c30,Red Hot Chili Peppers,funk rock,22,184.69572,2017,2025,exact_normalized_name,matched
Red Hot Chili Peppers,8bfac288-ccc5-448d-9573-c33ea2aa5c30,Red Hot Chili Peppers,alternative rock,21,184.69572,2017,2025,exact_normalized_name,matched
Red Hot Chili Peppers,8bfac288-ccc5-448d-9573-c33ea2aa5c30,Red Hot Chili Peppers,rock,21,184.69572,2017,2025,exact_normalized_name,matched
Red Hot Chili Peppers,8bfac288-ccc5-448d-9573-c33ea2aa5c30,Red Hot Chili Peppers,rap rock,9,184.69572,2017,2025,exact_normalized_name,matched
Red Hot Chili Peppers,8bfac288-ccc5-448d-9573-c33ea2aa5c30,Red Hot Chili Peppers,pop rock,7,184.69572,2017,2025,exact_normalized_name,matched
Red Hot Chili Peppers,8bfac288-ccc5-448d-9573-c33ea2aa5c30,Red Hot Chili Peppers,funk metal,6,184.69572,2017,2025,exact_normalized_name,matched
Red Hot Chili Peppers,8bfac288-ccc5-448d-9573-c33ea2aa5c30,Red Hot Chili Peppers,funk,4,184.69572,2017,2025,exact_normalized_name,matched
Red Hot Chili Peppers,8bfac288-ccc5-448d-9573-c33ea2aa5c30,Red Hot Chili Peppers,80s,0,184.69572,2017,2025,exact_normalized_name,matched
Red Hot Chili Peppers,8bfac288-ccc5-448d-9573-c33ea2aa5c30,Red Hot Chili Peppers,90s,0,184.69572,2017,2025,exact_normalized_name,matched
Red Hot Chili Peppers,8bfac288-ccc5-448d-9573-c33ea2aa5c30,Red Hot Chili Peppers,live,0,184.69572,2017,2025,exact_normalized_name,matched
Red Hot Chili Peppers,8bfac288-ccc5-448d-9573-c33ea2aa5c30,Red Hot Chili Peppers,psychedelic rock,0,184.69572,2017,2025,exact_normalized_name,matched
Red Hot Chili Peppers,8bfac288-ccc5-448d-9573-c33ea2aa5c30,Red Hot Chili Peppers,punk rock,0,184.69572,2017,2025,exact_normalized_name,matched
Red Hot Chili Peppers,8bfac288-ccc5-448d-9573-c33ea2aa5c30,Red Hot Chili Peppers,00s,-1,184.69572,2017,2025,exact_normalized_name,matched
Red Hot Chili Peppers,8bfac288-ccc5-448d-9573-c33ea2aa5c30,Red Hot Chili Peppers,10s,-1,184.69572,2017,2025,exact_normalized_name,matched
Red Hot Chili Peppers,8bfac288-ccc5-448d-9573-c33ea2aa5c30,Red Hot Chili Peppers,american,-1,184.69572,2017,2025,exact_normalized_name,matched
Red Hot Chili Peppers,8bfac288-ccc5-448d-9573-c33ea2aa5c30,Red Hot Chili Peppers,crossover,-1,184.69572,2017,2025,exact_normalized_name,matched
Red Hot Chili Peppers,8bfac288-ccc5-448d-9573-c33ea2aa5c30,Red Hot Chili Peppers,dvd,-1,184.69572,2017,2025,exact_normalized_name,matched
Red Hot Chili Peppers,8bfac288-ccc5-448d-9573-c33ea2aa5c30,Red Hot Chili Peppers,funk rock tributo,-1,184.69572,2017,2025,exact_normalized_name,matched
Red Hot Chili Peppers,8bfac288-ccc5-448d-9573-c33ea2aa5c30,Red Hot Chili Peppers,hard rock,-1,184.69572,2017,2025,exact_normalized_name,matched
Red Hot Chili Peppers,8bfac288-ccc5-448d-9573-c33ea2aa5c30,Red Hot Chili Peppers,heavy metal,-1,184.69572,2017,2025,exact_normalized_name,matched
Red Hot Chili Peppers,8bfac288-ccc5-448d-9573-c33ea2aa5c30,Red Hot Chili Peppers,indie rock,-1,184.69572,2017,2025,exact_normalized_name,matched
Red Hot Chili Peppers,8bfac288-ccc5-448d-9573-c33ea2aa5c30,Red Hot Chili Peppers,metal,-1,184.69572,2017,2025,exact_normalized_name,matched
Red Hot Chili Peppers,8bfac288-ccc5-448d-9573-c33ea2aa5c30,Red Hot Chili Peppers,pop and chart,-1,184.69572,2017,2025,exact_normalized_name,matched
Red Hot Chili Peppers,8bfac288-ccc5-448d-9573-c33ea2aa5c30,Red Hot Chili Peppers,rap,-1,184.69572,2017,2025,exact_normalized_name,matched
Red Hot Chili Peppers,8bfac288-ccc5-448d-9573-c33ea2aa5c30,Red Hot Chili Peppers,usa,-1,184.69572,2017,2025,exact_normalized_name,matched
Red Hot Chili Peppers,8bfac288-ccc5-448d-9573-c33ea2aa5c30,Red Hot Chili Peppers,alternative,-2,184.69572,2017,2025,exact_normalized_name,matched
Soda Stereo,3f8a5e5b-c24b-4068-9f1c-afad8829e06b,Soda Stereo,alternative rock,7,183.582876,2017,2025,exact_normalized_name,matched
Soda Stereo,3f8a5e5b-c24b-4068-9f1c-afad8829e06b,Soda Stereo,latin rock,3,183.582876,2017,2025,exact_normalized_name,matched
Soda Stereo,3f8a5e5b-c24b-4068-9f1c-afad8829e06b,Soda Stereo,new wave,3,183.582876,2017,2025,exact_normalized_name,matched
Soda Stereo,3f8a5e5b-c24b-4068-9f1c-afad8829e06b,Soda Stereo,rock,3,183.582876,2017,2025,exact_normalized_name,matched
Soda Stereo,3f8a5e5b-c24b-4068-9f1c-afad8829e06b,Soda Stereo,latin,2,183.582876,2017,2025,exact_normalized_name,matched
Soda Stereo,3f8a5e5b-c24b-4068-9f1c-afad8829e06b,Soda Stereo,rock en espanol,2,183.582876,2017,2025,exact_normalized_name,matched
Soda Stereo,3f8a5e5b-c24b-4068-9f1c-afad8829e06b,Soda Stereo,shoegaze,2,183.582876,2017,2025,exact_normalized_name,matched
Soda Stereo,3f8a5e5b-c24b-4068-9f1c-afad8829e06b,Soda Stereo,big music,1,183.582876,2017,2025,exact_normalized_name,matched
Soda Stereo,3f8a5e5b-c24b-4068-9f1c-afad8829e06b,Soda Stereo,pop rock,1,183.582876,2017,2025,exact_normalized_name,matched
Soda Stereo,3f8a5e5b-c24b-4068-9f1c-afad8829e06b,Soda Stereo,post-punk,1,183.582876,2017,2025,exact_normalized_name,matched
Soda Stereo,3f8a5e5b-c24b-4068-9f1c-afad8829e06b,Soda Stereo,psychedelic rock,1,183.582876,2017,2025,exact_normalized_name,matched
Soda Stereo,3f8a5e5b-c24b-4068-9f1c-afad8829e06b,Soda Stereo,dinamo,0,183.582876,2017,2025,exact_normalized_name,matched
Soda Stereo,3f8a5e5b-c24b-4068-9f1c-afad8829e06b,Soda Stereo,pop/rock,0,183.582876,2017,2025,exact_normalized_name,matched
Soda Stereo,3f8a5e5b-c24b-4068-9f1c-afad8829e06b,Soda Stereo,argentina,-1,183.582876,2017,2025,exact_normalized_name,matched
Soda Stereo,3f8a5e5b-c24b-4068-9f1c-afad8829e06b,Soda Stereo,español,-1,183.582876,2017,2025,exact_normalized_name,matched
Genesis,8e3fcd7d-bda1-4ca0-b987-b8528d2ee74e,Genesis,progressive rock,27,149.182898,2017,2025,exact_normalized_name,matched
Genesis,8e3fcd7d-bda1-4ca0-b987-b8528d2ee74e,Genesis,symphonic prog,10,149.182898,2017,2025,exact_normalized_name,matched
Genesis,8e3fcd7d-bda1-4ca0-b987-b8528d2ee74e,Genesis,progressive pop,9,149.182898,2017,2025,exact_normalized_name,matched
Genesis,8e3fcd7d-bda1-4ca0-b987-b8528d2ee74e,Genesis,art rock,8,149.182898,2017,2025,exact_normalized_name,matched
Genesis,8e3fcd7d-bda1-4ca0-b987-b8528d2ee74e,Genesis,soft rock,7,149.182898,2017,2025,exact_normalized_name,matched
Genesis,8e3fcd7d-bda1-4ca0-b987-b8528d2ee74e,Genesis,pop,5,149.182898,2017,2025,exact_normalized_name,matched
Genesis,8e3fcd7d-bda1-4ca0-b987-b8528d2ee74e,Genesis,rock,5,149.182898,2017,2025,exact_normalized_name,matched
Genesis,8e3fcd7d-bda1-4ca0-b987-b8528d2ee74e,Genesis,british,4,149.182898,2017,2025,exact_normalized_name,matched
Genesis,8e3fcd7d-bda1-4ca0-b987-b8528d2ee74e,Genesis,pop rock,4,149.182898,2017,2025,exact_normalized_name,matched
Genesis,8e3fcd7d-bda1-4ca0-b987-b8528d2ee74e,Genesis,rock opera,4,149.182898,2017,2025,exact_normalized_name,matched
Genesis,8e3fcd7d-bda1-4ca0-b987-b8528d2ee74e,Genesis,folk,3,149.182898,2017,2025,exact_normalized_name,matched
Genesis,8e3fcd7d-bda1-4ca0-b987-b8528d2ee74e,Genesis,progressive,1,149.182898,2017,2025,exact_normalized_name,matched
Genesis,8e3fcd7d-bda1-4ca0-b987-b8528d2ee74e,Genesis,classic rock,0,149.182898,2017,2025,exact_normalized_name,matched
Genesis,8e3fcd7d-bda1-4ca0-b987-b8528d2ee74e,Genesis,dad rock,0,149.182898,2017,2025,exact_normalized_name,matched
Genesis,8e3fcd7d-bda1-4ca0-b987-b8528d2ee74e,Genesis,vyrzukhisuc-artiest,0,149.182898,2017,2025,exact_normalized_name,matched
Genesis,8e3fcd7d-bda1-4ca0-b987-b8528d2ee74e,Genesis,2000s,-1,149.182898,2017,2025,exact_normalized_name,matched
Genesis,8e3fcd7d-bda1-4ca0-b987-b8528d2ee74e,Genesis,70s,-1,149.182898,2017,2025,exact_normalized_name,matched
Genesis,8e3fcd7d-bda1-4ca0-b987-b8528d2ee74e,Genesis,80s,-1,149.182898,2017,2025,exact_normalized_name,matched
Genesis,8e3fcd7d-bda1-4ca0-b987-b8528d2ee74e,Genesis,90s,-1,149.182898,2017,2025,exact_normalized_name,matched
Genesis,8e3fcd7d-bda1-4ca0-b987-b8528d2ee74e,Genesis,classic pop and rock,-1,149.182898,2017,2025,exact_normalized_name,matched
Genesis,8e3fcd7d-bda1-4ca0-b987-b8528d2ee74e,Genesis,english,-1,149.182898,2017,2025,exact_normalized_name,matched
Genesis,8e3fcd7d-bda1-4ca0-b987-b8528d2ee74e,Genesis,pop/rock,-1,149.182898,2017,2025,exact_normalized_name,matched
Genesis,8e3fcd7d-bda1-4ca0-b987-b8528d2ee74e,Genesis,uk,-1,149.182898,2017,2025,exact_normalized_name,matched
Metallica,65f4f0c5-ef9e-490c-aee3-909e7ae6b2ab,Metallica,thrash metal,67,113.493185,2017,2025,exact_normalized_name,matched
Metallica,65f4f0c5-ef9e-490c-aee3-909e7ae6b2ab,Metallica,heavy metal,41,113.493185,2017,2025,exact_normalized_name,matched
Metallica,65f4f0c5-ef9e-490c-aee3-909e7ae6b2ab,Metallica,metal,33,113.493185,2017,2025,exact_normalized_name,matched
Metallica,65f4f0c5-ef9e-490c-aee3-909e7ae6b2ab,Metallica,hard rock,20,113.493185,2017,2025,exact_normalized_name,matched
Metallica,65f4f0c5-ef9e-490c-aee3-909e7ae6b2ab,Metallica,american,7,113.493185,2017,2025,exact_normalized_name,matched
Metallica,65f4f0c5-ef9e-490c-aee3-909e7ae6b2ab,Metallica,rock,1,113.493185,2017,2025,exact_normalized_name,matched
Metallica,65f4f0c5-ef9e-490c-aee3-909e7ae6b2ab,Metallica,rockgruppe,1,113.493185,2017,2025,exact_normalized_name,matched
Metallica,65f4f0c5-ef9e-490c-aee3-909e7ae6b2ab,Metallica,angry,0,113.493185,2017,2025,exact_normalized_name,matched
Metallica,65f4f0c5-ef9e-490c-aee3-909e7ae6b2ab,Metallica,bay area,0,113.493185,2017,2025,exact_normalized_name,matched
Metallica,65f4f0c5-ef9e-490c-aee3-909e7ae6b2ab,Metallica,energetic,0,113.493185,2017,2025,exact_normalized_name,matched
Metallica,65f4f0c5-ef9e-490c-aee3-909e7ae6b2ab,Metallica,virtuoso,0,113.493185,2017,2025,exact_normalized_name,matched
Metallica,65f4f0c5-ef9e-490c-aee3-909e7ae6b2ab,Metallica,80's,-1,113.493185,2017,2025,exact_normalized_name,matched
Metallica,65f4f0c5-ef9e-490c-aee3-909e7ae6b2ab,Metallica,90's,-1,113.493185,2017,2025,exact_normalized_name,matched
Metallica,65f4f0c5-ef9e-490c-aee3-909e7ae6b2ab,Metallica,90s metal,-1,113.493185,2017,2025,exact_normalized_name,matched
Metallica,65f4f0c5-ef9e-490c-aee3-909e7ae6b2ab,Metallica,américain,-1,113.493185,2017,2025,exact_normalized_name,matched
Metallica,65f4f0c5-ef9e-490c-aee3-909e7ae6b2ab,Metallica,amerikansk,-1,113.493185,2017,2025,exact_normalized_name,matched
Metallica,65f4f0c5-ef9e-490c-aee3-909e7ae6b2ab,Metallica,california,-1,113.493185,2017,2025,exact_normalized_name,matched
Metallica,65f4f0c5-ef9e-490c-aee3-909e7ae6b2ab,Metallica,estados unidos,-1,113.493185,2017,2025,exact_normalized_name,matched
Metallica,65f4f0c5-ef9e-490c-aee3-909e7ae6b2ab,Metallica,michael moers,-1,113.493185,2017,2025,exact_normalized_name,matched
Metallica,65f4f0c5-ef9e-490c-aee3-909e7ae6b2ab,Metallica,old school thrash,-1,113.493185,2017,2025,exact_normalized_name,matched
Metallica,65f4f0c5-ef9e-490c-aee3-909e7ae6b2ab,Metallica,pessimistic,-1,113.493185,2017,2025,exact_normalized_name,matched
Metallica,65f4f0c5-ef9e-490c-aee3-909e7ae6b2ab,Metallica,political,-1,113.493185,2017,2025,exact_normalized_name,matched
Metallica,65f4f0c5-ef9e-490c-aee3-909e7ae6b2ab,Metallica,progressive metal,-1,113.493185,2017,2025,exact_normalized_name,matched
Metallica,65f4f0c5-ef9e-490c-aee3-909e7ae6b2ab,Metallica,progressive thrash metal,-1,113.493185,2017,2025,exact_normalized_name,matched
Metallica,65f4f0c5-ef9e-490c-aee3-909e7ae6b2ab,Metallica,speed metal,-1,113.493185,2017,2025,exact_normalized_name,matched
Metallica,65f4f0c5-ef9e-490c-aee3-909e7ae6b2ab,Metallica,united states,-1,113.493185,2017,2025,exact_normalized_name,matched
Metallica,65f4f0c5-ef9e-490c-aee3-909e7ae6b2ab,Metallica,usa,-1,113.493185,2017,2025,exact_normalized_name,matched
Metallica,65f4f0c5-ef9e-490c-aee3-909e7ae6b2ab,Metallica,80s metal,-2,113.493185,2017,2025,exact_normalized_name,matched
Metallica,65f4f0c5-ef9e-490c-aee3-909e7ae6b2ab,Metallica,80s thrash metal,-2,113.493185,2017,2025,exact_normalized_name,matched
Metallica,65f4f0c5-ef9e-490c-aee3-909e7ae6b2ab,Metallica,alternative rock,-2,113.493185,2017,2025,exact_normalized_name,matched
Metallica,65f4f0c5-ef9e-490c-aee3-909e7ae6b2ab,Metallica,american thrash metal,-2,113.493185,2017,2025,exact_normalized_name,matched
Metallica,65f4f0c5-ef9e-490c-aee3-909e7ae6b2ab,Metallica,pop metal,-2,113.493185,2017,2025,exact_normalized_name,matched
Metallica,65f4f0c5-ef9e-490c-aee3-909e7ae6b2ab,Metallica,alternative metal,-3,113.493185,2017,2025,exact_normalized_name,matched
Metallica,65f4f0c5-ef9e-490c-aee3-909e7ae6b2ab,Metallica,groove metal,-3,113.493185,2017,2025,exact_normalized_name,matched
Metallica,65f4f0c5-ef9e-490c-aee3-909e7ae6b2ab,Metallica,megadeth,-3,113.493185,2017,2025,exact_normalized_name,matched
Metallica,65f4f0c5-ef9e-490c-aee3-909e7ae6b2ab,Metallica,southern metal,-3,113.493185,2017,2025,exact_normalized_name,matched
Metallica,65f4f0c5-ef9e-490c-aee3-909e7ae6b2ab,Metallica,thrash,-3,113.493185,2017,2025,exact_normalized_name,matched
Metallica,65f4f0c5-ef9e-490c-aee3-909e7ae6b2ab,Metallica,traditional heavy metal,-3,113.493185,2017,2025,exact_normalized_name,matched
Metallica,65f4f0c5-ef9e-490c-aee3-909e7ae6b2ab,Metallica,80s,-4,113.493185,2017,2025,exact_normalized_name,matched
Metallica,65f4f0c5-ef9e-490c-aee3-909e7ae6b2ab,Metallica,90s,-4,113.493185,2017,2025,exact_normalized_name,matched
Metallica,65f4f0c5-ef9e-490c-aee3-909e7ae6b2ab,Metallica,a bit overrated,-4,113.493185,2017,2025,exact_normalized_name,matched
Metallica,65f4f0c5-ef9e-490c-aee3-909e7ae6b2ab,Metallica,a filk artist,-4,113.493185,2017,2025,exact_normalized_name,matched
Metallica,65f4f0c5-ef9e-490c-aee3-909e7ae6b2ab,Metallica,band,-4,113.493185,2017,2025,exact_normalized_name,matched
Metallica,65f4f0c5-ef9e-490c-aee3-909e7ae6b2ab,Metallica,blues rock,-4,113.493185,2017,2025,exact_normalized_name,matched
Metallica,65f4f0c5-ef9e-490c-aee3-909e7ae6b2ab,Metallica,classic metal,-4,113.493185,2017,2025,exact_normalized_name,matched
Metallica,65f4f0c5-ef9e-490c-aee3-909e7ae6b2ab,Metallica,classic thrash metal,-4,113.493185,2017,2025,exact_normalized_name,matched
Metallica,65f4f0c5-ef9e-490c-aee3-909e7ae6b2ab,Metallica,destroyer,-4,113.493185,2017,2025,exact_normalized_name,matched
Metallica,65f4f0c5-ef9e-490c-aee3-909e7ae6b2ab,Metallica,grunge,-4,113.493185,2017,2025,exact_normalized_name,matched
Metallica,65f4f0c5-ef9e-490c-aee3-909e7ae6b2ab,Metallica,hard'n'heavy,-4,113.493185,2017,2025,exact_normalized_name,matched
Metallica,65f4f0c5-ef9e-490c-aee3-909e7ae6b2ab,Metallica,los angeles,-4,113.493185,2017,2025,exact_normalized_name,matched
Metallica,65f4f0c5-ef9e-490c-aee3-909e7ae6b2ab,Metallica,nu metal,-4,113.493185,2017,2025,exact_normalized_name,matched
Metallica,65f4f0c5-ef9e-490c-aee3-909e7ae6b2ab,Metallica,symphonic metal,-4,113.493185,2017,2025,exact_normalized_name,matched
Metallica,65f4f0c5-ef9e-490c-aee3-909e7ae6b2ab,Metallica,teen metal,-4,113.493185,2017,2025,exact_normalized_name,matched
Metallica,65f4f0c5-ef9e-490c-aee3-909e7ae6b2ab,Metallica,the unforgiving,-5,113.493185,2017,2025,exact_normalized_name,matched
Metallica,65f4f0c5-ef9e-490c-aee3-909e7ae6b2ab,Metallica,trash metal,-5,113.493185,2017,2025,exact_normalized_name,matched
Metallica,65f4f0c5-ef9e-490c-aee3-909e7ae6b2ab,Metallica,crap,-6,113.493185,2017,2025,exact_normalized_name,matched
Metallica,65f4f0c5-ef9e-490c-aee3-909e7ae6b2ab,Metallica,lame,-6,113.493185,2017,2025,exact_normalized_name,matched
Metallica,65f4f0c5-ef9e-490c-aee3-909e7ae6b2ab,Metallica,metallica,-6,113.493185,2017,2025,exact_normalized_name,matched
Metallica,65f4f0c5-ef9e-490c-aee3-909e7ae6b2ab,Metallica,pompous asses,-6,113.493185,2017,2025,exact_normalized_name,matched
Metallica,65f4f0c5-ef9e-490c-aee3-909e7ae6b2ab,Metallica,rock and indie,-6,113.493185,2017,2025,exact_normalized_name,matched
Metallica,65f4f0c5-ef9e-490c-aee3-909e7ae6b2ab,Metallica,seen live,-6,113.493185,2017,2025,exact_normalized_name,matched
Metallica,65f4f0c5-ef9e-490c-aee3-909e7ae6b2ab,Metallica,stopped being good after '88,-6,113.493185,2017,2025,exact_normalized_name,matched
Metallica,65f4f0c5-ef9e-490c-aee3-909e7ae6b2ab,Metallica,stopped being good after '97,-6,113.493185,2017,2025,exact_normalized_name,matched
Metallica,65f4f0c5-ef9e-490c-aee3-909e7ae6b2ab,Metallica,trash,-6,113.493185,2017,2025,exact_normalized_name,matched
Metallica,65f4f0c5-ef9e-490c-aee3-909e7ae6b2ab,Metallica,douchebag metal,-7,113.493185,2017,2025,exact_normalized_name,matched
Eric Clapton,618b6900-0618-4f1e-b835-bccb17f84294,Eric Clapton,blues,14,102.341209,2017,2025,exact_normalized_name,matched
Eric Clapton,618b6900-0618-4f1e-b835-bccb17f84294,Eric Clapton,blues rock,12,102.341209,2017,2025,exact_normalized_name,matched
Eric Clapton,618b6900-0618-4f1e-b835-bccb17f84294,Eric Clapton,rock,9,102.341209,2017,2025,exact_normalized_name,matched
Eric Clapton,618b6900-0618-4f1e-b835-bccb17f84294,Eric Clapton,guitar,1,102.341209,2017,2025,exact_normalized_name,matched
Eric Clapton,618b6900-0618-4f1e-b835-bccb17f84294,Eric Clapton,guitarists,1,102.341209,2017,2025,exact_normalized_name,matched
Eric Clapton,618b6900-0618-4f1e-b835-bccb17f84294,Eric Clapton,soft rock,1,102.341209,2017,2025,exact_normalized_name,matched
Eric Clapton,618b6900-0618-4f1e-b835-bccb17f84294,Eric Clapton,2008 universal fire victim,0,102.341209,2017,2025,exact_normalized_name,matched
Eric Clapton,618b6900-0618-4f1e-b835-bccb17f84294,Eric Clapton,acoustic blues,0,102.341209,2017,2025,exact_normalized_name,matched
Eric Clapton,618b6900-0618-4f1e-b835-bccb17f84294,Eric Clapton,british,0,102.341209,2017,2025,exact_normalized_name,matched
Eric Clapton,618b6900-0618-4f1e-b835-bccb17f84294,Eric Clapton,british blues,0,102.341209,2017,2025,exact_normalized_name,matched
Eric Clapton,618b6900-0618-4f1e-b835-bccb17f84294,Eric Clapton,british rhythm & blues,0,102.341209,2017,2025,exact_normalized_name,matched
Eric Clapton,618b6900-0618-4f1e-b835-bccb17f84294,Eric Clapton,electric blues,0,102.341209,2017,2025,exact_normalized_name,matched
Eric Clapton,618b6900-0618-4f1e-b835-bccb17f84294,Eric Clapton,hard rock,0,102.341209,2017,2025,exact_normalized_name,matched
Eric Clapton,618b6900-0618-4f1e-b835-bccb17f84294,Eric Clapton,has german audiobooks,0,102.341209,2017,2025,exact_normalized_name,matched
Eric Clapton,618b6900-0618-4f1e-b835-bccb17f84294,Eric Clapton,montreux,0,102.341209,2017,2025,exact_normalized_name,matched
Eric Clapton,618b6900-0618-4f1e-b835-bccb17f84294,Eric Clapton,pop,0,102.341209,2017,2025,exact_normalized_name,matched
Eric Clapton,618b6900-0618-4f1e-b835-bccb17f84294,Eric Clapton,pop rock,0,102.341209,2017,2025,exact_normalized_name,matched
Eric Clapton,618b6900-0618-4f1e-b835-bccb17f84294,Eric Clapton,pop/rock,0,102.341209,2017,2025,exact_normalized_name,matched
Eric Clapton,618b6900-0618-4f1e-b835-bccb17f84294,Eric Clapton,psychedelic rock,0,102.341209,2017,2025,exact_normalized_name,matched
Eric Clapton,618b6900-0618-4f1e-b835-bccb17f84294,Eric Clapton,reggae,0,102.341209,2017,2025,exact_normalized_name,matched
Eric Clapton,618b6900-0618-4f1e-b835-bccb17f84294,Eric Clapton,24 nights,-1,102.341209,2017,2025,exact_normalized_name,matched
Eric Clapton,618b6900-0618-4f1e-b835-bccb17f84294,Eric Clapton,clapton,-1,102.341209,2017,2025,exact_normalized_name,matched
Eric Clapton,618b6900-0618-4f1e-b835-bccb17f84294,Eric Clapton,classic pop and rock,-1,102.341209,2017,2025,exact_normalized_name,matched
Eric Clapton,618b6900-0618-4f1e-b835-bccb17f84294,Eric Clapton,eric clapton,-1,102.341209,2017,2025,exact_normalized_name,matched
Eric Clapton,618b6900-0618-4f1e-b835-bccb17f84294,Eric Clapton,immortal,-1,102.341209,2017,2025,exact_normalized_name,matched
KEVIN ROLDAN,63a94fb2-e193-40a9-b738-1a6b0dfe851a,Kevin Roldán,reggaeton,2,81.366976,2017,2025,exact_normalized_name,matched
KEVIN ROLDAN,63a94fb2-e193-40a9-b738-1a6b0dfe851a,Kevin Roldán,latin,1,81.366976,2017,2025,exact_normalized_name,matched
KEVIN ROLDAN,63a94fb2-e193-40a9-b738-1a6b0dfe851a,Kevin Roldán,latin urban,1,81.366976,2017,2025,exact_normalized_name,matched
KEVIN ROLDAN,63a94fb2-e193-40a9-b738-1a6b0dfe851a,Kevin Roldán,bonita,0,81.366976,2017,2025,exact_normalized_name,matched
KEVIN ROLDAN,63a94fb2-e193-40a9-b738-1a6b0dfe851a,Kevin Roldán,contigo,0,81.366976,2017,2025,exact_normalized_name,matched
KEVIN ROLDAN,63a94fb2-e193-40a9-b738-1a6b0dfe851a,Kevin Roldán,eres mi droga,0,81.366976,2017,2025,exact_normalized_name,matched
KEVIN ROLDAN,63a94fb2-e193-40a9-b738-1a6b0dfe851a,Kevin Roldán,kevin roldan,0,81.366976,2017,2025,exact_normalized_name,matched
KEVIN ROLDAN,63a94fb2-e193-40a9-b738-1a6b0dfe851a,Kevin Roldán,kr,0,81.366976,2017,2025,exact_normalized_name,matched
KEVIN ROLDAN,63a94fb2-e193-40a9-b738-1a6b0dfe851a,Kevin Roldán,si no te enamoras,0,81.366976,2017,2025,exact_normalized_name,matched
Cosculluela,2deb0058-8571-4f57-8470-1e63cdc9ef98,Cosculluela,reggaeton,2,67.822593,2017,2025,exact_normalized_name,matched
Cosculluela,2deb0058-8571-4f57-8470-1e63cdc9ef98,Cosculluela,hip hop,1,67.822593,2017,2025,exact_normalized_name,matched
Cosculluela,2deb0058-8571-4f57-8470-1e63cdc9ef98,Cosculluela,trap latino,1,67.822593,2017,2025,exact_normalized_name,matched
Cosculluela,2deb0058-8571-4f57-8470-1e63cdc9ef98,Cosculluela,el principe,0,67.822593,2017,2025,exact_normalized_name,matched
El Rodri,,,,,64.283396,2021,2025,no_result,not_found
J Balvin,5bdeb32d-56a5-4b6d-a768-264101fa0a0a,J Balvin,reggaeton,9,55.29899,2017,2025,exact_normalized_name,matched
J Balvin,5bdeb32d-56a5-4b6d-a768-264101fa0a0a,J Balvin,hip hop,6,55.29899,2017,2025,exact_normalized_name,matched
J Balvin,5bdeb32d-56a5-4b6d-a768-264101fa0a0a,J Balvin,latin,5,55.29899,2017,2025,exact_normalized_name,matched
J Balvin,5bdeb32d-56a5-4b6d-a768-264101fa0a0a,J Balvin,latin pop,2,55.29899,2017,2025,exact_normalized_name,matched
J Balvin,5bdeb32d-56a5-4b6d-a768-264101fa0a0a,J Balvin,pop,2,55.29899,2017,2025,exact_normalized_name,matched
J Balvin,5bdeb32d-56a5-4b6d-a768-264101fa0a0a,J Balvin,columbia,0,55.29899,2017,2025,exact_normalized_name,matched
J Balvin,5bdeb32d-56a5-4b6d-a768-264101fa0a0a,J Balvin,spanish,0,55.29899,2017,2025,exact_normalized_name,matched
J Balvin,5bdeb32d-56a5-4b6d-a768-264101fa0a0a,J Balvin,kolumbien,-1,55.29899,2017,2025,exact_normalized_name,matched
J Balvin,5bdeb32d-56a5-4b6d-a768-264101fa0a0a,J Balvin,latin urban,-1,55.29899,2017,2025,exact_normalized_name,matched
J Balvin,5bdeb32d-56a5-4b6d-a768-264101fa0a0a,J Balvin,rnb,-1,55.29899,2017,2025,exact_normalized_name,matched
J Balvin,5bdeb32d-56a5-4b6d-a768-264101fa0a0a,J Balvin,spanisch,-1,55.29899,2017,2025,exact_normalized_name,matched
50 Cent,8e68819d-71be-4e7d-b41d-f1df81b01d3f,50 Cent,hip hop,12,55.12691,2017,2025,exact_normalized_name,matched
50 Cent,8e68819d-71be-4e7d-b41d-f1df81b01d3f,50 Cent,east coast hip hop,6,55.12691,2017,2025,exact_normalized_name,matched
50 Cent,8e68819d-71be-4e7d-b41d-f1df81b01d3f,50 Cent,gangsta rap,5,55.12691,2017,2025,exact_normalized_name,matched
50 Cent,8e68819d-71be-4e7d-b41d-f1df81b01d3f,50 Cent,pop rap,3,55.12691,2017,2025,exact_normalized_name,matched
50 Cent,8e68819d-71be-4e7d-b41d-f1df81b01d3f,50 Cent,rap,3,55.12691,2017,2025,exact_normalized_name,matched
50 Cent,8e68819d-71be-4e7d-b41d-f1df81b01d3f,50 Cent,hardcore hip hop,2,55.12691,2017,2025,exact_normalized_name,matched
50 Cent,8e68819d-71be-4e7d-b41d-f1df81b01d3f,50 Cent,amerie,1,55.12691,2017,2025,exact_normalized_name,matched
50 Cent,8e68819d-71be-4e7d-b41d-f1df81b01d3f,50 Cent,best rapper,1,55.12691,2017,2025,exact_normalized_name,matched
50 Cent,8e68819d-71be-4e7d-b41d-f1df81b01d3f,50 Cent,dr dre,1,55.12691,2017,2025,exact_normalized_name,matched
50 Cent,8e68819d-71be-4e7d-b41d-f1df81b01d3f,50 Cent,eminem,1,55.12691,2017,2025,exact_normalized_name,matched
50 Cent,8e68819d-71be-4e7d-b41d-f1df81b01d3f,50 Cent,film,1,55.12691,2017,2025,exact_normalized_name,matched
50 Cent,8e68819d-71be-4e7d-b41d-f1df81b01d3f,50 Cent,g-unit,1,55.12691,2017,2025,exact_normalized_name,matched
50 Cent,8e68819d-71be-4e7d-b41d-f1df81b01d3f,50 Cent,get rich or die tryin',1,55.12691,2017,2025,exact_normalized_name,matched
50 Cent,8e68819d-71be-4e7d-b41d-f1df81b01d3f,50 Cent,many men,1,55.12691,2017,2025,exact_normalized_name,matched
50 Cent,8e68819d-71be-4e7d-b41d-f1df81b01d3f,50 Cent,self made millionaire,1,55.12691,2017,2025,exact_normalized_name,matched
50 Cent,8e68819d-71be-4e7d-b41d-f1df81b01d3f,50 Cent,southern hip hop,1,55.12691,2017,2025,exact_normalized_name,matched
50 Cent,8e68819d-71be-4e7d-b41d-f1df81b01d3f,50 Cent,sxsw,1,55.12691,2017,2025,exact_normalized_name,matched
50 Cent,8e68819d-71be-4e7d-b41d-f1df81b01d3f,50 Cent,tony yayo,1,55.12691,2017,2025,exact_normalized_name,matched
50 Cent,8e68819d-71be-4e7d-b41d-f1df81b01d3f,50 Cent,top 10,1,55.12691,2017,2025,exact_normalized_name,matched
50 Cent,8e68819d-71be-4e7d-b41d-f1df81b01d3f,50 Cent,top 100,1,55.12691,2017,2025,exact_normalized_name,matched
50 Cent,8e68819d-71be-4e7d-b41d-f1df81b01d3f,50 Cent,top 5,1,55.12691,2017,2025,exact_normalized_name,matched
50 Cent,8e68819d-71be-4e7d-b41d-f1df81b01d3f,50 Cent,top 50,1,55.12691,2017,2025,exact_normalized_name,matched
50 Cent,8e68819d-71be-4e7d-b41d-f1df81b01d3f,50 Cent,trap,1,55.12691,2017,2025,exact_normalized_name,matched
50 Cent,8e68819d-71be-4e7d-b41d-f1df81b01d3f,50 Cent,tv,1,55.12691,2017,2025,exact_normalized_name,matched
50 Cent,8e68819d-71be-4e7d-b41d-f1df81b01d3f,50 Cent,tyler perry,1,55.12691,2017,2025,exact_normalized_name,matched
50 Cent,8e68819d-71be-4e7d-b41d-f1df81b01d3f,50 Cent,2000s,0,55.12691,2017,2025,exact_normalized_name,matched
50 Cent,8e68819d-71be-4e7d-b41d-f1df81b01d3f,50 Cent,2008 universal fire victim,0,55.12691,2017,2025,exact_normalized_name,matched
50 Cent,8e68819d-71be-4e7d-b41d-f1df81b01d3f,50 Cent,criminal,0,55.12691,2017,2025,exact_normalized_name,matched
50 Cent,8e68819d-71be-4e7d-b41d-f1df81b01d3f,50 Cent,english,0,55.12691,2017,2025,exact_normalized_name,matched
50 Cent,8e68819d-71be-4e7d-b41d-f1df81b01d3f,50 Cent,gangster rap,0,55.12691,2017,2025,exact_normalized_name,matched
50 Cent,8e68819d-71be-4e7d-b41d-f1df81b01d3f,50 Cent,hip hop rnb and dance hall,0,55.12691,2017,2025,exact_normalized_name,matched
50 Cent,8e68819d-71be-4e7d-b41d-f1df81b01d3f,50 Cent,hip-hop,0,55.12691,2017,2025,exact_normalized_name,matched
50 Cent,8e68819d-71be-4e7d-b41d-f1df81b01d3f,50 Cent,hip-hop/rap,0,55.12691,2017,2025,exact_normalized_name,matched
50 Cent,8e68819d-71be-4e7d-b41d-f1df81b01d3f,50 Cent,relic inn,0,55.12691,2017,2025,exact_normalized_name,matched
50 Cent,8e68819d-71be-4e7d-b41d-f1df81b01d3f,50 Cent,seen live,0,55.12691,2017,2025,exact_normalized_name,matched
Ozuna,f2651b63-a44d-4d1d-ba64-d981d971ecd1,Ozuna,reggaeton,3,47.823888,2017,2025,exact_normalized_name,matched
Ozuna,f2651b63-a44d-4d1d-ba64-d981d971ecd1,Ozuna,latin,1,47.823888,2017,2025,exact_normalized_name,matched
Ozuna,f2651b63-a44d-4d1d-ba64-d981d971ecd1,Ozuna,latin trap,1,47.823888,2017,2025,exact_normalized_name,matched
Ozuna,f2651b63-a44d-4d1d-ba64-d981d971ecd1,Ozuna,latin urban,1,47.823888,2017,2025,exact_normalized_name,matched
Ozuna,f2651b63-a44d-4d1d-ba64-d981d971ecd1,Ozuna,trap latino,1,47.823888,2017,2025,exact_normalized_name,matched
Bryant Myers,89fe777e-8d33-411d-9fe9-027f67c1e8f1,Bryant Myers,latin urban,1,44.739458,2017,2025,exact_normalized_name,matched
Bryant Myers,89fe777e-8d33-411d-9fe9-027f67c1e8f1,Bryant Myers,reggaeton,1,44.739458,2017,2025,exact_normalized_name,matched
Bryant Myers,89fe777e-8d33-411d-9fe9-027f67c1e8f1,Bryant Myers,trap,1,44.739458,2017,2025,exact_normalized_name,matched
Bryant Myers,89fe777e-8d33-411d-9fe9-027f67c1e8f1,Bryant Myers,trap latino,1,44.739458,2017,2025,exact_normalized_name,matched
Phil Collins,401c3991-b76b-499d-8082-9f2df958ef78,Phil Collins,soft rock,7,43.634407,2017,2025,exact_normalized_name,matched
Phil Collins,401c3991-b76b-499d-8082-9f2df958ef78,Phil Collins,pop,5,43.634407,2017,2025,exact_normalized_name,matched
Phil Collins,401c3991-b76b-499d-8082-9f2df958ef78,Phil Collins,pop rock,5,43.634407,2017,2025,exact_normalized_name,matched
Phil Collins,401c3991-b76b-499d-8082-9f2df958ef78,Phil Collins,rock,5,43.634407,2017,2025,exact_normalized_name,matched
Phil Collins,401c3991-b76b-499d-8082-9f2df958ef78,Phil Collins,adult contemporary,3,43.634407,2017,2025,exact_normalized_name,matched
Phil Collins,401c3991-b76b-499d-8082-9f2df958ef78,Phil Collins,aor,1,43.634407,2017,2025,exact_normalized_name,matched
Phil Collins,401c3991-b76b-499d-8082-9f2df958ef78,Phil Collins,art pop,1,43.634407,2017,2025,exact_normalized_name,matched
Phil Collins,401c3991-b76b-499d-8082-9f2df958ef78,Phil Collins,british,1,43.634407,2017,2025,exact_normalized_name,matched
Phil Collins,401c3991-b76b-499d-8082-9f2df958ef78,Phil Collins,easy listening,1,43.634407,2017,2025,exact_normalized_name,matched
Phil Collins,401c3991-b76b-499d-8082-9f2df958ef78,Phil Collins,pop soul,1,43.634407,2017,2025,exact_normalized_name,matched
Phil Collins,401c3991-b76b-499d-8082-9f2df958ef78,Phil Collins,progressive pop,1,43.634407,2017,2025,exact_normalized_name,matched
Phil Collins,401c3991-b76b-499d-8082-9f2df958ef78,Phil Collins,progressive rock,1,43.634407,2017,2025,exact_normalized_name,matched
Phil Collins,401c3991-b76b-499d-8082-9f2df958ef78,Phil Collins,sophisti-pop,1,43.634407,2017,2025,exact_normalized_name,matched
Phil Collins,401c3991-b76b-499d-8082-9f2df958ef78,Phil Collins,synth-pop,1,43.634407,2017,2025,exact_normalized_name,matched
Phil Collins,401c3991-b76b-499d-8082-9f2df958ef78,Phil Collins,blue-eyed soul,0,43.634407,2017,2025,exact_normalized_name,matched
Phil Collins,401c3991-b76b-499d-8082-9f2df958ef78,Phil Collins,classic pop and rock,0,43.634407,2017,2025,exact_normalized_name,matched
Phil Collins,401c3991-b76b-499d-8082-9f2df958ef78,Phil Collins,english,0,43.634407,2017,2025,exact_normalized_name,matched
Phil Collins,401c3991-b76b-499d-8082-9f2df958ef78,Phil Collins,jazz,0,43.634407,2017,2025,exact_normalized_name,matched
Phil Collins,401c3991-b76b-499d-8082-9f2df958ef78,Phil Collins,phil collins hits cd2,0,43.634407,2017,2025,exact_normalized_name,matched
Phil Collins,401c3991-b76b-499d-8082-9f2df958ef78,Phil Collins,uk,0,43.634407,2017,2025,exact_normalized_name,matched
J Alvarez,75b8a771-52a3-49a0-b2b6-993ed1250dfa,J Álvarez,reggaeton,3,38.230484,2017,2025,exact_normalized_name,matched
J Alvarez,75b8a771-52a3-49a0-b2b6-993ed1250dfa,J Álvarez,latin,1,38.230484,2017,2025,exact_normalized_name,matched
J Alvarez,75b8a771-52a3-49a0-b2b6-993ed1250dfa,J Álvarez,latin urban,1,38.230484,2017,2025,exact_normalized_name,matched
De La Ghetto,7fb4a3df-377c-41c0-91ee-f286ecca1e0f,De La Ghetto,latin,1,36.120142,2017,2025,exact_normalized_name,matched
De La Ghetto,7fb4a3df-377c-41c0-91ee-f286ecca1e0f,De La Ghetto,latin urban,1,36.120142,2017,2025,exact_normalized_name,matched
De La Ghetto,7fb4a3df-377c-41c0-91ee-f286ecca1e0f,De La Ghetto,reggaeton,1,36.120142,2017,2025,exact_normalized_name,matched
Brytiago,86e4ae25-f45b-4c52-904d-94c0004f907e,Brytiago,latin,2,35.746099,2017,2025,exact_normalized_name,matched
Brytiago,86e4ae25-f45b-4c52-904d-94c0004f907e,Brytiago,reggaeton,2,35.746099,2017,2025,exact_normalized_name,matched
Brytiago,86e4ae25-f45b-4c52-904d-94c0004f907e,Brytiago,trap latino,2,35.746099,2017,2025,exact_normalized_name,matched
Brytiago,86e4ae25-f45b-4c52-904d-94c0004f907e,Brytiago,latin dance,1,35.746099,2017,2025,exact_normalized_name,matched
Brytiago,86e4ae25-f45b-4c52-904d-94c0004f907e,Brytiago,latin pop,1,35.746099,2017,2025,exact_normalized_name,matched
Brytiago,86e4ae25-f45b-4c52-904d-94c0004f907e,Brytiago,trap,1,35.746099,2017,2025,exact_normalized_name,matched
Brytiago,86e4ae25-f45b-4c52-904d-94c0004f907e,Brytiago,trap (latin),1,35.746099,2017,2025,exact_normalized_name,matched
Brytiago,86e4ae25-f45b-4c52-904d-94c0004f907e,Brytiago,urbano latino,1,35.746099,2017,2025,exact_normalized_name,matched
Cuartero,ca6a3415-87c9-443f-a8c6-77a7c68f9f71,Cuartero,tech house,1,35.481462,2017,2024,exact_normalized_name,matched
Arcángel,47e7833f-f1a7-4703-942d-9acf12f39a1d,Arcángel,latin,2,35.116501,2017,2025,exact_normalized_name,matched
Arcángel,47e7833f-f1a7-4703-942d-9acf12f39a1d,Arcángel,latin urban,2,35.116501,2017,2025,exact_normalized_name,matched
Arcángel,47e7833f-f1a7-4703-942d-9acf12f39a1d,Arcángel,reggaeton,2,35.116501,2017,2025,exact_normalized_name,matched
Arcángel,47e7833f-f1a7-4703-942d-9acf12f39a1d,Arcángel,trap latino,1,35.116501,2017,2025,exact_normalized_name,matched
Nirvana,5b11f4ce-a62d-471e-81fc-a69a8278c7da,Nirvana,grunge,66,32.543552,2017,2025,exact_normalized_name,matched
Nirvana,5b11f4ce-a62d-471e-81fc-a69a8278c7da,Nirvana,alternative rock,29,32.543552,2017,2025,exact_normalized_name,matched
Nirvana,5b11f4ce-a62d-471e-81fc-a69a8278c7da,Nirvana,rock,25,32.543552,2017,2025,exact_normalized_name,matched
Nirvana,5b11f4ce-a62d-471e-81fc-a69a8278c7da,Nirvana,noise rock,12,32.543552,2017,2025,exact_normalized_name,matched
Nirvana,5b11f4ce-a62d-471e-81fc-a69a8278c7da,Nirvana,acoustic rock,8,32.543552,2017,2025,exact_normalized_name,matched
Nirvana,5b11f4ce-a62d-471e-81fc-a69a8278c7da,Nirvana,american,8,32.543552,2017,2025,exact_normalized_name,matched
Nirvana,5b11f4ce-a62d-471e-81fc-a69a8278c7da,Nirvana,seattle,6,32.543552,2017,2025,exact_normalized_name,matched
Nirvana,5b11f4ce-a62d-471e-81fc-a69a8278c7da,Nirvana,90s,4,32.543552,2017,2025,exact_normalized_name,matched
Nirvana,5b11f4ce-a62d-471e-81fc-a69a8278c7da,Nirvana,sludge metal,3,32.543552,2017,2025,exact_normalized_name,matched
Nirvana,5b11f4ce-a62d-471e-81fc-a69a8278c7da,Nirvana,usa,2,32.543552,2017,2025,exact_normalized_name,matched
Nirvana,5b11f4ce-a62d-471e-81fc-a69a8278c7da,Nirvana,alternative,1,32.543552,2017,2025,exact_normalized_name,matched
Nirvana,5b11f4ce-a62d-471e-81fc-a69a8278c7da,Nirvana,alternative metal,1,32.543552,2017,2025,exact_normalized_name,matched
Nirvana,5b11f4ce-a62d-471e-81fc-a69a8278c7da,Nirvana,alternative pop,1,32.543552,2017,2025,exact_normalized_name,matched
Nirvana,5b11f4ce-a62d-471e-81fc-a69a8278c7da,Nirvana,alternative/indie rock,1,32.543552,2017,2025,exact_normalized_name,matched
Nirvana,5b11f4ce-a62d-471e-81fc-a69a8278c7da,Nirvana,ambient,1,32.543552,2017,2025,exact_normalized_name,matched
Nirvana,5b11f4ce-a62d-471e-81fc-a69a8278c7da,Nirvana,conscious hip hop,1,32.543552,2017,2025,exact_normalized_name,matched
Nirvana,5b11f4ce-a62d-471e-81fc-a69a8278c7da,Nirvana,diy,1,32.543552,2017,2025,exact_normalized_name,matched
Nirvana,5b11f4ce-a62d-471e-81fc-a69a8278c7da,Nirvana,electronic,1,32.543552,2017,2025,exact_normalized_name,matched
Nirvana,5b11f4ce-a62d-471e-81fc-a69a8278c7da,Nirvana,estados unidos,1,32.543552,2017,2025,exact_normalized_name,matched
Nirvana,5b11f4ce-a62d-471e-81fc-a69a8278c7da,Nirvana,ethereal,1,32.543552,2017,2025,exact_normalized_name,matched
Nirvana,5b11f4ce-a62d-471e-81fc-a69a8278c7da,Nirvana,ethnic,1,32.543552,2017,2025,exact_normalized_name,matched
Nirvana,5b11f4ce-a62d-471e-81fc-a69a8278c7da,Nirvana,experimental,1,32.543552,2017,2025,exact_normalized_name,matched
Nirvana,5b11f4ce-a62d-471e-81fc-a69a8278c7da,Nirvana,grunge rock,1,32.543552,2017,2025,exact_normalized_name,matched
Nirvana,5b11f4ce-a62d-471e-81fc-a69a8278c7da,Nirvana,hip hop,1,32.543552,2017,2025,exact_normalized_name,matched
Nirvana,5b11f4ce-a62d-471e-81fc-a69a8278c7da,Nirvana,instrumental beats,1,32.543552,2017,2025,exact_normalized_name,matched
Nirvana,5b11f4ce-a62d-471e-81fc-a69a8278c7da,Nirvana,instrumental hip hop,1,32.543552,2017,2025,exact_normalized_name,matched
Nirvana,5b11f4ce-a62d-471e-81fc-a69a8278c7da,Nirvana,meditative,1,32.543552,2017,2025,exact_normalized_name,matched
Nirvana,5b11f4ce-a62d-471e-81fc-a69a8278c7da,Nirvana,new age,1,32.543552,2017,2025,exact_normalized_name,matched
Nirvana,5b11f4ce-a62d-471e-81fc-a69a8278c7da,Nirvana,pigfuck,1,32.543552,2017,2025,exact_normalized_name,matched
Nirvana,5b11f4ce-a62d-471e-81fc-a69a8278c7da,Nirvana,pop,1,32.543552,2017,2025,exact_normalized_name,matched
Nirvana,5b11f4ce-a62d-471e-81fc-a69a8278c7da,Nirvana,post-hardcore,1,32.543552,2017,2025,exact_normalized_name,matched
Nirvana,5b11f4ce-a62d-471e-81fc-a69a8278c7da,Nirvana,psychedelic pop,1,32.543552,2017,2025,exact_normalized_name,matched
Nirvana,5b11f4ce-a62d-471e-81fc-a69a8278c7da,Nirvana,psytrance,1,32.543552,2017,2025,exact_normalized_name,matched
Nirvana,5b11f4ce-a62d-471e-81fc-a69a8278c7da,Nirvana,punk,1,32.543552,2017,2025,exact_normalized_name,matched
Nirvana,5b11f4ce-a62d-471e-81fc-a69a8278c7da,Nirvana,punk rock,1,32.543552,2017,2025,exact_normalized_name,matched
Nirvana,5b11f4ce-a62d-471e-81fc-a69a8278c7da,Nirvana,underground hip hop,1,32.543552,2017,2025,exact_normalized_name,matched
Nirvana,5b11f4ce-a62d-471e-81fc-a69a8278c7da,Nirvana,united states,1,32.543552,2017,2025,exact_normalized_name,matched
Nirvana,5b11f4ce-a62d-471e-81fc-a69a8278c7da,Nirvana,2008 universal fire victim,0,32.543552,2017,2025,exact_normalized_name,matched
Nirvana,5b11f4ce-a62d-471e-81fc-a69a8278c7da,Nirvana,90,0,32.543552,2017,2025,exact_normalized_name,matched
Nirvana,5b11f4ce-a62d-471e-81fc-a69a8278c7da,Nirvana,américain,0,32.543552,2017,2025,exact_normalized_name,matched
Nirvana,5b11f4ce-a62d-471e-81fc-a69a8278c7da,Nirvana,band,0,32.543552,2017,2025,exact_normalized_name,matched
Nirvana,5b11f4ce-a62d-471e-81fc-a69a8278c7da,Nirvana,hard rock,0,32.543552,2017,2025,exact_normalized_name,matched
Nirvana,5b11f4ce-a62d-471e-81fc-a69a8278c7da,Nirvana,indie rock,0,32.543552,2017,2025,exact_normalized_name,matched
Nirvana,5b11f4ce-a62d-471e-81fc-a69a8278c7da,Nirvana,kurt cobain,0,32.543552,2017,2025,exact_normalized_name,matched
Nirvana,5b11f4ce-a62d-471e-81fc-a69a8278c7da,Nirvana,legendary,0,32.543552,2017,2025,exact_normalized_name,matched
Nirvana,5b11f4ce-a62d-471e-81fc-a69a8278c7da,Nirvana,nirvana,0,32.543552,2017,2025,exact_normalized_name,matched
Nirvana,5b11f4ce-a62d-471e-81fc-a69a8278c7da,Nirvana,northwest,0,32.543552,2017,2025,exact_normalized_name,matched
Nirvana,5b11f4ce-a62d-471e-81fc-a69a8278c7da,Nirvana,rock and indie,0,32.543552,2017,2025,exact_normalized_name,matched
Nirvana,5b11f4ce-a62d-471e-81fc-a69a8278c7da,Nirvana,cowpunk,-1,32.543552,2017,2025,exact_normalized_name,matched
Justin Quiles,e5fdb46c-eb73-4820-94ba-5dd5b35948cf,Justin Quiles,latin,1,31.293586,2017,2025,exact_normalized_name,matched
Justin Quiles,e5fdb46c-eb73-4820-94ba-5dd5b35948cf,Justin Quiles,latin urban,1,31.293586,2017,2025,exact_normalized_name,matched
Justin Quiles,e5fdb46c-eb73-4820-94ba-5dd5b35948cf,Justin Quiles,reggaeton,1,31.293586,2017,2025,exact_normalized_name,matched
JHAYCO,2b67658e-429f-425a-adf5-345b13112fc1,Jhayco,reggaeton,4,30.530975,2019,2025,exact_normalized_name,matched
JHAYCO,2b67658e-429f-425a-adf5-345b13112fc1,Jhayco,hip hop,2,30.530975,2019,2025,exact_normalized_name,matched
JHAYCO,2b67658e-429f-425a-adf5-345b13112fc1,Jhayco,trap latino,1,30.530975,2019,2025,exact_normalized_name,matched
JHAYCO,2b67658e-429f-425a-adf5-345b13112fc1,Jhayco,latin,0,30.530975,2019,2025,exact_normalized_name,matched
Almighty,7ca26727-4c4d-4211-a8c3-6461f591d9f2,Almighty,latin trap,1,27.411374,2017,2025,exact_normalized_name,matched
Almighty,7ca26727-4c4d-4211-a8c3-6461f591d9f2,Almighty,latin urban,1,27.411374,2017,2025,exact_normalized_name,matched
Megadeth,a9044915-8be3-4c7e-b11f-9e2d2ea0a91e,Megadeth,thrash metal,41,26.179144,2017,2025,exact_normalized_name,matched
Megadeth,a9044915-8be3-4c7e-b11f-9e2d2ea0a91e,Megadeth,heavy metal,18,26.179144,2017,2025,exact_normalized_name,matched
Megadeth,a9044915-8be3-4c7e-b11f-9e2d2ea0a91e,Megadeth,speed metal,9,26.179144,2017,2025,exact_normalized_name,matched
Megadeth,a9044915-8be3-4c7e-b11f-9e2d2ea0a91e,Megadeth,metal,8,26.179144,2017,2025,exact_normalized_name,matched
Megadeth,a9044915-8be3-4c7e-b11f-9e2d2ea0a91e,Megadeth,american,2,26.179144,2017,2025,exact_normalized_name,matched
Megadeth,a9044915-8be3-4c7e-b11f-9e2d2ea0a91e,Megadeth,old school thrash,2,26.179144,2017,2025,exact_normalized_name,matched
Megadeth,a9044915-8be3-4c7e-b11f-9e2d2ea0a91e,Megadeth,rock,1,26.179144,2017,2025,exact_normalized_name,matched
Megadeth,a9044915-8be3-4c7e-b11f-9e2d2ea0a91e,Megadeth,80's,0,26.179144,2017,2025,exact_normalized_name,matched
Megadeth,a9044915-8be3-4c7e-b11f-9e2d2ea0a91e,Megadeth,alternative metal,0,26.179144,2017,2025,exact_normalized_name,matched
Megadeth,a9044915-8be3-4c7e-b11f-9e2d2ea0a91e,Megadeth,estados unidos,0,26.179144,2017,2025,exact_normalized_name,matched
Megadeth,a9044915-8be3-4c7e-b11f-9e2d2ea0a91e,Megadeth,hard rock,0,26.179144,2017,2025,exact_normalized_name,matched
Megadeth,a9044915-8be3-4c7e-b11f-9e2d2ea0a91e,Megadeth,melodic thrash,0,26.179144,2017,2025,exact_normalized_name,matched
Megadeth,a9044915-8be3-4c7e-b11f-9e2d2ea0a91e,Megadeth,metallica,0,26.179144,2017,2025,exact_normalized_name,matched
Megadeth,a9044915-8be3-4c7e-b11f-9e2d2ea0a91e,Megadeth,american thrash metal,-1,26.179144,2017,2025,exact_normalized_name,matched
Megadeth,a9044915-8be3-4c7e-b11f-9e2d2ea0a91e,Megadeth,angry,-1,26.179144,2017,2025,exact_normalized_name,matched
Megadeth,a9044915-8be3-4c7e-b11f-9e2d2ea0a91e,Megadeth,california,-1,26.179144,2017,2025,exact_normalized_name,matched
Megadeth,a9044915-8be3-4c7e-b11f-9e2d2ea0a91e,Megadeth,energetic,-1,26.179144,2017,2025,exact_normalized_name,matched
Megadeth,a9044915-8be3-4c7e-b11f-9e2d2ea0a91e,Megadeth,melodic,-1,26.179144,2017,2025,exact_normalized_name,matched
Megadeth,a9044915-8be3-4c7e-b11f-9e2d2ea0a91e,Megadeth,political,-1,26.179144,2017,2025,exact_normalized_name,matched
Megadeth,a9044915-8be3-4c7e-b11f-9e2d2ea0a91e,Megadeth,sarcastic,-1,26.179144,2017,2025,exact_normalized_name,matched
Megadeth,a9044915-8be3-4c7e-b11f-9e2d2ea0a91e,Megadeth,stfu totally better than metallica,-1,26.179144,2017,2025,exact_normalized_name,matched
Megadeth,a9044915-8be3-4c7e-b11f-9e2d2ea0a91e,Megadeth,technical,-1,26.179144,2017,2025,exact_normalized_name,matched
Megadeth,a9044915-8be3-4c7e-b11f-9e2d2ea0a91e,Megadeth,united states,-1,26.179144,2017,2025,exact_normalized_name,matched
Megadeth,a9044915-8be3-4c7e-b11f-9e2d2ea0a91e,Megadeth,usa,-1,26.179144,2017,2025,exact_normalized_name,matched
Megadeth,a9044915-8be3-4c7e-b11f-9e2d2ea0a91e,Megadeth,bay area thrash metal,-2,26.179144,2017,2025,exact_normalized_name,matched
Megadeth,a9044915-8be3-4c7e-b11f-9e2d2ea0a91e,Megadeth,not as good as metallica,-2,26.179144,2017,2025,exact_normalized_name,matched
Megadeth,a9044915-8be3-4c7e-b11f-9e2d2ea0a91e,Megadeth,thrash,-2,26.179144,2017,2025,exact_normalized_name,matched
Megadeth,a9044915-8be3-4c7e-b11f-9e2d2ea0a91e,Megadeth,80s,-3,26.179144,2017,2025,exact_normalized_name,matched
Megadeth,a9044915-8be3-4c7e-b11f-9e2d2ea0a91e,Megadeth,classic metal,-3,26.179144,2017,2025,exact_normalized_name,matched
Megadeth,a9044915-8be3-4c7e-b11f-9e2d2ea0a91e,Megadeth,classic thrash metal,-3,26.179144,2017,2025,exact_normalized_name,matched
Megadeth,a9044915-8be3-4c7e-b11f-9e2d2ea0a91e,Megadeth,music - rock,-3,26.179144,2017,2025,exact_normalized_name,matched
Megadeth,a9044915-8be3-4c7e-b11f-9e2d2ea0a91e,Megadeth,rock and indie,-3,26.179144,2017,2025,exact_normalized_name,matched
Daddy Yankee,2f522f5c-111c-4ce8-8bd0-d82e97c227ad,Daddy Yankee,reggaeton,11,25.656718,2017,2025,exact_normalized_name,matched
Daddy Yankee,2f522f5c-111c-4ce8-8bd0-d82e97c227ad,Daddy Yankee,latin urban,5,25.656718,2017,2025,exact_normalized_name,matched
Daddy Yankee,2f522f5c-111c-4ce8-8bd0-d82e97c227ad,Daddy Yankee,latin,4,25.656718,2017,2025,exact_normalized_name,matched
Daddy Yankee,2f522f5c-111c-4ce8-8bd0-d82e97c227ad,Daddy Yankee,hip hop,3,25.656718,2017,2025,exact_normalized_name,matched
Daddy Yankee,2f522f5c-111c-4ce8-8bd0-d82e97c227ad,Daddy Yankee,puerto rico,3,25.656718,2017,2025,exact_normalized_name,matched
Daddy Yankee,2f522f5c-111c-4ce8-8bd0-d82e97c227ad,Daddy Yankee,latin pop,2,25.656718,2017,2025,exact_normalized_name,matched
Daddy Yankee,2f522f5c-111c-4ce8-8bd0-d82e97c227ad,Daddy Yankee,reggae,2,25.656718,2017,2025,exact_normalized_name,matched
Daddy Yankee,2f522f5c-111c-4ce8-8bd0-d82e97c227ad,Daddy Yankee,dance,1,25.656718,2017,2025,exact_normalized_name,matched
Daddy Yankee,2f522f5c-111c-4ce8-8bd0-d82e97c227ad,Daddy Yankee,electronic,1,25.656718,2017,2025,exact_normalized_name,matched
Daddy Yankee,2f522f5c-111c-4ce8-8bd0-d82e97c227ad,Daddy Yankee,englisch,1,25.656718,2017,2025,exact_normalized_name,matched
Daddy Yankee,2f522f5c-111c-4ce8-8bd0-d82e97c227ad,Daddy Yankee,english,1,25.656718,2017,2025,exact_normalized_name,matched
Daddy Yankee,2f522f5c-111c-4ce8-8bd0-d82e97c227ad,Daddy Yankee,hip hop rnb and dance hall,1,25.656718,2017,2025,exact_normalized_name,matched
Daddy Yankee,2f522f5c-111c-4ce8-8bd0-d82e97c227ad,Daddy Yankee,rap,1,25.656718,2017,2025,exact_normalized_name,matched
Nio Garcia,db1a36ef-fa59-48a6-a2d6-d6da432fdca4,Nio García,latin,1,25.17585,2017,2025,exact_normalized_name,matched
Nio Garcia,db1a36ef-fa59-48a6-a2d6-d6da432fdca4,Nio García,latin urban,1,25.17585,2017,2025,exact_normalized_name,matched
Nio Garcia,db1a36ef-fa59-48a6-a2d6-d6da432fdca4,Nio García,reggaeton,1,25.17585,2017,2025,exact_normalized_name,matched
Nio Garcia,db1a36ef-fa59-48a6-a2d6-d6da432fdca4,Nio García,trap latino,1,25.17585,2017,2025,exact_normalized_name,matched
Maluma,e8979f75-9110-4df8-ac70-898898d080d1,Maluma,reggaeton,6,24.384756,2017,2025,exact_normalized_name,matched
Maluma,e8979f75-9110-4df8-ac70-898898d080d1,Maluma,latin,4,24.384756,2017,2025,exact_normalized_name,matched
Maluma,e8979f75-9110-4df8-ac70-898898d080d1,Maluma,latin urban,3,24.384756,2017,2025,exact_normalized_name,matched
Maluma,e8979f75-9110-4df8-ac70-898898d080d1,Maluma,latin pop,2,24.384756,2017,2025,exact_normalized_name,matched
Maluma,e8979f75-9110-4df8-ac70-898898d080d1,Maluma,trap latino,2,24.384756,2017,2025,exact_normalized_name,matched
Maluma,e8979f75-9110-4df8-ac70-898898d080d1,Maluma,english,1,24.384756,2017,2025,exact_normalized_name,matched
Maluma,e8979f75-9110-4df8-ac70-898898d080d1,Maluma,pop rock,1,24.384756,2017,2025,exact_normalized_name,matched
Maluma,e8979f75-9110-4df8-ac70-898898d080d1,Maluma,spanish,1,24.384756,2017,2025,exact_normalized_name,matched
Maluma,e8979f75-9110-4df8-ac70-898898d080d1,Maluma,trap music,1,24.384756,2017,2025,exact_normalized_name,matched
Maluma,e8979f75-9110-4df8-ac70-898898d080d1,Maluma,urbano,1,24.384756,2017,2025,exact_normalized_name,matched
Maluma,e8979f75-9110-4df8-ac70-898898d080d1,Maluma,urbano latino,1,24.384756,2017,2025,exact_normalized_name,matched
Maluma,e8979f75-9110-4df8-ac70-898898d080d1,Maluma,urbano music,1,24.384756,2017,2025,exact_normalized_name,matched
AC/DC,66c662b6-6e2f-4930-8610-912e24c63ed1,AC/DC,hard rock,49,23.521482,2018,2025,exact_normalized_name,matched
AC/DC,66c662b6-6e2f-4930-8610-912e24c63ed1,AC/DC,rock,18,23.521482,2018,2025,exact_normalized_name,matched
AC/DC,66c662b6-6e2f-4930-8610-912e24c63ed1,AC/DC,blues rock,11,23.521482,2018,2025,exact_normalized_name,matched
AC/DC,66c662b6-6e2f-4930-8610-912e24c63ed1,AC/DC,classic rock,1,23.521482,2018,2025,exact_normalized_name,matched
AC/DC,66c662b6-6e2f-4930-8610-912e24c63ed1,AC/DC,rock and roll,1,23.521482,2018,2025,exact_normalized_name,matched
AC/DC,66c662b6-6e2f-4930-8610-912e24c63ed1,AC/DC,hard & heavy,0,23.521482,2018,2025,exact_normalized_name,matched
AC/DC,66c662b6-6e2f-4930-8610-912e24c63ed1,AC/DC,heavy metal,-1,23.521482,2018,2025,exact_normalized_name,matched
AC/DC,66c662b6-6e2f-4930-8610-912e24c63ed1,AC/DC,not acoustic,-1,23.521482,2018,2025,exact_normalized_name,matched
AC/DC,66c662b6-6e2f-4930-8610-912e24c63ed1,AC/DC,not aggressive,-1,23.521482,2018,2025,exact_normalized_name,matched
AC/DC,66c662b6-6e2f-4930-8610-912e24c63ed1,AC/DC,not electronic,-1,23.521482,2018,2025,exact_normalized_name,matched
AC/DC,66c662b6-6e2f-4930-8610-912e24c63ed1,AC/DC,not happy,-1,23.521482,2018,2025,exact_normalized_name,matched
AC/DC,66c662b6-6e2f-4930-8610-912e24c63ed1,AC/DC,not party,-1,23.521482,2018,2025,exact_normalized_name,matched
AC/DC,66c662b6-6e2f-4930-8610-912e24c63ed1,AC/DC,not sad,-1,23.521482,2018,2025,exact_normalized_name,matched
AC/DC,66c662b6-6e2f-4930-8610-912e24c63ed1,AC/DC,relaxed,-1,23.521482,2018,2025,exact_normalized_name,matched
AC/DC,66c662b6-6e2f-4930-8610-912e24c63ed1,AC/DC,rock & roll,-1,23.521482,2018,2025,exact_normalized_name,matched
AC/DC,66c662b6-6e2f-4930-8610-912e24c63ed1,AC/DC,1970s,-2,23.521482,2018,2025,exact_normalized_name,matched
AC/DC,66c662b6-6e2f-4930-8610-912e24c63ed1,AC/DC,1980s,-2,23.521482,2018,2025,exact_normalized_name,matched
AC/DC,66c662b6-6e2f-4930-8610-912e24c63ed1,AC/DC,australia,-2,23.521482,2018,2025,exact_normalized_name,matched
AC/DC,66c662b6-6e2f-4930-8610-912e24c63ed1,AC/DC,australian,-2,23.521482,2018,2025,exact_normalized_name,matched
AC/DC,66c662b6-6e2f-4930-8610-912e24c63ed1,AC/DC,australian rock,-2,23.521482,2018,2025,exact_normalized_name,matched
AC/DC,66c662b6-6e2f-4930-8610-912e24c63ed1,AC/DC,australie,-3,23.521482,2018,2025,exact_normalized_name,matched
AC/DC,66c662b6-6e2f-4930-8610-912e24c63ed1,AC/DC,australien,-3,23.521482,2018,2025,exact_normalized_name,matched
AC/DC,66c662b6-6e2f-4930-8610-912e24c63ed1,AC/DC,band,-3,23.521482,2018,2025,exact_normalized_name,matched
AC/DC,66c662b6-6e2f-4930-8610-912e24c63ed1,AC/DC,best,-3,23.521482,2018,2025,exact_normalized_name,matched
AC/DC,66c662b6-6e2f-4930-8610-912e24c63ed1,AC/DC,best rock,-3,23.521482,2018,2025,exact_normalized_name,matched
AC/DC,66c662b6-6e2f-4930-8610-912e24c63ed1,AC/DC,blues-rock,-3,23.521482,2018,2025,exact_normalized_name,matched
AC/DC,66c662b6-6e2f-4930-8610-912e24c63ed1,AC/DC,capa,-3,23.521482,2018,2025,exact_normalized_name,matched
AC/DC,66c662b6-6e2f-4930-8610-912e24c63ed1,AC/DC,classic pop and rock,-3,23.521482,2018,2025,exact_normalized_name,matched
AC/DC,66c662b6-6e2f-4930-8610-912e24c63ed1,AC/DC,english,-3,23.521482,2018,2025,exact_normalized_name,matched
AC/DC,66c662b6-6e2f-4930-8610-912e24c63ed1,AC/DC,volts,-3,23.521482,2018,2025,exact_normalized_name,matched
AC/DC,66c662b6-6e2f-4930-8610-912e24c63ed1,AC/DC,want to listen,-3,23.521482,2018,2025,exact_normalized_name,matched
AC/DC,66c662b6-6e2f-4930-8610-912e24c63ed1,AC/DC,+australia (sydney),-4,23.521482,2018,2025,exact_normalized_name,matched
AC/DC,66c662b6-6e2f-4930-8610-912e24c63ed1,AC/DC,arena rock,-4,23.521482,2018,2025,exact_normalized_name,matched
AC/DC,66c662b6-6e2f-4930-8610-912e24c63ed1,AC/DC,metal,-4,23.521482,2018,2025,exact_normalized_name,matched
AC/DC,66c662b6-6e2f-4930-8610-912e24c63ed1,AC/DC,glam rock,-6,23.521482,2018,2025,exact_normalized_name,matched
Nicky Jam,c458e9dc-e0d5-45ea-9e83-f9d0395f030d,Nicky Jam,reggaeton,4,22.720968,2017,2025,exact_normalized_name,matched
Nicky Jam,c458e9dc-e0d5-45ea-9e83-f9d0395f030d,Nicky Jam,latin,2,22.720968,2017,2025,exact_normalized_name,matched
Nicky Jam,c458e9dc-e0d5-45ea-9e83-f9d0395f030d,Nicky Jam,latin urban,1,22.720968,2017,2025,exact_normalized_name,matched
Fer Palacio,cda6dffe-c4d9-44e6-8238-ff7ba77f9d42,Fer Palacio,,,21.736899,2017,2024,exact_normalized_name,matched
Pepe Quintana,71b9b37a-fee0-4809-9c49-8e34709c7add,Pepe Quintana,latin urban,1,21.734637,2017,2025,exact_normalized_name,matched
DJ Kelo,ac0d8fd7-d180-405b-ba55-ad0eed632ad2,DJ Kelo,dj kelo,1,21.663106,2019,2023,exact_normalized_name,matched
DJ Kelo,ac0d8fd7-d180-405b-ba55-ad0eed632ad2,DJ Kelo,go2ke_,1,21.663106,2019,2023,exact_normalized_name,matched
DJ Kelo,ac0d8fd7-d180-405b-ba55-ad0eed632ad2,DJ Kelo,go2kebu,1,21.663106,2019,2023,exact_normalized_name,matched
DJ Kelo,ac0d8fd7-d180-405b-ba55-ad0eed632ad2,DJ Kelo,hip hop,1,21.663106,2019,2023,exact_normalized_name,matched
DJ Kelo,ac0d8fd7-d180-405b-ba55-ad0eed632ad2,DJ Kelo,kebu commissiong,1,21.663106,2019,2023,exact_normalized_name,matched
DJ Kelo,ac0d8fd7-d180-405b-ba55-ad0eed632ad2,DJ Kelo,rap,1,21.663106,2019,2023,exact_normalized_name,matched
DJ Kelo,ac0d8fd7-d180-405b-ba55-ad0eed632ad2,DJ Kelo,team titan djs,1,21.663106,2019,2023,exact_normalized_name,matched
Ñejo,8248c905-689d-4e36-9def-7c515c5ef5eb,Ñejo,latin,1,21.30284,2017,2025,exact_normalized_name,matched
Ñejo,8248c905-689d-4e36-9def-7c515c5ef5eb,Ñejo,latin urban,1,21.30284,2017,2025,exact_normalized_name,matched
Ñejo,8248c905-689d-4e36-9def-7c515c5ef5eb,Ñejo,reggaeton,1,21.30284,2017,2025,exact_normalized_name,matched
Ñejo,8248c905-689d-4e36-9def-7c515c5ef5eb,Ñejo,trap latino,1,21.30284,2017,2025,exact_normalized_name,matched
Tomy DJ,,,,,19.974207,2019,2025,no_result,not_found
Damas Gratis,23fbd79b-2937-4140-b988-0865a9ba9ef6,Damas Gratis,cumbia,2,19.471108,2017,2025,exact_normalized_name,matched
Damas Gratis,23fbd79b-2937-4140-b988-0865a9ba9ef6,Damas Gratis,cumbia villera,2,19.471108,2017,2025,exact_normalized_name,matched
Damas Gratis,23fbd79b-2937-4140-b988-0865a9ba9ef6,Damas Gratis,latin,1,19.471108,2017,2025,exact_normalized_name,matched
Michael Bibi,a5cce1aa-b8eb-4592-a0d9-a021be3bdcf8,Michael Bibi,,,18.423431,2020,2025,exact_normalized_name,matched
Farruko,d2b3524f-67e8-45ef-bfc1-693cac525135,Farruko,latin,2,18.046717,2017,2025,exact_normalized_name,matched
Farruko,d2b3524f-67e8-45ef-bfc1-693cac525135,Farruko,reggaeton,2,18.046717,2017,2025,exact_normalized_name,matched
Farruko,d2b3524f-67e8-45ef-bfc1-693cac525135,Farruko,latin urban,1,18.046717,2017,2025,exact_normalized_name,matched
Farruko,d2b3524f-67e8-45ef-bfc1-693cac525135,Farruko,trap latino,1,18.046717,2017,2025,exact_normalized_name,matched
The Beatles,b10bbbfc-cf9e-42e0-be17-e2c3e1d2600d,The Beatles,rock,50,17.621222,2017,2025,exact_normalized_name,matched
The Beatles,b10bbbfc-cf9e-42e0-be17-e2c3e1d2600d,The Beatles,pop,31,17.621222,2017,2025,exact_normalized_name,matched
The Beatles,b10bbbfc-cf9e-42e0-be17-e2c3e1d2600d,The Beatles,pop rock,25,17.621222,2017,2025,exact_normalized_name,matched
The Beatles,b10bbbfc-cf9e-42e0-be17-e2c3e1d2600d,The Beatles,british,24,17.621222,2017,2025,exact_normalized_name,matched
The Beatles,b10bbbfc-cf9e-42e0-be17-e2c3e1d2600d,The Beatles,merseybeat,17,17.621222,2017,2025,exact_normalized_name,matched
The Beatles,b10bbbfc-cf9e-42e0-be17-e2c3e1d2600d,The Beatles,psychedelic pop,17,17.621222,2017,2025,exact_normalized_name,matched
The Beatles,b10bbbfc-cf9e-42e0-be17-e2c3e1d2600d,The Beatles,british invasion,12,17.621222,2017,2025,exact_normalized_name,matched
The Beatles,b10bbbfc-cf9e-42e0-be17-e2c3e1d2600d,The Beatles,psychedelic rock,9,17.621222,2017,2025,exact_normalized_name,matched
The Beatles,b10bbbfc-cf9e-42e0-be17-e2c3e1d2600d,The Beatles,60s,7,17.621222,2017,2025,exact_normalized_name,matched
The Beatles,b10bbbfc-cf9e-42e0-be17-e2c3e1d2600d,The Beatles,classic rock,4,17.621222,2017,2025,exact_normalized_name,matched
The Beatles,b10bbbfc-cf9e-42e0-be17-e2c3e1d2600d,The Beatles,rock and roll,4,17.621222,2017,2025,exact_normalized_name,matched
The Beatles,b10bbbfc-cf9e-42e0-be17-e2c3e1d2600d,The Beatles,beat,2,17.621222,2017,2025,exact_normalized_name,matched
The Beatles,b10bbbfc-cf9e-42e0-be17-e2c3e1d2600d,The Beatles,britpop,2,17.621222,2017,2025,exact_normalized_name,matched
The Beatles,b10bbbfc-cf9e-42e0-be17-e2c3e1d2600d,The Beatles,europe,2,17.621222,2017,2025,exact_normalized_name,matched
The Beatles,b10bbbfc-cf9e-42e0-be17-e2c3e1d2600d,The Beatles,experimental rock,2,17.621222,2017,2025,exact_normalized_name,matched
The Beatles,b10bbbfc-cf9e-42e0-be17-e2c3e1d2600d,The Beatles,film soundtrack,2,17.621222,2017,2025,exact_normalized_name,matched
The Beatles,b10bbbfc-cf9e-42e0-be17-e2c3e1d2600d,The Beatles,folk rock,2,17.621222,2017,2025,exact_normalized_name,matched
The Beatles,b10bbbfc-cf9e-42e0-be17-e2c3e1d2600d,The Beatles,liverpool,2,17.621222,2017,2025,exact_normalized_name,matched
The Beatles,b10bbbfc-cf9e-42e0-be17-e2c3e1d2600d,The Beatles,mainstream rock,2,17.621222,2017,2025,exact_normalized_name,matched
The Beatles,b10bbbfc-cf9e-42e0-be17-e2c3e1d2600d,The Beatles,n.,2,17.621222,2017,2025,exact_normalized_name,matched
The Beatles,b10bbbfc-cf9e-42e0-be17-e2c3e1d2600d,The Beatles,popular music,2,17.621222,2017,2025,exact_normalized_name,matched
The Beatles,b10bbbfc-cf9e-42e0-be17-e2c3e1d2600d,The Beatles,psychedelia,2,17.621222,2017,2025,exact_normalized_name,matched
The Beatles,b10bbbfc-cf9e-42e0-be17-e2c3e1d2600d,The Beatles,rock groups,2,17.621222,2017,2025,exact_normalized_name,matched
The Beatles,b10bbbfc-cf9e-42e0-be17-e2c3e1d2600d,The Beatles,rock music,2,17.621222,2017,2025,exact_normalized_name,matched
The Beatles,b10bbbfc-cf9e-42e0-be17-e2c3e1d2600d,The Beatles,vyrzukhisuc-artiest,2,17.621222,2017,2025,exact_normalized_name,matched
The Beatles,b10bbbfc-cf9e-42e0-be17-e2c3e1d2600d,The Beatles,1960s,1,17.621222,2017,2025,exact_normalized_name,matched
The Beatles,b10bbbfc-cf9e-42e0-be17-e2c3e1d2600d,The Beatles,abbey road,1,17.621222,2017,2025,exact_normalized_name,matched
The Beatles,b10bbbfc-cf9e-42e0-be17-e2c3e1d2600d,The Beatles,am pop,1,17.621222,2017,2025,exact_normalized_name,matched
The Beatles,b10bbbfc-cf9e-42e0-be17-e2c3e1d2600d,The Beatles,boys band,1,17.621222,2017,2025,exact_normalized_name,matched
The Beatles,b10bbbfc-cf9e-42e0-be17-e2c3e1d2600d,The Beatles,british psychedelia,1,17.621222,2017,2025,exact_normalized_name,matched
The Beatles,b10bbbfc-cf9e-42e0-be17-e2c3e1d2600d,The Beatles,contemporary pop/rock,1,17.621222,2017,2025,exact_normalized_name,matched
The Beatles,b10bbbfc-cf9e-42e0-be17-e2c3e1d2600d,The Beatles,early pop/rock,1,17.621222,2017,2025,exact_normalized_name,matched
The Beatles,b10bbbfc-cf9e-42e0-be17-e2c3e1d2600d,The Beatles,english,1,17.621222,2017,2025,exact_normalized_name,matched
The Beatles,b10bbbfc-cf9e-42e0-be17-e2c3e1d2600d,The Beatles,male vocalists,1,17.621222,2017,2025,exact_normalized_name,matched
The Beatles,b10bbbfc-cf9e-42e0-be17-e2c3e1d2600d,The Beatles,reino unido,1,17.621222,2017,2025,exact_normalized_name,matched
The Beatles,b10bbbfc-cf9e-42e0-be17-e2c3e1d2600d,The Beatles,traditional folk music,1,17.621222,2017,2025,exact_normalized_name,matched
The Beatles,b10bbbfc-cf9e-42e0-be17-e2c3e1d2600d,The Beatles,uk,1,17.621222,2017,2025,exact_normalized_name,matched
The Beatles,b10bbbfc-cf9e-42e0-be17-e2c3e1d2600d,The Beatles,adult alternative pop rock,0,17.621222,2017,2025,exact_normalized_name,matched
The Beatles,b10bbbfc-cf9e-42e0-be17-e2c3e1d2600d,The Beatles,art rock,0,17.621222,2017,2025,exact_normalized_name,matched
The Beatles,b10bbbfc-cf9e-42e0-be17-e2c3e1d2600d,The Beatles,baroque pop,0,17.621222,2017,2025,exact_normalized_name,matched
The Beatles,b10bbbfc-cf9e-42e0-be17-e2c3e1d2600d,The Beatles,bbc,0,17.621222,2017,2025,exact_normalized_name,matched
The Beatles,b10bbbfc-cf9e-42e0-be17-e2c3e1d2600d,The Beatles,beat music,0,17.621222,2017,2025,exact_normalized_name,matched
The Beatles,b10bbbfc-cf9e-42e0-be17-e2c3e1d2600d,The Beatles,british rhythm & blues,0,17.621222,2017,2025,exact_normalized_name,matched
The Beatles,b10bbbfc-cf9e-42e0-be17-e2c3e1d2600d,The Beatles,classic pop and rock,0,17.621222,2017,2025,exact_normalized_name,matched
The Beatles,b10bbbfc-cf9e-42e0-be17-e2c3e1d2600d,The Beatles,europop,0,17.621222,2017,2025,exact_normalized_name,matched
The Beatles,b10bbbfc-cf9e-42e0-be17-e2c3e1d2600d,The Beatles,get back,0,17.621222,2017,2025,exact_normalized_name,matched
The Beatles,b10bbbfc-cf9e-42e0-be17-e2c3e1d2600d,The Beatles,instrumental pop,0,17.621222,2017,2025,exact_normalized_name,matched
The Beatles,b10bbbfc-cf9e-42e0-be17-e2c3e1d2600d,The Beatles,orchestral pop,0,17.621222,2017,2025,exact_normalized_name,matched
The Beatles,b10bbbfc-cf9e-42e0-be17-e2c3e1d2600d,The Beatles,pop/rock,0,17.621222,2017,2025,exact_normalized_name,matched
The Beatles,b10bbbfc-cf9e-42e0-be17-e2c3e1d2600d,The Beatles,psychedelic/garage,0,17.621222,2017,2025,exact_normalized_name,matched
The Beatles,b10bbbfc-cf9e-42e0-be17-e2c3e1d2600d,The Beatles,rock & roll,0,17.621222,2017,2025,exact_normalized_name,matched
The Beatles,b10bbbfc-cf9e-42e0-be17-e2c3e1d2600d,The Beatles,singer songwriter,0,17.621222,2017,2025,exact_normalized_name,matched
The Beatles,b10bbbfc-cf9e-42e0-be17-e2c3e1d2600d,The Beatles,the beatles - primal colours,0,17.621222,2017,2025,exact_normalized_name,matched
The Beatles,b10bbbfc-cf9e-42e0-be17-e2c3e1d2600d,The Beatles,united kingdom,0,17.621222,2017,2025,exact_normalized_name,matched
The Beatles,b10bbbfc-cf9e-42e0-be17-e2c3e1d2600d,The Beatles,1,-1,17.621222,2017,2025,exact_normalized_name,matched
The Beatles,b10bbbfc-cf9e-42e0-be17-e2c3e1d2600d,The Beatles,art pop,-1,17.621222,2017,2025,exact_normalized_name,matched
The Beatles,b10bbbfc-cf9e-42e0-be17-e2c3e1d2600d,The Beatles,blues rock,-1,17.621222,2017,2025,exact_normalized_name,matched
The Beatles,b10bbbfc-cf9e-42e0-be17-e2c3e1d2600d,The Beatles,classical pop,-1,17.621222,2017,2025,exact_normalized_name,matched
The Beatles,b10bbbfc-cf9e-42e0-be17-e2c3e1d2600d,The Beatles,favoritos,-1,17.621222,2017,2025,exact_normalized_name,matched
The Beatles,b10bbbfc-cf9e-42e0-be17-e2c3e1d2600d,The Beatles,folk pop,-1,17.621222,2017,2025,exact_normalized_name,matched
The Beatles,b10bbbfc-cf9e-42e0-be17-e2c3e1d2600d,The Beatles,folk-rock,-1,17.621222,2017,2025,exact_normalized_name,matched
The Beatles,b10bbbfc-cf9e-42e0-be17-e2c3e1d2600d,The Beatles,hard rock,-1,17.621222,2017,2025,exact_normalized_name,matched
The Beatles,b10bbbfc-cf9e-42e0-be17-e2c3e1d2600d,The Beatles,one beatles,-1,17.621222,2017,2025,exact_normalized_name,matched
The Beatles,b10bbbfc-cf9e-42e0-be17-e2c3e1d2600d,The Beatles,overrated,-1,17.621222,2017,2025,exact_normalized_name,matched
The Beatles,b10bbbfc-cf9e-42e0-be17-e2c3e1d2600d,The Beatles,80s,-2,17.621222,2017,2025,exact_normalized_name,matched
The Beatles,b10bbbfc-cf9e-42e0-be17-e2c3e1d2600d,The Beatles,experimental,-2,17.621222,2017,2025,exact_normalized_name,matched
The Beatles,b10bbbfc-cf9e-42e0-be17-e2c3e1d2600d,The Beatles,pop-metal,-2,17.621222,2017,2025,exact_normalized_name,matched
The Beatles,b10bbbfc-cf9e-42e0-be17-e2c3e1d2600d,The Beatles,pop-rock,-2,17.621222,2017,2025,exact_normalized_name,matched
The Beatles,b10bbbfc-cf9e-42e0-be17-e2c3e1d2600d,The Beatles,progressive rock,-2,17.621222,2017,2025,exact_normalized_name,matched
The Beatles,b10bbbfc-cf9e-42e0-be17-e2c3e1d2600d,The Beatles,psychedelic,-2,17.621222,2017,2025,exact_normalized_name,matched
The Beatles,b10bbbfc-cf9e-42e0-be17-e2c3e1d2600d,The Beatles,rhythm & blues,-2,17.621222,2017,2025,exact_normalized_name,matched
The Beatles,b10bbbfc-cf9e-42e0-be17-e2c3e1d2600d,The Beatles,sunshine pop,-2,17.621222,2017,2025,exact_normalized_name,matched
The Beatles,b10bbbfc-cf9e-42e0-be17-e2c3e1d2600d,The Beatles,tribute albums,-2,17.621222,2017,2025,exact_normalized_name,matched
The Beatles,b10bbbfc-cf9e-42e0-be17-e2c3e1d2600d,The Beatles,a filk artist,-3,17.621222,2017,2025,exact_normalized_name,matched
The Beatles,b10bbbfc-cf9e-42e0-be17-e2c3e1d2600d,The Beatles,hair metal,-3,17.621222,2017,2025,exact_normalized_name,matched
The Beatles,b10bbbfc-cf9e-42e0-be17-e2c3e1d2600d,The Beatles,indie rock,-3,17.621222,2017,2025,exact_normalized_name,matched
The Beatles,b10bbbfc-cf9e-42e0-be17-e2c3e1d2600d,The Beatles,parlophone,-3,17.621222,2017,2025,exact_normalized_name,matched
The Beatles,b10bbbfc-cf9e-42e0-be17-e2c3e1d2600d,The Beatles,rock roll,-3,17.621222,2017,2025,exact_normalized_name,matched
The Beatles,b10bbbfc-cf9e-42e0-be17-e2c3e1d2600d,The Beatles,the-beatles,-3,17.621222,2017,2025,exact_normalized_name,matched
The Beatles,b10bbbfc-cf9e-42e0-be17-e2c3e1d2600d,The Beatles,orchestral,-4,17.621222,2017,2025,exact_normalized_name,matched
The Beatles,b10bbbfc-cf9e-42e0-be17-e2c3e1d2600d,The Beatles,heavy metal,-5,17.621222,2017,2025,exact_normalized_name,matched
Feid,eaee97f6-f2e4-414a-966c-f31a1fb4696a,Feid,reggaeton,4,17.183847,2017,2025,exact_normalized_name,matched
Feid,eaee97f6-f2e4-414a-966c-f31a1fb4696a,Feid,latin urban,3,17.183847,2017,2025,exact_normalized_name,matched
Feid,eaee97f6-f2e4-414a-966c-f31a1fb4696a,Feid,latin,2,17.183847,2017,2025,exact_normalized_name,matched
Feid,eaee97f6-f2e4-414a-966c-f31a1fb4696a,Feid,trap latino,2,17.183847,2017,2025,exact_normalized_name,matched
Dalex,299f7958-15f5-4ca2-b4ed-222b169dd74e,Dalex,latin,1,16.742499,2019,2025,exact_normalized_name,matched
Dalex,299f7958-15f5-4ca2-b4ed-222b169dd74e,Dalex,latin urban,1,16.742499,2019,2025,exact_normalized_name,matched
Dalex,299f7958-15f5-4ca2-b4ed-222b169dd74e,Dalex,reggaeton,1,16.742499,2019,2025,exact_normalized_name,matched
Solomun,dff718ca-db66-4ce5-98b3-9585935b3dd1,Solomun,deep house,1,16.391957,2018,2025,exact_normalized_name,matched
Solomun,dff718ca-db66-4ce5-98b3-9585935b3dd1,Solomun,edm,1,16.391957,2018,2025,exact_normalized_name,matched
Solomun,dff718ca-db66-4ce5-98b3-9585935b3dd1,Solomun,electronic,1,16.391957,2018,2025,exact_normalized_name,matched
Solomun,dff718ca-db66-4ce5-98b3-9585935b3dd1,Solomun,house,1,16.391957,2018,2025,exact_normalized_name,matched
Gustavo Cerati,979d01bc-a4da-4c80-8cc1-be40bd35cd5e,Gustavo Cerati,singer-songwriter,2,16.345825,2017,2025,exact_normalized_name,matched
Gustavo Cerati,979d01bc-a4da-4c80-8cc1-be40bd35cd5e,Gustavo Cerati,alternative dance,1,16.345825,2017,2025,exact_normalized_name,matched
Gustavo Cerati,979d01bc-a4da-4c80-8cc1-be40bd35cd5e,Gustavo Cerati,alternative rock,1,16.345825,2017,2025,exact_normalized_name,matched
Gustavo Cerati,979d01bc-a4da-4c80-8cc1-be40bd35cd5e,Gustavo Cerati,downtempo,1,16.345825,2017,2025,exact_normalized_name,matched
Gustavo Cerati,979d01bc-a4da-4c80-8cc1-be40bd35cd5e,Gustavo Cerati,rock,1,16.345825,2017,2025,exact_normalized_name,matched
Gustavo Cerati,979d01bc-a4da-4c80-8cc1-be40bd35cd5e,Gustavo Cerati,supremo,1,16.345825,2017,2025,exact_normalized_name,matched
Gustavo Cerati,979d01bc-a4da-4c80-8cc1-be40bd35cd5e,Gustavo Cerati,trip hop,1,16.345825,2017,2025,exact_normalized_name,matched
KAROL G,de22adae-f8ac-414f-b653-b0162611bd60,KAROL G,reggaeton,3,16.164188,2017,2025,exact_normalized_name,matched
KAROL G,de22adae-f8ac-414f-b653-b0162611bd60,KAROL G,latin urban,2,16.164188,2017,2025,exact_normalized_name,matched
KAROL G,de22adae-f8ac-414f-b653-b0162611bd60,KAROL G,spanish,2,16.164188,2017,2025,exact_normalized_name,matched
KAROL G,de22adae-f8ac-414f-b653-b0162611bd60,KAROL G,latin,1,16.164188,2017,2025,exact_normalized_name,matched
KAROL G,de22adae-f8ac-414f-b653-b0162611bd60,KAROL G,r&b,1,16.164188,2017,2025,exact_normalized_name,matched
KAROL G,de22adae-f8ac-414f-b653-b0162611bd60,KAROL G,english,0,16.164188,2017,2025,exact_normalized_name,matched
KAROL G,de22adae-f8ac-414f-b653-b0162611bd60,KAROL G,pop,0,16.164188,2017,2025,exact_normalized_name,matched
DJ Pirata,02be9b2d-f953-40fa-9b99-f995431e1f67,DJ Pirata,,,16.034807,2017,2025,exact_normalized_name,matched
Dire Straits,614e3804-7d34-41ba-857f-811bad7c2b7a,Dire Straits,rock,19,15.704081,2017,2025,exact_normalized_name,matched
Dire Straits,614e3804-7d34-41ba-857f-811bad7c2b7a,Dire Straits,soft rock,6,15.704081,2017,2025,exact_normalized_name,matched
Dire Straits,614e3804-7d34-41ba-857f-811bad7c2b7a,Dire Straits,classic rock,4,15.704081,2017,2025,exact_normalized_name,matched
Dire Straits,614e3804-7d34-41ba-857f-811bad7c2b7a,Dire Straits,pop rock,3,15.704081,2017,2025,exact_normalized_name,matched
Dire Straits,614e3804-7d34-41ba-857f-811bad7c2b7a,Dire Straits,roots rock,3,15.704081,2017,2025,exact_normalized_name,matched
Dire Straits,614e3804-7d34-41ba-857f-811bad7c2b7a,Dire Straits,blues rock,2,15.704081,2017,2025,exact_normalized_name,matched
Dire Straits,614e3804-7d34-41ba-857f-811bad7c2b7a,Dire Straits,british,2,15.704081,2017,2025,exact_normalized_name,matched
Dire Straits,614e3804-7d34-41ba-857f-811bad7c2b7a,Dire Straits,guitar,1,15.704081,2017,2025,exact_normalized_name,matched
Dire Straits,614e3804-7d34-41ba-857f-811bad7c2b7a,Dire Straits,pub rock,1,15.704081,2017,2025,exact_normalized_name,matched
Dire Straits,614e3804-7d34-41ba-857f-811bad7c2b7a,Dire Straits,rock & roll,1,15.704081,2017,2025,exact_normalized_name,matched
Dire Straits,614e3804-7d34-41ba-857f-811bad7c2b7a,Dire Straits,rock and roll,1,15.704081,2017,2025,exact_normalized_name,matched
Dire Straits,614e3804-7d34-41ba-857f-811bad7c2b7a,Dire Straits,sophisti-pop,1,15.704081,2017,2025,exact_normalized_name,matched
Dire Straits,614e3804-7d34-41ba-857f-811bad7c2b7a,Dire Straits,1970s,0,15.704081,2017,2025,exact_normalized_name,matched
Dire Straits,614e3804-7d34-41ba-857f-811bad7c2b7a,Dire Straits,1980s,0,15.704081,2017,2025,exact_normalized_name,matched
Dire Straits,614e3804-7d34-41ba-857f-811bad7c2b7a,Dire Straits,1990s,0,15.704081,2017,2025,exact_normalized_name,matched
Dire Straits,614e3804-7d34-41ba-857f-811bad7c2b7a,Dire Straits,band,0,15.704081,2017,2025,exact_normalized_name,matched
Dire Straits,614e3804-7d34-41ba-857f-811bad7c2b7a,Dire Straits,classic pop and rock,0,15.704081,2017,2025,exact_normalized_name,matched
Dire Straits,614e3804-7d34-41ba-857f-811bad7c2b7a,Dire Straits,country rock,0,15.704081,2017,2025,exact_normalized_name,matched
Dire Straits,614e3804-7d34-41ba-857f-811bad7c2b7a,Dire Straits,english,0,15.704081,2017,2025,exact_normalized_name,matched
Dire Straits,614e3804-7d34-41ba-857f-811bad7c2b7a,Dire Straits,group,0,15.704081,2017,2025,exact_normalized_name,matched
Dire Straits,614e3804-7d34-41ba-857f-811bad7c2b7a,Dire Straits,id_artist,0,15.704081,2017,2025,exact_normalized_name,matched
Dire Straits,614e3804-7d34-41ba-857f-811bad7c2b7a,Dire Straits,pop/rock,0,15.704081,2017,2025,exact_normalized_name,matched
Dire Straits,614e3804-7d34-41ba-857f-811bad7c2b7a,Dire Straits,uk,0,15.704081,2017,2025,exact_normalized_name,matched
Maceo Plex,0ab688fd-0943-41cd-a24c-78ec2baad3fd,Maceo Plex,,,15.662633,2018,2025,exact_normalized_name,matched
Iron Maiden,ca891d65-d9b0-4258-89f7-e6ba29d83767,Iron Maiden,heavy metal,54,15.631833,2017,2025,exact_normalized_name,matched
Iron Maiden,ca891d65-d9b0-4258-89f7-e6ba29d83767,Iron Maiden,nwobhm,19,15.631833,2017,2025,exact_normalized_name,matched
Iron Maiden,ca891d65-d9b0-4258-89f7-e6ba29d83767,Iron Maiden,metal,13,15.631833,2017,2025,exact_normalized_name,matched
Iron Maiden,ca891d65-d9b0-4258-89f7-e6ba29d83767,Iron Maiden,new wave of british heavy metal,8,15.631833,2017,2025,exact_normalized_name,matched
Iron Maiden,ca891d65-d9b0-4258-89f7-e6ba29d83767,Iron Maiden,british,7,15.631833,2017,2025,exact_normalized_name,matched
Iron Maiden,ca891d65-d9b0-4258-89f7-e6ba29d83767,Iron Maiden,english,-1,15.631833,2017,2025,exact_normalized_name,matched
Iron Maiden,ca891d65-d9b0-4258-89f7-e6ba29d83767,Iron Maiden,progressive metal,-1,15.631833,2017,2025,exact_normalized_name,matched
Iron Maiden,ca891d65-d9b0-4258-89f7-e6ba29d83767,Iron Maiden,reino unido,-1,15.631833,2017,2025,exact_normalized_name,matched
Iron Maiden,ca891d65-d9b0-4258-89f7-e6ba29d83767,Iron Maiden,rock,-1,15.631833,2017,2025,exact_normalized_name,matched
Iron Maiden,ca891d65-d9b0-4258-89f7-e6ba29d83767,Iron Maiden,uk,-1,15.631833,2017,2025,exact_normalized_name,matched
Iron Maiden,ca891d65-d9b0-4258-89f7-e6ba29d83767,Iron Maiden,hard rock,-2,15.631833,2017,2025,exact_normalized_name,matched
Iron Maiden,ca891d65-d9b0-4258-89f7-e6ba29d83767,Iron Maiden,power metal,-2,15.631833,2017,2025,exact_normalized_name,matched
Iron Maiden,ca891d65-d9b0-4258-89f7-e6ba29d83767,Iron Maiden,825646222902,-3,15.631833,2017,2025,exact_normalized_name,matched
Iron Maiden,ca891d65-d9b0-4258-89f7-e6ba29d83767,Iron Maiden,awesome,-3,15.631833,2017,2025,exact_normalized_name,matched
Iron Maiden,ca891d65-d9b0-4258-89f7-e6ba29d83767,Iron Maiden,awe︎some,-3,15.631833,2017,2025,exact_normalized_name,matched
Iron Maiden,ca891d65-d9b0-4258-89f7-e6ba29d83767,Iron Maiden,rock and indie,-3,15.631833,2017,2025,exact_normalized_name,matched
Iron Maiden,ca891d65-d9b0-4258-89f7-e6ba29d83767,Iron Maiden,seen live,-3,15.631833,2017,2025,exact_normalized_name,matched
Guy J,bfaa69de-b75c-410a-8a23-c1accc0b5107,Guy J,,,15.474068,2020,2025,exact_normalized_name,matched
David Guetta,302bd7b9-d012-4360-897a-93b00c855680,David Guetta,house,9,15.458467,2018,2025,exact_normalized_name,matched
David Guetta,302bd7b9-d012-4360-897a-93b00c855680,David Guetta,dance-pop,8,15.458467,2018,2025,exact_normalized_name,matched
David Guetta,302bd7b9-d012-4360-897a-93b00c855680,David Guetta,dance,6,15.458467,2018,2025,exact_normalized_name,matched
David Guetta,302bd7b9-d012-4360-897a-93b00c855680,David Guetta,electro house,6,15.458467,2018,2025,exact_normalized_name,matched
David Guetta,302bd7b9-d012-4360-897a-93b00c855680,David Guetta,electronic,4,15.458467,2018,2025,exact_normalized_name,matched
David Guetta,302bd7b9-d012-4360-897a-93b00c855680,David Guetta,electropop,2,15.458467,2018,2025,exact_normalized_name,matched
David Guetta,302bd7b9-d012-4360-897a-93b00c855680,David Guetta,future rave,2,15.458467,2018,2025,exact_normalized_name,matched
David Guetta,302bd7b9-d012-4360-897a-93b00c855680,David Guetta,club,1,15.458467,2018,2025,exact_normalized_name,matched
David Guetta,302bd7b9-d012-4360-897a-93b00c855680,David Guetta,electroclash,1,15.458467,2018,2025,exact_normalized_name,matched
David Guetta,302bd7b9-d012-4360-897a-93b00c855680,David Guetta,english,1,15.458467,2018,2025,exact_normalized_name,matched
David Guetta,302bd7b9-d012-4360-897a-93b00c855680,David Guetta,festival progressive house,1,15.458467,2018,2025,exact_normalized_name,matched
David Guetta,302bd7b9-d012-4360-897a-93b00c855680,David Guetta,french house,1,15.458467,2018,2025,exact_normalized_name,matched
David Guetta,302bd7b9-d012-4360-897a-93b00c855680,David Guetta,house music,1,15.458467,2018,2025,exact_normalized_name,matched
David Guetta,302bd7b9-d012-4360-897a-93b00c855680,David Guetta,pop,1,15.458467,2018,2025,exact_normalized_name,matched
David Guetta,302bd7b9-d012-4360-897a-93b00c855680,David Guetta,progressive house,1,15.458467,2018,2025,exact_normalized_name,matched
David Guetta,302bd7b9-d012-4360-897a-93b00c855680,David Guetta,tech house,1,15.458467,2018,2025,exact_normalized_name,matched
David Guetta,302bd7b9-d012-4360-897a-93b00c855680,David Guetta,dance and electronica,0,15.458467,2018,2025,exact_normalized_name,matched
David Guetta,302bd7b9-d012-4360-897a-93b00c855680,David Guetta,edm,0,15.458467,2018,2025,exact_normalized_name,matched
David Guetta,302bd7b9-d012-4360-897a-93b00c855680,David Guetta,eurodance,0,15.458467,2018,2025,exact_normalized_name,matched
David Guetta,302bd7b9-d012-4360-897a-93b00c855680,David Guetta,seen live,0,15.458467,2018,2025,exact_normalized_name,matched
Becky G,eb90c8b8-d733-4c14-a293-105c3d1ba9b3,Becky G,latin,3,15.028347,2017,2025,exact_normalized_name,matched
Becky G,eb90c8b8-d733-4c14-a293-105c3d1ba9b3,Becky G,reggaeton,3,15.028347,2017,2025,exact_normalized_name,matched
Becky G,eb90c8b8-d733-4c14-a293-105c3d1ba9b3,Becky G,hip hop,2,15.028347,2017,2025,exact_normalized_name,matched
Becky G,eb90c8b8-d733-4c14-a293-105c3d1ba9b3,Becky G,latin pop,2,15.028347,2017,2025,exact_normalized_name,matched
Becky G,eb90c8b8-d733-4c14-a293-105c3d1ba9b3,Becky G,latin urban,2,15.028347,2017,2025,exact_normalized_name,matched
Becky G,eb90c8b8-d733-4c14-a293-105c3d1ba9b3,Becky G,pop rap,2,15.028347,2017,2025,exact_normalized_name,matched
Becky G,eb90c8b8-d733-4c14-a293-105c3d1ba9b3,Becky G,contemporary r&b,1,15.028347,2017,2025,exact_normalized_name,matched
Becky G,eb90c8b8-d733-4c14-a293-105c3d1ba9b3,Becky G,cumbia,1,15.028347,2017,2025,exact_normalized_name,matched
Becky G,eb90c8b8-d733-4c14-a293-105c3d1ba9b3,Becky G,dance-pop,1,15.028347,2017,2025,exact_normalized_name,matched
Becky G,eb90c8b8-d733-4c14-a293-105c3d1ba9b3,Becky G,mexican traditions,1,15.028347,2017,2025,exact_normalized_name,matched
Becky G,eb90c8b8-d733-4c14-a293-105c3d1ba9b3,Becky G,pop,1,15.028347,2017,2025,exact_normalized_name,matched
Becky G,eb90c8b8-d733-4c14-a293-105c3d1ba9b3,Becky G,stage & screen,1,15.028347,2017,2025,exact_normalized_name,matched
Becky G,eb90c8b8-d733-4c14-a293-105c3d1ba9b3,Becky G,teen pop,1,15.028347,2017,2025,exact_normalized_name,matched
Intoxicados,a60761b5-3aa0-4cd3-b61e-49ee458886fa,Intoxicados,rock,1,14.589787,2017,2025,exact_normalized_name,matched
Plan B,daf84e36-f78e-4c94-a032-6aed138c0d34,Plan B,british,3,14.439669,2017,2025,exact_normalized_name,matched
Plan B,daf84e36-f78e-4c94-a032-6aed138c0d34,Plan B,hip hop,3,14.439669,2017,2025,exact_normalized_name,matched
Plan B,daf84e36-f78e-4c94-a032-6aed138c0d34,Plan B,pop soul,2,14.439669,2017,2025,exact_normalized_name,matched
Plan B,daf84e36-f78e-4c94-a032-6aed138c0d34,Plan B,r&b,2,14.439669,2017,2025,exact_normalized_name,matched
Plan B,daf84e36-f78e-4c94-a032-6aed138c0d34,Plan B,uk,2,14.439669,2017,2025,exact_normalized_name,matched
Plan B,daf84e36-f78e-4c94-a032-6aed138c0d34,Plan B,uk hip hop,2,14.439669,2017,2025,exact_normalized_name,matched
Plan B,daf84e36-f78e-4c94-a032-6aed138c0d34,Plan B,acoustic,1,14.439669,2017,2025,exact_normalized_name,matched
Plan B,daf84e36-f78e-4c94-a032-6aed138c0d34,Plan B,dubstep,1,14.439669,2017,2025,exact_normalized_name,matched
Plan B,daf84e36-f78e-4c94-a032-6aed138c0d34,Plan B,hip-hop,1,14.439669,2017,2025,exact_normalized_name,matched
Plan B,daf84e36-f78e-4c94-a032-6aed138c0d34,Plan B,rapper,1,14.439669,2017,2025,exact_normalized_name,matched
Plan B,daf84e36-f78e-4c94-a032-6aed138c0d34,Plan B,soul,1,14.439669,2017,2025,exact_normalized_name,matched
Plan B,daf84e36-f78e-4c94-a032-6aed138c0d34,Plan B,hip hop rnb and dance hall,0,14.439669,2017,2025,exact_normalized_name,matched
Plan B,daf84e36-f78e-4c94-a032-6aed138c0d34,Plan B,hiphop,0,14.439669,2017,2025,exact_normalized_name,matched
FISHER,cd60bab0-e08b-4bda-9f49-785450f955e9,Fisher,vocal trance,1,14.249269,2018,2025,exact_normalized_name,matched
Miguel Bastida,f78b0f75-57fe-47ee-89e4-a1412c214a44,Miguel Bastida,,,14.103599,2017,2024,exact_normalized_name,matched
Baby Rasta & Gringo,379ec45a-d863-44b0-96be-47d19dd224c0,Baby Rasta & Gringo,latin urban,1,13.917541,2017,2024,exact_normalized_name,matched
Baby Rasta & Gringo,379ec45a-d863-44b0-96be-47d19dd224c0,Baby Rasta & Gringo,reggaeton,1,13.917541,2017,2024,exact_normalized_name,matched
Super Yei,965c6053-0bfb-42c1-97e7-84b34218ac53,Super Yei,latin urban,1,13.829697,2017,2025,exact_normalized_name,matched
Super Yei,965c6053-0bfb-42c1-97e7-84b34218ac53,Super Yei,reggaeton,1,13.829697,2017,2025,exact_normalized_name,matched
Los De La Nazza,,,,,13.813247,2018,2025,no_result,not_found
Ñengo Flow,b7f5054e-c9de-49d8-b0eb-6deefb89b86b,Ñengo Flow,trap latino,2,13.479309,2017,2025,exact_normalized_name,matched
Ñengo Flow,b7f5054e-c9de-49d8-b0eb-6deefb89b86b,Ñengo Flow,reggaeton,1,13.479309,2017,2025,exact_normalized_name,matched
Rauw Alejandro,197b70c7-8910-4030-ad03-632d82aa40e3,Rauw Alejandro,latin,4,13.424839,2019,2025,exact_normalized_name,matched
Rauw Alejandro,197b70c7-8910-4030-ad03-632d82aa40e3,Rauw Alejandro,latin urban,4,13.424839,2019,2025,exact_normalized_name,matched
Rauw Alejandro,197b70c7-8910-4030-ad03-632d82aa40e3,Rauw Alejandro,hip hop,2,13.424839,2019,2025,exact_normalized_name,matched
Rauw Alejandro,197b70c7-8910-4030-ad03-632d82aa40e3,Rauw Alejandro,reggaeton,2,13.424839,2019,2025,exact_normalized_name,matched
Rauw Alejandro,197b70c7-8910-4030-ad03-632d82aa40e3,Rauw Alejandro,trap latino,2,13.424839,2019,2025,exact_normalized_name,matched
Tainy,7e92584c-ca97-48bf-8a12-0327db0f6ac8,Tainy,reggaeton,3,13.286792,2019,2025,exact_normalized_name,matched
Tainy,7e92584c-ca97-48bf-8a12-0327db0f6ac8,Tainy,latin,2,13.286792,2019,2025,exact_normalized_name,matched
Tainy,7e92584c-ca97-48bf-8a12-0327db0f6ac8,Tainy,latin urban,2,13.286792,2019,2025,exact_normalized_name,matched
Tainy,7e92584c-ca97-48bf-8a12-0327db0f6ac8,Tainy,english,1,13.286792,2019,2025,exact_normalized_name,matched
Tainy,7e92584c-ca97-48bf-8a12-0327db0f6ac8,Tainy,spanish,1,13.286792,2019,2025,exact_normalized_name,matched
Black Sabbath,5182c1d9-c7d2-4dad-afa0-ccfeada921a8,Black Sabbath,heavy metal,52,13.046058,2017,2025,exact_normalized_name,matched
Black Sabbath,5182c1d9-c7d2-4dad-afa0-ccfeada921a8,Black Sabbath,hard rock,21,13.046058,2017,2025,exact_normalized_name,matched
Black Sabbath,5182c1d9-c7d2-4dad-afa0-ccfeada921a8,Black Sabbath,traditional doom metal,14,13.046058,2017,2025,exact_normalized_name,matched
Black Sabbath,5182c1d9-c7d2-4dad-afa0-ccfeada921a8,Black Sabbath,metal,12,13.046058,2017,2025,exact_normalized_name,matched
Black Sabbath,5182c1d9-c7d2-4dad-afa0-ccfeada921a8,Black Sabbath,proto doom,8,13.046058,2017,2025,exact_normalized_name,matched
Black Sabbath,5182c1d9-c7d2-4dad-afa0-ccfeada921a8,Black Sabbath,doom metal,7,13.046058,2017,2025,exact_normalized_name,matched
Black Sabbath,5182c1d9-c7d2-4dad-afa0-ccfeada921a8,Black Sabbath,classic rock,5,13.046058,2017,2025,exact_normalized_name,matched
Black Sabbath,5182c1d9-c7d2-4dad-afa0-ccfeada921a8,Black Sabbath,rock,5,13.046058,2017,2025,exact_normalized_name,matched
Black Sabbath,5182c1d9-c7d2-4dad-afa0-ccfeada921a8,Black Sabbath,british,4,13.046058,2017,2025,exact_normalized_name,matched
Black Sabbath,5182c1d9-c7d2-4dad-afa0-ccfeada921a8,Black Sabbath,blues rock,1,13.046058,2017,2025,exact_normalized_name,matched
Black Sabbath,5182c1d9-c7d2-4dad-afa0-ccfeada921a8,Black Sabbath,birmingham,0,13.046058,2017,2025,exact_normalized_name,matched
Black Sabbath,5182c1d9-c7d2-4dad-afa0-ccfeada921a8,Black Sabbath,black sabbath,0,13.046058,2017,2025,exact_normalized_name,matched
Black Sabbath,5182c1d9-c7d2-4dad-afa0-ccfeada921a8,Black Sabbath,psychedelic rock,0,13.046058,2017,2025,exact_normalized_name,matched
Black Sabbath,5182c1d9-c7d2-4dad-afa0-ccfeada921a8,Black Sabbath,reino unido,0,13.046058,2017,2025,exact_normalized_name,matched
Black Sabbath,5182c1d9-c7d2-4dad-afa0-ccfeada921a8,Black Sabbath,uk,0,13.046058,2017,2025,exact_normalized_name,matched
Black Sabbath,5182c1d9-c7d2-4dad-afa0-ccfeada921a8,Black Sabbath,untied kingdom,0,13.046058,2017,2025,exact_normalized_name,matched
Black Sabbath,5182c1d9-c7d2-4dad-afa0-ccfeada921a8,Black Sabbath,dark,-1,13.046058,2017,2025,exact_normalized_name,matched
Black Sabbath,5182c1d9-c7d2-4dad-afa0-ccfeada921a8,Black Sabbath,england,-1,13.046058,2017,2025,exact_normalized_name,matched
Black Sabbath,5182c1d9-c7d2-4dad-afa0-ccfeada921a8,Black Sabbath,english,-1,13.046058,2017,2025,exact_normalized_name,matched
Black Sabbath,5182c1d9-c7d2-4dad-afa0-ccfeada921a8,Black Sabbath,heavy,-1,13.046058,2017,2025,exact_normalized_name,matched
Black Sabbath,5182c1d9-c7d2-4dad-afa0-ccfeada921a8,Black Sabbath,heavy blues,-1,13.046058,2017,2025,exact_normalized_name,matched
Black Sabbath,5182c1d9-c7d2-4dad-afa0-ccfeada921a8,Black Sabbath,ominous,-1,13.046058,2017,2025,exact_normalized_name,matched
Black Sabbath,5182c1d9-c7d2-4dad-afa0-ccfeada921a8,Black Sabbath,proto-doom,-1,13.046058,2017,2025,exact_normalized_name,matched
Black Sabbath,5182c1d9-c7d2-4dad-afa0-ccfeada921a8,Black Sabbath,jazz-rock,-2,13.046058,2017,2025,exact_normalized_name,matched
Black Sabbath,5182c1d9-c7d2-4dad-afa0-ccfeada921a8,Black Sabbath,nwobhm,-2,13.046058,2017,2025,exact_normalized_name,matched
Black Sabbath,5182c1d9-c7d2-4dad-afa0-ccfeada921a8,Black Sabbath,pop rock,-2,13.046058,2017,2025,exact_normalized_name,matched
Black Sabbath,5182c1d9-c7d2-4dad-afa0-ccfeada921a8,Black Sabbath,want to listen,-2,13.046058,2017,2025,exact_normalized_name,matched
Black Sabbath,5182c1d9-c7d2-4dad-afa0-ccfeada921a8,Black Sabbath,classic pop and rock,-3,13.046058,2017,2025,exact_normalized_name,matched
Black Sabbath,5182c1d9-c7d2-4dad-afa0-ccfeada921a8,Black Sabbath,new wave of british heavy metal,-3,13.046058,2017,2025,exact_normalized_name,matched
Black Sabbath,5182c1d9-c7d2-4dad-afa0-ccfeada921a8,Black Sabbath,reunion,-4,13.046058,2017,2025,exact_normalized_name,matched
Stevie Ray Vaughan,f5426431-f490-4678-ad44-a75c71097bb4,Stevie Ray Vaughan,blues rock,5,13.0198,2020,2025,exact_normalized_name,matched
Stevie Ray Vaughan,f5426431-f490-4678-ad44-a75c71097bb4,Stevie Ray Vaughan,electric texas blues,3,13.0198,2020,2025,exact_normalized_name,matched
Stevie Ray Vaughan,f5426431-f490-4678-ad44-a75c71097bb4,Stevie Ray Vaughan,blues,2,13.0198,2020,2025,exact_normalized_name,matched
Stevie Ray Vaughan,f5426431-f490-4678-ad44-a75c71097bb4,Stevie Ray Vaughan,electric blues,2,13.0198,2020,2025,exact_normalized_name,matched
Stevie Ray Vaughan,f5426431-f490-4678-ad44-a75c71097bb4,Stevie Ray Vaughan,jazz and blues,1,13.0198,2020,2025,exact_normalized_name,matched
Stevie Ray Vaughan,f5426431-f490-4678-ad44-a75c71097bb4,Stevie Ray Vaughan,stevie ray vaughan,1,13.0198,2020,2025,exact_normalized_name,matched
Stevie Ray Vaughan,f5426431-f490-4678-ad44-a75c71097bb4,Stevie Ray Vaughan,texas blues,1,13.0198,2020,2025,exact_normalized_name,matched
Mueka,7ae8c2a6-aff6-49e1-8f8b-853b4434339f,Mueka,latin urban,1,12.881253,2017,2025,exact_normalized_name,matched
Mueka,7ae8c2a6-aff6-49e1-8f8b-853b4434339f,Mueka,reggaeton,1,12.881253,2017,2025,exact_normalized_name,matched
DJ Luian,a6dfbea8-ffbb-4e51-ac3b-59d1c5f55974,DJ Luian,latin urban,2,12.720271,2017,2025,exact_normalized_name,matched
DJ Luian,a6dfbea8-ffbb-4e51-ac3b-59d1c5f55974,DJ Luian,reggaeton,2,12.720271,2017,2025,exact_normalized_name,matched
DJ Luian,a6dfbea8-ffbb-4e51-ac3b-59d1c5f55974,DJ Luian,trap latino,1,12.720271,2017,2025,exact_normalized_name,matched
Alan Gomez,ab2778f4-3521-42b4-b151-fa979ff7f9c5,Alan Gómez,,,12.407499,2018,2024,exact_normalized_name,matched
Yandel,3d291f48-a8be-4113-baad-c73618a7897d,Yandel,reggaeton,3,12.185178,2017,2025,exact_normalized_name,matched
Yandel,3d291f48-a8be-4113-baad-c73618a7897d,Yandel,latin,2,12.185178,2017,2025,exact_normalized_name,matched
Yandel,3d291f48-a8be-4113-baad-c73618a7897d,Yandel,hip-hop,0,12.185178,2017,2025,exact_normalized_name,matched
Rels B,c1a3132a-c23e-4283-8f9a-4080dc52a177,Rels B,,,12.058096,2017,2025,exact_normalized_name,matched
TOTO,aab5c954-cabe-432e-899e-1c4f99757327,Toto,pop rock,9,11.848958,2017,2025,exact_normalized_name,matched
TOTO,aab5c954-cabe-432e-899e-1c4f99757327,Toto,rock,8,11.848958,2017,2025,exact_normalized_name,matched
TOTO,aab5c954-cabe-432e-899e-1c4f99757327,Toto,american,2,11.848958,2017,2025,exact_normalized_name,matched
TOTO,aab5c954-cabe-432e-899e-1c4f99757327,Toto,aor,2,11.848958,2017,2025,exact_normalized_name,matched
TOTO,aab5c954-cabe-432e-899e-1c4f99757327,Toto,hard rock,2,11.848958,2017,2025,exact_normalized_name,matched
TOTO,aab5c954-cabe-432e-899e-1c4f99757327,Toto,jazz fusion,2,11.848958,2017,2025,exact_normalized_name,matched
TOTO,aab5c954-cabe-432e-899e-1c4f99757327,Toto,soft rock,2,11.848958,2017,2025,exact_normalized_name,matched
TOTO,aab5c954-cabe-432e-899e-1c4f99757327,Toto,west coast rock,2,11.848958,2017,2025,exact_normalized_name,matched
TOTO,aab5c954-cabe-432e-899e-1c4f99757327,Toto,yacht rock,2,11.848958,2017,2025,exact_normalized_name,matched
TOTO,aab5c954-cabe-432e-899e-1c4f99757327,Toto,neo-progressive rock,1,11.848958,2017,2025,exact_normalized_name,matched
TOTO,aab5c954-cabe-432e-899e-1c4f99757327,Toto,nuno,1,11.848958,2017,2025,exact_normalized_name,matched
TOTO,aab5c954-cabe-432e-899e-1c4f99757327,Toto,pagan black metal,1,11.848958,2017,2025,exact_normalized_name,matched
TOTO,aab5c954-cabe-432e-899e-1c4f99757327,Toto,progressive rock,1,11.848958,2017,2025,exact_normalized_name,matched
TOTO,aab5c954-cabe-432e-899e-1c4f99757327,Toto,africa,0,11.848958,2017,2025,exact_normalized_name,matched
TOTO,aab5c954-cabe-432e-899e-1c4f99757327,Toto,américain,0,11.848958,2017,2025,exact_normalized_name,matched
TOTO,aab5c954-cabe-432e-899e-1c4f99757327,Toto,classic pop and rock,0,11.848958,2017,2025,exact_normalized_name,matched
TOTO,aab5c954-cabe-432e-899e-1c4f99757327,Toto,jazz,0,11.848958,2017,2025,exact_normalized_name,matched
TOTO,aab5c954-cabe-432e-899e-1c4f99757327,Toto,usa,0,11.848958,2017,2025,exact_normalized_name,matched
Hot Since 82,26ba15a7-e610-4030-a3e0-21e4f5869f2a,Hot Since 82,deep house,1,11.654269,2017,2025,exact_normalized_name,matched
Hot Since 82,26ba15a7-e610-4030-a3e0-21e4f5869f2a,Hot Since 82,house,1,11.654269,2017,2025,exact_normalized_name,matched
Hot Since 82,26ba15a7-e610-4030-a3e0-21e4f5869f2a,Hot Since 82,progressive house,1,11.654269,2017,2025,exact_normalized_name,matched
Hot Since 82,26ba15a7-e610-4030-a3e0-21e4f5869f2a,Hot Since 82,techno,1,11.654269,2017,2025,exact_normalized_name,matched
Eagles,f46bd570-5768-462e-b84c-c7c993bbf47e,Eagles,rock,11,11.550877,2017,2025,exact_normalized_name,matched
Eagles,f46bd570-5768-462e-b84c-c7c993bbf47e,Eagles,country rock,10,11.550877,2017,2025,exact_normalized_name,matched
Eagles,f46bd570-5768-462e-b84c-c7c993bbf47e,Eagles,classic rock,2,11.550877,2017,2025,exact_normalized_name,matched
Eagles,f46bd570-5768-462e-b84c-c7c993bbf47e,Eagles,folk rock,2,11.550877,2017,2025,exact_normalized_name,matched
Eagles,f46bd570-5768-462e-b84c-c7c993bbf47e,Eagles,soft rock,2,11.550877,2017,2025,exact_normalized_name,matched
Eagles,f46bd570-5768-462e-b84c-c7c993bbf47e,Eagles,pop,1,11.550877,2017,2025,exact_normalized_name,matched
Eagles,f46bd570-5768-462e-b84c-c7c993bbf47e,Eagles,pop rock,1,11.550877,2017,2025,exact_normalized_name,matched
Eagles,f46bd570-5768-462e-b84c-c7c993bbf47e,Eagles,2008 universal fire victim,0,11.550877,2017,2025,exact_normalized_name,matched
Eagles,f46bd570-5768-462e-b84c-c7c993bbf47e,Eagles,american,0,11.550877,2017,2025,exact_normalized_name,matched
Eagles,f46bd570-5768-462e-b84c-c7c993bbf47e,Eagles,classic pop and rock,0,11.550877,2017,2025,exact_normalized_name,matched
Eagles,f46bd570-5768-462e-b84c-c7c993bbf47e,Eagles,pop/rock,0,11.550877,2017,2025,exact_normalized_name,matched
Eagles,f46bd570-5768-462e-b84c-c7c993bbf47e,Eagles,urban cowboy,0,11.550877,2017,2025,exact_normalized_name,matched
Eagles,f46bd570-5768-462e-b84c-c7c993bbf47e,Eagles,west coast rock,0,11.550877,2017,2025,exact_normalized_name,matched
Gigolo Y La Exce,19d2df15-8f57-41b3-b1b6-b69ad4f311b4,Gigoló y La Exce,reggaeton,2,11.496566,2017,2025,exact_normalized_name,matched
Gigolo Y La Exce,19d2df15-8f57-41b3-b1b6-b69ad4f311b4,Gigoló y La Exce,latin,1,11.496566,2017,2025,exact_normalized_name,matched
Gigolo Y La Exce,19d2df15-8f57-41b3-b1b6-b69ad4f311b4,Gigoló y La Exce,latin urban,1,11.496566,2017,2025,exact_normalized_name,matched
Gigolo Y La Exce,19d2df15-8f57-41b3-b1b6-b69ad4f311b4,Gigoló y La Exce,trap latino,1,11.496566,2017,2025,exact_normalized_name,matched
Adele,cc2c9c3c-b7bc-4b8b-84d8-4fbd8779e493,Adele,pop,7,11.149617,2017,2025,exact_normalized_name,matched
Adele,cc2c9c3c-b7bc-4b8b-84d8-4fbd8779e493,Adele,soul,5,11.149617,2017,2025,exact_normalized_name,matched
Adele,cc2c9c3c-b7bc-4b8b-84d8-4fbd8779e493,Adele,blue-eyed soul,3,11.149617,2017,2025,exact_normalized_name,matched
Adele,cc2c9c3c-b7bc-4b8b-84d8-4fbd8779e493,Adele,pop soul,3,11.149617,2017,2025,exact_normalized_name,matched
Adele,cc2c9c3c-b7bc-4b8b-84d8-4fbd8779e493,Adele,neo soul,2,11.149617,2017,2025,exact_normalized_name,matched
Adele,cc2c9c3c-b7bc-4b8b-84d8-4fbd8779e493,Adele,2010s,1,11.149617,2017,2025,exact_normalized_name,matched
Adele,cc2c9c3c-b7bc-4b8b-84d8-4fbd8779e493,Adele,aln-sh,1,11.149617,2017,2025,exact_normalized_name,matched
Adele,cc2c9c3c-b7bc-4b8b-84d8-4fbd8779e493,Adele,blues-pop,1,11.149617,2017,2025,exact_normalized_name,matched
Adele,cc2c9c3c-b7bc-4b8b-84d8-4fbd8779e493,Adele,r&b,1,11.149617,2017,2025,exact_normalized_name,matched
Adele,cc2c9c3c-b7bc-4b8b-84d8-4fbd8779e493,Adele,adele,0,11.149617,2017,2025,exact_normalized_name,matched
Adele,cc2c9c3c-b7bc-4b8b-84d8-4fbd8779e493,Adele,adult contemporary,0,11.149617,2017,2025,exact_normalized_name,matched
Adele,cc2c9c3c-b7bc-4b8b-84d8-4fbd8779e493,Adele,music for soccer moms,0,11.149617,2017,2025,exact_normalized_name,matched
Adele,cc2c9c3c-b7bc-4b8b-84d8-4fbd8779e493,Adele,adult alternative pop/rock,-1,11.149617,2017,2025,exact_normalized_name,matched
Adele,cc2c9c3c-b7bc-4b8b-84d8-4fbd8779e493,Adele,alternative/indie rock,-1,11.149617,2017,2025,exact_normalized_name,matched
Adele,cc2c9c3c-b7bc-4b8b-84d8-4fbd8779e493,Adele,blue eyed soul,-1,11.149617,2017,2025,exact_normalized_name,matched
Adele,cc2c9c3c-b7bc-4b8b-84d8-4fbd8779e493,Adele,english singer,-1,11.149617,2017,2025,exact_normalized_name,matched
Adele,cc2c9c3c-b7bc-4b8b-84d8-4fbd8779e493,Adele,jazz,-1,11.149617,2017,2025,exact_normalized_name,matched
Adele,cc2c9c3c-b7bc-4b8b-84d8-4fbd8779e493,Adele,pop and chart,-1,11.149617,2017,2025,exact_normalized_name,matched
Adele,cc2c9c3c-b7bc-4b8b-84d8-4fbd8779e493,Adele,singer,-1,11.149617,2017,2025,exact_normalized_name,matched
Jon Z,4db5a9a8-42bc-4c9e-812b-067cbab04db7,Jon Z,hip hop,1,11.130478,2017,2025,exact_normalized_name,matched
Jon Z,4db5a9a8-42bc-4c9e-812b-067cbab04db7,Jon Z,latin,1,11.130478,2017,2025,exact_normalized_name,matched
Jon Z,4db5a9a8-42bc-4c9e-812b-067cbab04db7,Jon Z,latin urban,1,11.130478,2017,2025,exact_normalized_name,matched
Jowell & Randy,06ce3b27-f371-4a77-9b4b-1f0e71f59e61,Jowell & Randy,reggaeton,2,11.051371,2017,2025,exact_normalized_name,matched
Jowell & Randy,06ce3b27-f371-4a77-9b4b-1f0e71f59e61,Jowell & Randy,latin,1,11.051371,2017,2025,exact_normalized_name,matched
Jowell & Randy,06ce3b27-f371-4a77-9b4b-1f0e71f59e61,Jowell & Randy,latin urban,1,11.051371,2017,2025,exact_normalized_name,matched
Michael Jackson,f27ec8db-af05-4f36-916e-3d57f91ecf5e,Michael Jackson,pop,35,11.003622,2017,2025,exact_normalized_name,matched
Michael Jackson,f27ec8db-af05-4f36-916e-3d57f91ecf5e,Michael Jackson,dance-pop,20,11.003622,2017,2025,exact_normalized_name,matched
Michael Jackson,f27ec8db-af05-4f36-916e-3d57f91ecf5e,Michael Jackson,disco,19,11.003622,2017,2025,exact_normalized_name,matched
Michael Jackson,f27ec8db-af05-4f36-916e-3d57f91ecf5e,Michael Jackson,contemporary r&b,17,11.003622,2017,2025,exact_normalized_name,matched
Michael Jackson,f27ec8db-af05-4f36-916e-3d57f91ecf5e,Michael Jackson,pop soul,9,11.003622,2017,2025,exact_normalized_name,matched
Michael Jackson,f27ec8db-af05-4f36-916e-3d57f91ecf5e,Michael Jackson,soul,6,11.003622,2017,2025,exact_normalized_name,matched
Michael Jackson,f27ec8db-af05-4f36-916e-3d57f91ecf5e,Michael Jackson,r&b,4,11.003622,2017,2025,exact_normalized_name,matched
Michael Jackson,f27ec8db-af05-4f36-916e-3d57f91ecf5e,Michael Jackson,new jack swing,3,11.003622,2017,2025,exact_normalized_name,matched
Michael Jackson,f27ec8db-af05-4f36-916e-3d57f91ecf5e,Michael Jackson,pop rock,3,11.003622,2017,2025,exact_normalized_name,matched
Michael Jackson,f27ec8db-af05-4f36-916e-3d57f91ecf5e,Michael Jackson,post-disco,3,11.003622,2017,2025,exact_normalized_name,matched
Michael Jackson,f27ec8db-af05-4f36-916e-3d57f91ecf5e,Michael Jackson,american,1,11.003622,2017,2025,exact_normalized_name,matched
Michael Jackson,f27ec8db-af05-4f36-916e-3d57f91ecf5e,Michael Jackson,ballad,1,11.003622,2017,2025,exact_normalized_name,matched
Michael Jackson,f27ec8db-af05-4f36-916e-3d57f91ecf5e,Michael Jackson,boogie,1,11.003622,2017,2025,exact_normalized_name,matched
Michael Jackson,f27ec8db-af05-4f36-916e-3d57f91ecf5e,Michael Jackson,dance,1,11.003622,2017,2025,exact_normalized_name,matched
Michael Jackson,f27ec8db-af05-4f36-916e-3d57f91ecf5e,Michael Jackson,hip hop,1,11.003622,2017,2025,exact_normalized_name,matched
Michael Jackson,f27ec8db-af05-4f36-916e-3d57f91ecf5e,Michael Jackson,michael jackson,1,11.003622,2017,2025,exact_normalized_name,matched
Michael Jackson,f27ec8db-af05-4f36-916e-3d57f91ecf5e,Michael Jackson,pop rap,1,11.003622,2017,2025,exact_normalized_name,matched
Michael Jackson,f27ec8db-af05-4f36-916e-3d57f91ecf5e,Michael Jackson,vocal,1,11.003622,2017,2025,exact_normalized_name,matched
Michael Jackson,f27ec8db-af05-4f36-916e-3d57f91ecf5e,Michael Jackson,blues,0,11.003622,2017,2025,exact_normalized_name,matched
Michael Jackson,f27ec8db-af05-4f36-916e-3d57f91ecf5e,Michael Jackson,cultural icon,0,11.003622,2017,2025,exact_normalized_name,matched
Michael Jackson,f27ec8db-af05-4f36-916e-3d57f91ecf5e,Michael Jackson,death by drug overdose,0,11.003622,2017,2025,exact_normalized_name,matched
Michael Jackson,f27ec8db-af05-4f36-916e-3d57f91ecf5e,Michael Jackson,folk pop,0,11.003622,2017,2025,exact_normalized_name,matched
Michael Jackson,f27ec8db-af05-4f36-916e-3d57f91ecf5e,Michael Jackson,funk,0,11.003622,2017,2025,exact_normalized_name,matched
Michael Jackson,f27ec8db-af05-4f36-916e-3d57f91ecf5e,Michael Jackson,motown,0,11.003622,2017,2025,exact_normalized_name,matched
Michael Jackson,f27ec8db-af05-4f36-916e-3d57f91ecf5e,Michael Jackson,rock,0,11.003622,2017,2025,exact_normalized_name,matched
Michael Jackson,f27ec8db-af05-4f36-916e-3d57f91ecf5e,Michael Jackson,américain,-1,11.003622,2017,2025,exact_normalized_name,matched
Michael Jackson,f27ec8db-af05-4f36-916e-3d57f91ecf5e,Michael Jackson,chanteur,-1,11.003622,2017,2025,exact_normalized_name,matched
Michael Jackson,f27ec8db-af05-4f36-916e-3d57f91ecf5e,Michael Jackson,classic pop and rock,-1,11.003622,2017,2025,exact_normalized_name,matched
Michael Jackson,f27ec8db-af05-4f36-916e-3d57f91ecf5e,Michael Jackson,composer,-1,11.003622,2017,2025,exact_normalized_name,matched
Michael Jackson,f27ec8db-af05-4f36-916e-3d57f91ecf5e,Michael Jackson,compositeur,-1,11.003622,2017,2025,exact_normalized_name,matched
Michael Jackson,f27ec8db-af05-4f36-916e-3d57f91ecf5e,Michael Jackson,contemporary rnb,-1,11.003622,2017,2025,exact_normalized_name,matched
Michael Jackson,f27ec8db-af05-4f36-916e-3d57f91ecf5e,Michael Jackson,cool,-1,11.003622,2017,2025,exact_normalized_name,matched
Michael Jackson,f27ec8db-af05-4f36-916e-3d57f91ecf5e,Michael Jackson,lyricist,-1,11.003622,2017,2025,exact_normalized_name,matched
Michael Jackson,f27ec8db-af05-4f36-916e-3d57f91ecf5e,Michael Jackson,michael-jackson,-1,11.003622,2017,2025,exact_normalized_name,matched
Michael Jackson,f27ec8db-af05-4f36-916e-3d57f91ecf5e,Michael Jackson,parolier,-1,11.003622,2017,2025,exact_normalized_name,matched
Michael Jackson,f27ec8db-af05-4f36-916e-3d57f91ecf5e,Michael Jackson,rhythm and blues,-1,11.003622,2017,2025,exact_normalized_name,matched
Michael Jackson,f27ec8db-af05-4f36-916e-3d57f91ecf5e,Michael Jackson,rnb,-1,11.003622,2017,2025,exact_normalized_name,matched
Michael Jackson,f27ec8db-af05-4f36-916e-3d57f91ecf5e,Michael Jackson,singer,-1,11.003622,2017,2025,exact_normalized_name,matched
Michael Jackson,f27ec8db-af05-4f36-916e-3d57f91ecf5e,Michael Jackson,united states,-1,11.003622,2017,2025,exact_normalized_name,matched
Michael Jackson,f27ec8db-af05-4f36-916e-3d57f91ecf5e,Michael Jackson,usa,-1,11.003622,2017,2025,exact_normalized_name,matched
Boris Brejcha,ae0d1794-c9d3-4436-94fc-ceff6130da2c,Boris Brejcha,minimal techno,6,10.943537,2017,2025,exact_normalized_name,matched
Boris Brejcha,ae0d1794-c9d3-4436-94fc-ceff6130da2c,Boris Brejcha,tech house,3,10.943537,2017,2025,exact_normalized_name,matched
Boris Brejcha,ae0d1794-c9d3-4436-94fc-ceff6130da2c,Boris Brejcha,electronic,2,10.943537,2017,2025,exact_normalized_name,matched
Boris Brejcha,ae0d1794-c9d3-4436-94fc-ceff6130da2c,Boris Brejcha,techno,2,10.943537,2017,2025,exact_normalized_name,matched
Boris Brejcha,ae0d1794-c9d3-4436-94fc-ceff6130da2c,Boris Brejcha,dance,1,10.943537,2017,2025,exact_normalized_name,matched
Boris Brejcha,ae0d1794-c9d3-4436-94fc-ceff6130da2c,Boris Brejcha,melodic techno,1,10.943537,2017,2025,exact_normalized_name,matched
Boris Brejcha,ae0d1794-c9d3-4436-94fc-ceff6130da2c,Boris Brejcha,progressive house,1,10.943537,2017,2025,exact_normalized_name,matched
Boris Brejcha,ae0d1794-c9d3-4436-94fc-ceff6130da2c,Boris Brejcha,trance,1,10.943537,2017,2025,exact_normalized_name,matched
Miky Woodz,59bc1ba2-ce50-4c2c-985b-0502b281f19a,Miky Woodz,hip hop,1,10.726446,2017,2023,exact_normalized_name,matched
Miky Woodz,59bc1ba2-ce50-4c2c-985b-0502b281f19a,Miky Woodz,latin urban,1,10.726446,2017,2023,exact_normalized_name,matched
Miky Woodz,59bc1ba2-ce50-4c2c-985b-0502b281f19a,Miky Woodz,reggaeton,1,10.726446,2017,2023,exact_normalized_name,matched
Miky Woodz,59bc1ba2-ce50-4c2c-985b-0502b281f19a,Miky Woodz,trap latino,1,10.726446,2017,2023,exact_normalized_name,matched
Frank Sinatra,197450cd-0124-4164-b723-3c22dd16494d,Frank Sinatra,jazz,11,10.585684,2017,2025,exact_normalized_name,matched
Frank Sinatra,197450cd-0124-4164-b723-3c22dd16494d,Frank Sinatra,swing,8,10.585684,2017,2025,exact_normalized_name,matched
Frank Sinatra,197450cd-0124-4164-b723-3c22dd16494d,Frank Sinatra,traditional pop,7,10.585684,2017,2025,exact_normalized_name,matched
Frank Sinatra,197450cd-0124-4164-b723-3c22dd16494d,Frank Sinatra,vocal jazz,7,10.585684,2017,2025,exact_normalized_name,matched
Frank Sinatra,197450cd-0124-4164-b723-3c22dd16494d,Frank Sinatra,big band,3,10.585684,2017,2025,exact_normalized_name,matched
Frank Sinatra,197450cd-0124-4164-b723-3c22dd16494d,Frank Sinatra,christmas music,3,10.585684,2017,2025,exact_normalized_name,matched
Frank Sinatra,197450cd-0124-4164-b723-3c22dd16494d,Frank Sinatra,standards,3,10.585684,2017,2025,exact_normalized_name,matched
Frank Sinatra,197450cd-0124-4164-b723-3c22dd16494d,Frank Sinatra,easy listening,2,10.585684,2017,2025,exact_normalized_name,matched
Frank Sinatra,197450cd-0124-4164-b723-3c22dd16494d,Frank Sinatra,acting,1,10.585684,2017,2025,exact_normalized_name,matched
Frank Sinatra,197450cd-0124-4164-b723-3c22dd16494d,Frank Sinatra,actors,1,10.585684,2017,2025,exact_normalized_name,matched
Frank Sinatra,197450cd-0124-4164-b723-3c22dd16494d,Frank Sinatra,christmas,1,10.585684,2017,2025,exact_normalized_name,matched
Frank Sinatra,197450cd-0124-4164-b723-3c22dd16494d,Frank Sinatra,lounge,1,10.585684,2017,2025,exact_normalized_name,matched
Frank Sinatra,197450cd-0124-4164-b723-3c22dd16494d,Frank Sinatra,motion picture producers and directors,1,10.585684,2017,2025,exact_normalized_name,matched
Frank Sinatra,197450cd-0124-4164-b723-3c22dd16494d,Frank Sinatra,motion pictures--production and direction,1,10.585684,2017,2025,exact_normalized_name,matched
Frank Sinatra,197450cd-0124-4164-b723-3c22dd16494d,Frank Sinatra,pop,1,10.585684,2017,2025,exact_normalized_name,matched
Frank Sinatra,197450cd-0124-4164-b723-3c22dd16494d,Frank Sinatra,singers,1,10.585684,2017,2025,exact_normalized_name,matched
Frank Sinatra,197450cd-0124-4164-b723-3c22dd16494d,Frank Sinatra,singing,1,10.585684,2017,2025,exact_normalized_name,matched
Frank Sinatra,197450cd-0124-4164-b723-3c22dd16494d,Frank Sinatra,ultimate,1,10.585684,2017,2025,exact_normalized_name,matched
Frank Sinatra,197450cd-0124-4164-b723-3c22dd16494d,Frank Sinatra,vocal,1,10.585684,2017,2025,exact_normalized_name,matched
Frank Sinatra,197450cd-0124-4164-b723-3c22dd16494d,Frank Sinatra,baroque pop,0,10.585684,2017,2025,exact_normalized_name,matched
Frank Sinatra,197450cd-0124-4164-b723-3c22dd16494d,Frank Sinatra,columbia,0,10.585684,2017,2025,exact_normalized_name,matched
Frank Sinatra,197450cd-0124-4164-b723-3c22dd16494d,Frank Sinatra,duets,0,10.585684,2017,2025,exact_normalized_name,matched
Frank Sinatra,197450cd-0124-4164-b723-3c22dd16494d,Frank Sinatra,easy listening soundtracks and musicals,0,10.585684,2017,2025,exact_normalized_name,matched
Frank Sinatra,197450cd-0124-4164-b723-3c22dd16494d,Frank Sinatra,chrismas,-1,10.585684,2017,2025,exact_normalized_name,matched
Frank Sinatra,197450cd-0124-4164-b723-3c22dd16494d,Frank Sinatra,garland,-1,10.585684,2017,2025,exact_normalized_name,matched
Frank Sinatra,197450cd-0124-4164-b723-3c22dd16494d,Frank Sinatra,my way,-1,10.585684,2017,2025,exact_normalized_name,matched
Frank Sinatra,197450cd-0124-4164-b723-3c22dd16494d,Frank Sinatra,swing; jazz; big band; christmas,-1,10.585684,2017,2025,exact_normalized_name,matched
Sting,7944ed53-2a58-4035-9b93-140a71e41c34,Sting,pop,9,10.53579,2017,2025,exact_normalized_name,matched
Sting,7944ed53-2a58-4035-9b93-140a71e41c34,Sting,pop rock,8,10.53579,2017,2025,exact_normalized_name,matched
Sting,7944ed53-2a58-4035-9b93-140a71e41c34,Sting,jazz pop,5,10.53579,2017,2025,exact_normalized_name,matched
Sting,7944ed53-2a58-4035-9b93-140a71e41c34,Sting,rock,4,10.53579,2017,2025,exact_normalized_name,matched
Sting,7944ed53-2a58-4035-9b93-140a71e41c34,Sting,dance-rock,3,10.53579,2017,2025,exact_normalized_name,matched
Sting,7944ed53-2a58-4035-9b93-140a71e41c34,Sting,new wave,3,10.53579,2017,2025,exact_normalized_name,matched
Sting,7944ed53-2a58-4035-9b93-140a71e41c34,Sting,singer-songwriter,3,10.53579,2017,2025,exact_normalized_name,matched
Sting,7944ed53-2a58-4035-9b93-140a71e41c34,Sting,adult contemporary,2,10.53579,2017,2025,exact_normalized_name,matched
Sting,7944ed53-2a58-4035-9b93-140a71e41c34,Sting,jazz,2,10.53579,2017,2025,exact_normalized_name,matched
Sting,7944ed53-2a58-4035-9b93-140a71e41c34,Sting,reggae-pop,2,10.53579,2017,2025,exact_normalized_name,matched
Sting,7944ed53-2a58-4035-9b93-140a71e41c34,Sting,soft rock,2,10.53579,2017,2025,exact_normalized_name,matched
Sting,7944ed53-2a58-4035-9b93-140a71e41c34,Sting,sophisti-pop,2,10.53579,2017,2025,exact_normalized_name,matched
Sting,7944ed53-2a58-4035-9b93-140a71e41c34,Sting,classical,1,10.53579,2017,2025,exact_normalized_name,matched
Sting,7944ed53-2a58-4035-9b93-140a71e41c34,Sting,2008 universal fire victim,0,10.53579,2017,2025,exact_normalized_name,matched
Sting,7944ed53-2a58-4035-9b93-140a71e41c34,Sting,british,0,10.53579,2017,2025,exact_normalized_name,matched
Sting,7944ed53-2a58-4035-9b93-140a71e41c34,Sting,duo,0,10.53579,2017,2025,exact_normalized_name,matched
Sting,7944ed53-2a58-4035-9b93-140a71e41c34,Sting,english,0,10.53579,2017,2025,exact_normalized_name,matched
Sting,7944ed53-2a58-4035-9b93-140a71e41c34,Sting,nuno,0,10.53579,2017,2025,exact_normalized_name,matched
Sting,7944ed53-2a58-4035-9b93-140a71e41c34,Sting,singer/songwriter,0,10.53579,2017,2025,exact_normalized_name,matched
Sting,7944ed53-2a58-4035-9b93-140a71e41c34,Sting,uk,0,10.53579,2017,2025,exact_normalized_name,matched
Sting,7944ed53-2a58-4035-9b93-140a71e41c34,Sting,*england→north east→wallsend,-1,10.53579,2017,2025,exact_normalized_name,matched
Chris Jedi,918e77fc-f42b-4fa2-a8c0-4e7720e4e724,Chris Jedi,latin,1,10.404472,2017,2025,exact_normalized_name,matched
Chris Jedi,918e77fc-f42b-4fa2-a8c0-4e7720e4e724,Chris Jedi,latin urban,1,10.404472,2017,2025,exact_normalized_name,matched
Chris Jedi,918e77fc-f42b-4fa2-a8c0-4e7720e4e724,Chris Jedi,reggaeton,1,10.404472,2017,2025,exact_normalized_name,matched
Duki,44869536-0262-4f22-9c23-b4821c13cd97,Duki,trap latino,4,10.3211,2017,2024,exact_normalized_name,matched
Duki,44869536-0262-4f22-9c23-b4821c13cd97,Duki,hip hop,3,10.3211,2017,2024,exact_normalized_name,matched
Duki,44869536-0262-4f22-9c23-b4821c13cd97,Duki,latin,3,10.3211,2017,2024,exact_normalized_name,matched
Duki,44869536-0262-4f22-9c23-b4821c13cd97,Duki,argentine trap,2,10.3211,2017,2024,exact_normalized_name,matched
Duki,44869536-0262-4f22-9c23-b4821c13cd97,Duki,freestyle rap,1,10.3211,2017,2024,exact_normalized_name,matched
Duki,44869536-0262-4f22-9c23-b4821c13cd97,Duki,latin freestyle,1,10.3211,2017,2024,exact_normalized_name,matched
Duki,44869536-0262-4f22-9c23-b4821c13cd97,Duki,latin hip-hop,1,10.3211,2017,2024,exact_normalized_name,matched
Duki,44869536-0262-4f22-9c23-b4821c13cd97,Duki,latin rap,1,10.3211,2017,2024,exact_normalized_name,matched
Duki,44869536-0262-4f22-9c23-b4821c13cd97,Duki,pop rap,1,10.3211,2017,2024,exact_normalized_name,matched
Duki,44869536-0262-4f22-9c23-b4821c13cd97,Duki,pop rock,1,10.3211,2017,2024,exact_normalized_name,matched
Duki,44869536-0262-4f22-9c23-b4821c13cd97,Duki,reggaeton,1,10.3211,2017,2024,exact_normalized_name,matched
Duki,44869536-0262-4f22-9c23-b4821c13cd97,Duki,trap,1,10.3211,2017,2024,exact_normalized_name,matched
Duki,44869536-0262-4f22-9c23-b4821c13cd97,Duki,trap (latin),1,10.3211,2017,2024,exact_normalized_name,matched
Revol,e79f452c-d174-4c36-919e-a80f71aa4cf6,Revol,latin,1,10.237376,2017,2024,exact_normalized_name,matched
Revol,e79f452c-d174-4c36-919e-a80f71aa4cf6,Revol,reggaeton,1,10.237376,2017,2024,exact_normalized_name,matched
Chet Baker,1ba1d493-7114-45e2-b163-a36d49a0c065,Chet Baker,jazz,6,9.902706,2018,2025,exact_normalized_name,matched
Chet Baker,1ba1d493-7114-45e2-b163-a36d49a0c065,Chet Baker,2008 universal fire victim,1,9.902706,2018,2025,exact_normalized_name,matched
Chet Baker,1ba1d493-7114-45e2-b163-a36d49a0c065,Chet Baker,american,1,9.902706,2018,2025,exact_normalized_name,matched
Chet Baker,1ba1d493-7114-45e2-b163-a36d49a0c065,Chet Baker,jazz and blues,1,9.902706,2018,2025,exact_normalized_name,matched
Chet Baker,1ba1d493-7114-45e2-b163-a36d49a0c065,Chet Baker,west coast jazz,1,9.902706,2018,2025,exact_normalized_name,matched
Andrés Calamaro,5a092e7c-faa9-45d0-88c6-052205804e6c,Andrés Calamaro,rock,2,9.777664,2017,2025,exact_normalized_name,matched
Andrés Calamaro,5a092e7c-faa9-45d0-88c6-052205804e6c,Andrés Calamaro,argentina,1,9.777664,2017,2025,exact_normalized_name,matched
La Nueva Luna,ab710660-5f5d-42a1-9083-c6c9f2696efd,La Nueva Luna,,,9.700029,2017,2025,exact_normalized_name,matched
The Police,9e0e2b01-41db-4008-bd8b-988977d6019a,The Police,new wave,10,9.648202,2017,2025,exact_normalized_name,matched
The Police,9e0e2b01-41db-4008-bd8b-988977d6019a,The Police,rock,8,9.648202,2017,2025,exact_normalized_name,matched
The Police,9e0e2b01-41db-4008-bd8b-988977d6019a,The Police,pop rock,6,9.648202,2017,2025,exact_normalized_name,matched
The Police,9e0e2b01-41db-4008-bd8b-988977d6019a,The Police,post-punk,5,9.648202,2017,2025,exact_normalized_name,matched
The Police,9e0e2b01-41db-4008-bd8b-988977d6019a,The Police,reggae rock,3,9.648202,2017,2025,exact_normalized_name,matched
The Police,9e0e2b01-41db-4008-bd8b-988977d6019a,The Police,indie rock,1,9.648202,2017,2025,exact_normalized_name,matched
The Police,9e0e2b01-41db-4008-bd8b-988977d6019a,The Police,punk,1,9.648202,2017,2025,exact_normalized_name,matched
The Police,9e0e2b01-41db-4008-bd8b-988977d6019a,The Police,2008 universal fire victim,0,9.648202,2017,2025,exact_normalized_name,matched
The Police,9e0e2b01-41db-4008-bd8b-988977d6019a,The Police,alternative,0,9.648202,2017,2025,exact_normalized_name,matched
The Police,9e0e2b01-41db-4008-bd8b-988977d6019a,The Police,alternative rock,0,9.648202,2017,2025,exact_normalized_name,matched
The Police,9e0e2b01-41db-4008-bd8b-988977d6019a,The Police,british,0,9.648202,2017,2025,exact_normalized_name,matched
The Police,9e0e2b01-41db-4008-bd8b-988977d6019a,The Police,classic pop and rock,0,9.648202,2017,2025,exact_normalized_name,matched
The Police,9e0e2b01-41db-4008-bd8b-988977d6019a,The Police,england,0,9.648202,2017,2025,exact_normalized_name,matched
The Police,9e0e2b01-41db-4008-bd8b-988977d6019a,The Police,english,0,9.648202,2017,2025,exact_normalized_name,matched
The Police,9e0e2b01-41db-4008-bd8b-988977d6019a,The Police,pop reggae,0,9.648202,2017,2025,exact_normalized_name,matched
The Police,9e0e2b01-41db-4008-bd8b-988977d6019a,The Police,pop/rock,0,9.648202,2017,2025,exact_normalized_name,matched
The Police,9e0e2b01-41db-4008-bd8b-988977d6019a,The Police,power pop,0,9.648202,2017,2025,exact_normalized_name,matched
The Police,9e0e2b01-41db-4008-bd8b-988977d6019a,The Police,punk rock,0,9.648202,2017,2025,exact_normalized_name,matched
The Police,9e0e2b01-41db-4008-bd8b-988977d6019a,The Police,the police,0,9.648202,2017,2025,exact_normalized_name,matched
The Police,9e0e2b01-41db-4008-bd8b-988977d6019a,The Police,uk,0,9.648202,2017,2025,exact_normalized_name,matched
Sech,709f5e96-51cd-49b4-a8e4-0ca0bf808de3,Sech,reggaeton,3,9.316181,2018,2025,exact_normalized_name,matched
Sech,709f5e96-51cd-49b4-a8e4-0ca0bf808de3,Sech,latin,2,9.316181,2018,2025,exact_normalized_name,matched
Sech,709f5e96-51cd-49b4-a8e4-0ca0bf808de3,Sech,latin urban,2,9.316181,2018,2025,exact_normalized_name,matched
Mala Fama,fc9cd11f-cb69-4e54-a459-86fe8ab2553d,Mala Fama,,,9.123624,2018,2024,exact_normalized_name,matched
La T y La M,7ab0a332-b1c1-42a6-82f8-043bad742d77,La T y La M,cuarteto,1,9.081776,2021,2025,exact_normalized_name,matched
La T y La M,7ab0a332-b1c1-42a6-82f8-043bad742d77,La T y La M,cumbia,1,9.081776,2021,2025,exact_normalized_name,matched
La T y La M,7ab0a332-b1c1-42a6-82f8-043bad742d77,La T y La M,latin,1,9.081776,2021,2025,exact_normalized_name,matched
La T y La M,7ab0a332-b1c1-42a6-82f8-043bad742d77,La T y La M,rkt,1,9.081776,2021,2025,exact_normalized_name,matched
La T y La M,7ab0a332-b1c1-42a6-82f8-043bad742d77,La T y La M,turreo,1,9.081776,2021,2025,exact_normalized_name,matched
Los del Fuego,80a66b38-8551-45ec-89cb-26d47cd08ead,Los del Fuego,,,9.060499,2017,2025,exact_normalized_name,matched
Nino Bravo,2b5e746c-f565-4a29-9fae-ed1d914e9070,Nino Bravo,,,8.881297,2017,2025,exact_normalized_name,matched
Lunay,cabbb345-e61c-4e80-a0a8-a3beb2823851,Lunay,latin,1,8.773522,2018,2025,exact_normalized_name,matched
Lunay,cabbb345-e61c-4e80-a0a8-a3beb2823851,Lunay,latin urban,1,8.773522,2018,2025,exact_normalized_name,matched
Lunay,cabbb345-e61c-4e80-a0a8-a3beb2823851,Lunay,reggaeton,1,8.773522,2018,2025,exact_normalized_name,matched
NTO,619f53fa-0f28-4f02-a313-9078979fd04c,NTO,electronic,2,8.719939,2020,2025,exact_normalized_name,matched
NTO,619f53fa-0f28-4f02-a313-9078979fd04c,NTO,producer,1,8.719939,2020,2025,exact_normalized_name,matched
NTO,619f53fa-0f28-4f02-a313-9078979fd04c,NTO,techno,1,8.719939,2020,2025,exact_normalized_name,matched
Don Omar,afbdfac9-2955-4404-ae22-c08bf1c1b51e,Don Omar,reggaeton,4,8.472225,2017,2025,exact_normalized_name,matched
Don Omar,afbdfac9-2955-4404-ae22-c08bf1c1b51e,Don Omar,latin urban,2,8.472225,2017,2025,exact_normalized_name,matched
Don Omar,afbdfac9-2955-4404-ae22-c08bf1c1b51e,Don Omar,latin,1,8.472225,2017,2025,exact_normalized_name,matched
Don Omar,afbdfac9-2955-4404-ae22-c08bf1c1b51e,Don Omar,reggaetón,0,8.472225,2017,2025,exact_normalized_name,matched
System Of A Down,cc0b7089-c08d-4c10-b6b0-873582c17fd6,System of a Down,alternative metal,20,8.434067,2017,2025,exact_normalized_name,matched
System Of A Down,cc0b7089-c08d-4c10-b6b0-873582c17fd6,System of a Down,alternative rock,6,8.434067,2017,2025,exact_normalized_name,matched
System Of A Down,cc0b7089-c08d-4c10-b6b0-873582c17fd6,System of a Down,nu metal,5,8.434067,2017,2025,exact_normalized_name,matched
System Of A Down,cc0b7089-c08d-4c10-b6b0-873582c17fd6,System of a Down,heavy metal,3,8.434067,2017,2025,exact_normalized_name,matched
System Of A Down,cc0b7089-c08d-4c10-b6b0-873582c17fd6,System of a Down,hard rock,1,8.434067,2017,2025,exact_normalized_name,matched
System Of A Down,cc0b7089-c08d-4c10-b6b0-873582c17fd6,System of a Down,hard alternative,0,8.434067,2017,2025,exact_normalized_name,matched
System Of A Down,cc0b7089-c08d-4c10-b6b0-873582c17fd6,System of a Down,american,-1,8.434067,2017,2025,exact_normalized_name,matched
System Of A Down,cc0b7089-c08d-4c10-b6b0-873582c17fd6,System of a Down,avant-garde metal,-1,8.434067,2017,2025,exact_normalized_name,matched
System Of A Down,cc0b7089-c08d-4c10-b6b0-873582c17fd6,System of a Down,crossover,-1,8.434067,2017,2025,exact_normalized_name,matched
System Of A Down,cc0b7089-c08d-4c10-b6b0-873582c17fd6,System of a Down,experimental rock,-1,8.434067,2017,2025,exact_normalized_name,matched
System Of A Down,cc0b7089-c08d-4c10-b6b0-873582c17fd6,System of a Down,metal,-1,8.434067,2017,2025,exact_normalized_name,matched
System Of A Down,cc0b7089-c08d-4c10-b6b0-873582c17fd6,System of a Down,new metal,-1,8.434067,2017,2025,exact_normalized_name,matched
System Of A Down,cc0b7089-c08d-4c10-b6b0-873582c17fd6,System of a Down,rock,-1,8.434067,2017,2025,exact_normalized_name,matched
System Of A Down,cc0b7089-c08d-4c10-b6b0-873582c17fd6,System of a Down,rock and indie,-1,8.434067,2017,2025,exact_normalized_name,matched
System Of A Down,cc0b7089-c08d-4c10-b6b0-873582c17fd6,System of a Down,political,-2,8.434067,2017,2025,exact_normalized_name,matched
Norah Jones,985c709c-7771-4de3-9024-7bda29ebe3f9,Norah Jones,vocal jazz,9,8.421279,2024,2025,exact_normalized_name,matched
Norah Jones,985c709c-7771-4de3-9024-7bda29ebe3f9,Norah Jones,jazz,7,8.421279,2024,2025,exact_normalized_name,matched
Norah Jones,985c709c-7771-4de3-9024-7bda29ebe3f9,Norah Jones,singer-songwriter,5,8.421279,2024,2025,exact_normalized_name,matched
Norah Jones,985c709c-7771-4de3-9024-7bda29ebe3f9,Norah Jones,jazz pop,3,8.421279,2024,2025,exact_normalized_name,matched
Norah Jones,985c709c-7771-4de3-9024-7bda29ebe3f9,Norah Jones,blues,2,8.421279,2024,2025,exact_normalized_name,matched
Norah Jones,985c709c-7771-4de3-9024-7bda29ebe3f9,Norah Jones,contemporary vocal jazz,2,8.421279,2024,2025,exact_normalized_name,matched
Norah Jones,985c709c-7771-4de3-9024-7bda29ebe3f9,Norah Jones,folk,2,8.421279,2024,2025,exact_normalized_name,matched
Norah Jones,985c709c-7771-4de3-9024-7bda29ebe3f9,Norah Jones,indie pop,2,8.421279,2024,2025,exact_normalized_name,matched
Norah Jones,985c709c-7771-4de3-9024-7bda29ebe3f9,Norah Jones,neo mellow,2,8.421279,2024,2025,exact_normalized_name,matched
Norah Jones,985c709c-7771-4de3-9024-7bda29ebe3f9,Norah Jones,pop,2,8.421279,2024,2025,exact_normalized_name,matched
Norah Jones,985c709c-7771-4de3-9024-7bda29ebe3f9,Norah Jones,american,1,8.421279,2024,2025,exact_normalized_name,matched
Norah Jones,985c709c-7771-4de3-9024-7bda29ebe3f9,Norah Jones,christmas music,1,8.421279,2024,2025,exact_normalized_name,matched
Norah Jones,985c709c-7771-4de3-9024-7bda29ebe3f9,Norah Jones,country,1,8.421279,2024,2025,exact_normalized_name,matched
Norah Jones,985c709c-7771-4de3-9024-7bda29ebe3f9,Norah Jones,pop soul,1,8.421279,2024,2025,exact_normalized_name,matched
Norah Jones,985c709c-7771-4de3-9024-7bda29ebe3f9,Norah Jones,traditional pop,1,8.421279,2024,2025,exact_normalized_name,matched
Norah Jones,985c709c-7771-4de3-9024-7bda29ebe3f9,Norah Jones,adult contemporary,0,8.421279,2024,2025,exact_normalized_name,matched
Norah Jones,985c709c-7771-4de3-9024-7bda29ebe3f9,Norah Jones,americana,0,8.421279,2024,2025,exact_normalized_name,matched
Norah Jones,985c709c-7771-4de3-9024-7bda29ebe3f9,Norah Jones,contemporary jazz,0,8.421279,2024,2025,exact_normalized_name,matched
Norah Jones,985c709c-7771-4de3-9024-7bda29ebe3f9,Norah Jones,country pop,0,8.421279,2024,2025,exact_normalized_name,matched
Norah Jones,985c709c-7771-4de3-9024-7bda29ebe3f9,Norah Jones,female vocalists,0,8.421279,2024,2025,exact_normalized_name,matched
Norah Jones,985c709c-7771-4de3-9024-7bda29ebe3f9,Norah Jones,jazz blues,0,8.421279,2024,2025,exact_normalized_name,matched
Norah Jones,985c709c-7771-4de3-9024-7bda29ebe3f9,Norah Jones,singer/songwriter,0,8.421279,2024,2025,exact_normalized_name,matched
Norah Jones,985c709c-7771-4de3-9024-7bda29ebe3f9,Norah Jones,soul,0,8.421279,2024,2025,exact_normalized_name,matched
Norah Jones,985c709c-7771-4de3-9024-7bda29ebe3f9,Norah Jones,easy listening,-1,8.421279,2024,2025,exact_normalized_name,matched
Norah Jones,985c709c-7771-4de3-9024-7bda29ebe3f9,Norah Jones,jazz and blues,-1,8.421279,2024,2025,exact_normalized_name,matched
Paul Kalkbrenner,a5f92d47-b562-4582-b267-71963a515f4c,Paul Kalkbrenner,downbeat,2,8.388197,2018,2025,exact_normalized_name,matched
Paul Kalkbrenner,a5f92d47-b562-4582-b267-71963a515f4c,Paul Kalkbrenner,electronica,2,8.388197,2018,2025,exact_normalized_name,matched
Paul Kalkbrenner,a5f92d47-b562-4582-b267-71963a515f4c,Paul Kalkbrenner,minimal techno,2,8.388197,2018,2025,exact_normalized_name,matched
Paul Kalkbrenner,a5f92d47-b562-4582-b267-71963a515f4c,Paul Kalkbrenner,techno,2,8.388197,2018,2025,exact_normalized_name,matched
Paul Kalkbrenner,a5f92d47-b562-4582-b267-71963a515f4c,Paul Kalkbrenner,germany,1,8.388197,2018,2025,exact_normalized_name,matched
Axel Caram,090eeb60-bcf7-4240-a068-ed80f468362b,Axel Caram,,,8.299164,2018,2023,exact_normalized_name,matched
Rage Against The Machine,3798b104-01cb-484c-a3b0-56adc6399b80,Rage Against the Machine,alternative metal,13,8.281878,2017,2025,exact_normalized_name,matched
Rage Against The Machine,3798b104-01cb-484c-a3b0-56adc6399b80,Rage Against the Machine,rap metal,10,8.281878,2017,2025,exact_normalized_name,matched
Rage Against The Machine,3798b104-01cb-484c-a3b0-56adc6399b80,Rage Against the Machine,funk metal,5,8.281878,2017,2025,exact_normalized_name,matched
Rage Against The Machine,3798b104-01cb-484c-a3b0-56adc6399b80,Rage Against the Machine,rap rock,5,8.281878,2017,2025,exact_normalized_name,matched
Rage Against The Machine,3798b104-01cb-484c-a3b0-56adc6399b80,Rage Against the Machine,alternative rock,2,8.281878,2017,2025,exact_normalized_name,matched
Rage Against The Machine,3798b104-01cb-484c-a3b0-56adc6399b80,Rage Against the Machine,nu metal,2,8.281878,2017,2025,exact_normalized_name,matched
Rage Against The Machine,3798b104-01cb-484c-a3b0-56adc6399b80,Rage Against the Machine,heavy metal,1,8.281878,2017,2025,exact_normalized_name,matched
Rage Against The Machine,3798b104-01cb-484c-a3b0-56adc6399b80,Rage Against the Machine,metal,1,8.281878,2017,2025,exact_normalized_name,matched
Rage Against The Machine,3798b104-01cb-484c-a3b0-56adc6399b80,Rage Against the Machine,hard alternative,0,8.281878,2017,2025,exact_normalized_name,matched
Rage Against The Machine,3798b104-01cb-484c-a3b0-56adc6399b80,Rage Against the Machine,rapcore,0,8.281878,2017,2025,exact_normalized_name,matched
Rage Against The Machine,3798b104-01cb-484c-a3b0-56adc6399b80,Rage Against the Machine,american,-1,8.281878,2017,2025,exact_normalized_name,matched
Rage Against The Machine,3798b104-01cb-484c-a3b0-56adc6399b80,Rage Against the Machine,angry,-1,8.281878,2017,2025,exact_normalized_name,matched
Rage Against The Machine,3798b104-01cb-484c-a3b0-56adc6399b80,Rage Against the Machine,best of,-1,8.281878,2017,2025,exact_normalized_name,matched
Rage Against The Machine,3798b104-01cb-484c-a3b0-56adc6399b80,Rage Against the Machine,rock,-1,8.281878,2017,2025,exact_normalized_name,matched
Rage Against The Machine,3798b104-01cb-484c-a3b0-56adc6399b80,Rage Against the Machine,rock and indie,-1,8.281878,2017,2025,exact_normalized_name,matched
Rage Against The Machine,3798b104-01cb-484c-a3b0-56adc6399b80,Rage Against the Machine,political,-2,8.281878,2017,2025,exact_normalized_name,matched
Pink Floyd,83d91898-7763-47d7-b03b-b92132375c47,Pink Floyd,progressive rock,58,8.278767,2017,2025,exact_normalized_name,matched
Pink Floyd,83d91898-7763-47d7-b03b-b92132375c47,Pink Floyd,psychedelic rock,46,8.278767,2017,2025,exact_normalized_name,matched
Pink Floyd,83d91898-7763-47d7-b03b-b92132375c47,Pink Floyd,rock,29,8.278767,2017,2025,exact_normalized_name,matched
Pink Floyd,83d91898-7763-47d7-b03b-b92132375c47,Pink Floyd,art rock,22,8.278767,2017,2025,exact_normalized_name,matched
Pink Floyd,83d91898-7763-47d7-b03b-b92132375c47,Pink Floyd,space rock,15,8.278767,2017,2025,exact_normalized_name,matched
Pink Floyd,83d91898-7763-47d7-b03b-b92132375c47,Pink Floyd,progressive,9,8.278767,2017,2025,exact_normalized_name,matched
Pink Floyd,83d91898-7763-47d7-b03b-b92132375c47,Pink Floyd,rock opera,6,8.278767,2017,2025,exact_normalized_name,matched
Pink Floyd,83d91898-7763-47d7-b03b-b92132375c47,Pink Floyd,classic rock,4,8.278767,2017,2025,exact_normalized_name,matched
Pink Floyd,83d91898-7763-47d7-b03b-b92132375c47,Pink Floyd,psychedelic,4,8.278767,2017,2025,exact_normalized_name,matched
Pink Floyd,83d91898-7763-47d7-b03b-b92132375c47,Pink Floyd,album rock,3,8.278767,2017,2025,exact_normalized_name,matched
Pink Floyd,83d91898-7763-47d7-b03b-b92132375c47,Pink Floyd,blues rock,3,8.278767,2017,2025,exact_normalized_name,matched
Pink Floyd,83d91898-7763-47d7-b03b-b92132375c47,Pink Floyd,acid rock,2,8.278767,2017,2025,exact_normalized_name,matched
Pink Floyd,83d91898-7763-47d7-b03b-b92132375c47,Pink Floyd,experimental rock,2,8.278767,2017,2025,exact_normalized_name,matched
Pink Floyd,83d91898-7763-47d7-b03b-b92132375c47,Pink Floyd,psychedelic pop,2,8.278767,2017,2025,exact_normalized_name,matched
Pink Floyd,83d91898-7763-47d7-b03b-b92132375c47,Pink Floyd,proto-prog,1,8.278767,2017,2025,exact_normalized_name,matched
Pink Floyd,83d91898-7763-47d7-b03b-b92132375c47,Pink Floyd,symphonic rock,1,8.278767,2017,2025,exact_normalized_name,matched
Pink Floyd,83d91898-7763-47d7-b03b-b92132375c47,Pink Floyd,60s,0,8.278767,2017,2025,exact_normalized_name,matched
Pink Floyd,83d91898-7763-47d7-b03b-b92132375c47,Pink Floyd,70s,0,8.278767,2017,2025,exact_normalized_name,matched
Pink Floyd,83d91898-7763-47d7-b03b-b92132375c47,Pink Floyd,80s,0,8.278767,2017,2025,exact_normalized_name,matched
Pink Floyd,83d91898-7763-47d7-b03b-b92132375c47,Pink Floyd,90s,0,8.278767,2017,2025,exact_normalized_name,matched
Pink Floyd,83d91898-7763-47d7-b03b-b92132375c47,Pink Floyd,avant-garde,0,8.278767,2017,2025,exact_normalized_name,matched
Pink Floyd,83d91898-7763-47d7-b03b-b92132375c47,Pink Floyd,britannique,0,8.278767,2017,2025,exact_normalized_name,matched
Pink Floyd,83d91898-7763-47d7-b03b-b92132375c47,Pink Floyd,british,0,8.278767,2017,2025,exact_normalized_name,matched
Pink Floyd,83d91898-7763-47d7-b03b-b92132375c47,Pink Floyd,classic pop and rock,0,8.278767,2017,2025,exact_normalized_name,matched
Pink Floyd,83d91898-7763-47d7-b03b-b92132375c47,Pink Floyd,favoritos,0,8.278767,2017,2025,exact_normalized_name,matched
Pink Floyd,83d91898-7763-47d7-b03b-b92132375c47,Pink Floyd,hard rock,0,8.278767,2017,2025,exact_normalized_name,matched
Pink Floyd,83d91898-7763-47d7-b03b-b92132375c47,Pink Floyd,reino unido,0,8.278767,2017,2025,exact_normalized_name,matched
Pink Floyd,83d91898-7763-47d7-b03b-b92132375c47,Pink Floyd,rolling stones,0,8.278767,2017,2025,exact_normalized_name,matched
Pink Floyd,83d91898-7763-47d7-b03b-b92132375c47,Pink Floyd,server name,0,8.278767,2017,2025,exact_normalized_name,matched
Pink Floyd,83d91898-7763-47d7-b03b-b92132375c47,Pink Floyd,uk,0,8.278767,2017,2025,exact_normalized_name,matched
Pink Floyd,83d91898-7763-47d7-b03b-b92132375c47,Pink Floyd,vyrzukhisuc-artiest,0,8.278767,2017,2025,exact_normalized_name,matched
Pink Floyd,83d91898-7763-47d7-b03b-b92132375c47,Pink Floyd,dad rock,-1,8.278767,2017,2025,exact_normalized_name,matched
Pink Floyd,83d91898-7763-47d7-b03b-b92132375c47,Pink Floyd,english,-1,8.278767,2017,2025,exact_normalized_name,matched
Pink Floyd,83d91898-7763-47d7-b03b-b92132375c47,Pink Floyd,pop rock,-1,8.278767,2017,2025,exact_normalized_name,matched
Pink Floyd,83d91898-7763-47d7-b03b-b92132375c47,Pink Floyd,film soundtrack,-2,8.278767,2017,2025,exact_normalized_name,matched
Pink Floyd,83d91898-7763-47d7-b03b-b92132375c47,Pink Floyd,roger waters,-2,8.278767,2017,2025,exact_normalized_name,matched
Pink Floyd,83d91898-7763-47d7-b03b-b92132375c47,Pink Floyd,band,-3,8.278767,2017,2025,exact_normalized_name,matched
Pink Floyd,83d91898-7763-47d7-b03b-b92132375c47,Pink Floyd,defacing,-3,8.278767,2017,2025,exact_normalized_name,matched
Fleetwood Mac,bd13909f-1c29-4c27-a874-d4aaf27c5b1a,Fleetwood Mac,rock,18,8.223251,2017,2025,exact_normalized_name,matched
Fleetwood Mac,bd13909f-1c29-4c27-a874-d4aaf27c5b1a,Fleetwood Mac,soft rock,14,8.223251,2017,2025,exact_normalized_name,matched
Fleetwood Mac,bd13909f-1c29-4c27-a874-d4aaf27c5b1a,Fleetwood Mac,blues rock,12,8.223251,2017,2025,exact_normalized_name,matched
Fleetwood Mac,bd13909f-1c29-4c27-a874-d4aaf27c5b1a,Fleetwood Mac,pop rock,11,8.223251,2017,2025,exact_normalized_name,matched
Fleetwood Mac,bd13909f-1c29-4c27-a874-d4aaf27c5b1a,Fleetwood Mac,blues,6,8.223251,2017,2025,exact_normalized_name,matched
Fleetwood Mac,bd13909f-1c29-4c27-a874-d4aaf27c5b1a,Fleetwood Mac,british blues,6,8.223251,2017,2025,exact_normalized_name,matched
Fleetwood Mac,bd13909f-1c29-4c27-a874-d4aaf27c5b1a,Fleetwood Mac,pop,4,8.223251,2017,2025,exact_normalized_name,matched
Fleetwood Mac,bd13909f-1c29-4c27-a874-d4aaf27c5b1a,Fleetwood Mac,classic rock,2,8.223251,2017,2025,exact_normalized_name,matched
Fleetwood Mac,bd13909f-1c29-4c27-a874-d4aaf27c5b1a,Fleetwood Mac,art pop,1,8.223251,2017,2025,exact_normalized_name,matched
Fleetwood Mac,bd13909f-1c29-4c27-a874-d4aaf27c5b1a,Fleetwood Mac,british,1,8.223251,2017,2025,exact_normalized_name,matched
Fleetwood Mac,bd13909f-1c29-4c27-a874-d4aaf27c5b1a,Fleetwood Mac,english,1,8.223251,2017,2025,exact_normalized_name,matched
Fleetwood Mac,bd13909f-1c29-4c27-a874-d4aaf27c5b1a,Fleetwood Mac,uk,1,8.223251,2017,2025,exact_normalized_name,matched
Fleetwood Mac,bd13909f-1c29-4c27-a874-d4aaf27c5b1a,Fleetwood Mac,acoustic rock,0,8.223251,2017,2025,exact_normalized_name,matched
Fleetwood Mac,bd13909f-1c29-4c27-a874-d4aaf27c5b1a,Fleetwood Mac,british-american,0,8.223251,2017,2025,exact_normalized_name,matched
Fleetwood Mac,bd13909f-1c29-4c27-a874-d4aaf27c5b1a,Fleetwood Mac,electric blues,0,8.223251,2017,2025,exact_normalized_name,matched
Fleetwood Mac,bd13909f-1c29-4c27-a874-d4aaf27c5b1a,Fleetwood Mac,folk rock,0,8.223251,2017,2025,exact_normalized_name,matched
Fleetwood Mac,bd13909f-1c29-4c27-a874-d4aaf27c5b1a,Fleetwood Mac,jam band,0,8.223251,2017,2025,exact_normalized_name,matched
Fleetwood Mac,bd13909f-1c29-4c27-a874-d4aaf27c5b1a,Fleetwood Mac,psychedelic rock,0,8.223251,2017,2025,exact_normalized_name,matched
Fleetwood Mac,bd13909f-1c29-4c27-a874-d4aaf27c5b1a,Fleetwood Mac,american,-1,8.223251,2017,2025,exact_normalized_name,matched
Fleetwood Mac,bd13909f-1c29-4c27-a874-d4aaf27c5b1a,Fleetwood Mac,band,-1,8.223251,2017,2025,exact_normalized_name,matched
Fleetwood Mac,bd13909f-1c29-4c27-a874-d4aaf27c5b1a,Fleetwood Mac,classic pop and rock,-1,8.223251,2017,2025,exact_normalized_name,matched
Fleetwood Mac,bd13909f-1c29-4c27-a874-d4aaf27c5b1a,Fleetwood Mac,fleetwood mac,-1,8.223251,2017,2025,exact_normalized_name,matched
Fleetwood Mac,bd13909f-1c29-4c27-a874-d4aaf27c5b1a,Fleetwood Mac,pop/rock,-1,8.223251,2017,2025,exact_normalized_name,matched
Fleetwood Mac,bd13909f-1c29-4c27-a874-d4aaf27c5b1a,Fleetwood Mac,rock music,-1,8.223251,2017,2025,exact_normalized_name,matched
DJ Alex,9a77fe79-ee7c-4e33-8475-ba0e363049b5,DJ Alex,,,8.160282,2018,2025,exact_normalized_name,matched
Pantera,541f16f5-ad7a-428e-af89-9fa1b16d3c9c,Pantera,groove metal,15,7.95065,2017,2025,exact_normalized_name,matched
Pantera,541f16f5-ad7a-428e-af89-9fa1b16d3c9c,Pantera,heavy metal,9,7.95065,2017,2025,exact_normalized_name,matched
Pantera,541f16f5-ad7a-428e-af89-9fa1b16d3c9c,Pantera,glam metal,6,7.95065,2017,2025,exact_normalized_name,matched
Pantera,541f16f5-ad7a-428e-af89-9fa1b16d3c9c,Pantera,metal,6,7.95065,2017,2025,exact_normalized_name,matched
Pantera,541f16f5-ad7a-428e-af89-9fa1b16d3c9c,Pantera,thrash metal,6,7.95065,2017,2025,exact_normalized_name,matched
Pantera,541f16f5-ad7a-428e-af89-9fa1b16d3c9c,Pantera,southern metal,1,7.95065,2017,2025,exact_normalized_name,matched
Pantera,541f16f5-ad7a-428e-af89-9fa1b16d3c9c,Pantera,american,-1,7.95065,2017,2025,exact_normalized_name,matched
Pantera,541f16f5-ad7a-428e-af89-9fa1b16d3c9c,Pantera,dance and electronica,-1,7.95065,2017,2025,exact_normalized_name,matched
Pantera,541f16f5-ad7a-428e-af89-9fa1b16d3c9c,Pantera,estados unidos,-1,7.95065,2017,2025,exact_normalized_name,matched
Pantera,541f16f5-ad7a-428e-af89-9fa1b16d3c9c,Pantera,glam,-1,7.95065,2017,2025,exact_normalized_name,matched
Pantera,541f16f5-ad7a-428e-af89-9fa1b16d3c9c,Pantera,hardcore punk,-1,7.95065,2017,2025,exact_normalized_name,matched
Pantera,541f16f5-ad7a-428e-af89-9fa1b16d3c9c,Pantera,nu metal,-1,7.95065,2017,2025,exact_normalized_name,matched
Pantera,541f16f5-ad7a-428e-af89-9fa1b16d3c9c,Pantera,power metal,-1,7.95065,2017,2025,exact_normalized_name,matched
Pantera,541f16f5-ad7a-428e-af89-9fa1b16d3c9c,Pantera,trash speed metal,-1,7.95065,2017,2025,exact_normalized_name,matched
Catherine Russell,4abc9193-5f45-499a-9ffa-1a819d0a6afd,Catherine Russell,jazz,2,7.913526,2024,2025,exact_normalized_name,matched
Catherine Russell,4abc9193-5f45-499a-9ffa-1a819d0a6afd,Catherine Russell,blues,1,7.913526,2024,2025,exact_normalized_name,matched
Paulo Londra,3c490f79-d333-47d6-8a4a-8d676da4d1d2,Paulo Londra,hip hop,1,7.718577,2017,2025,exact_normalized_name,matched
Paulo Londra,3c490f79-d333-47d6-8a4a-8d676da4d1d2,Paulo Londra,latin,1,7.718577,2017,2025,exact_normalized_name,matched
Paulo Londra,3c490f79-d333-47d6-8a4a-8d676da4d1d2,Paulo Londra,latin urban,1,7.718577,2017,2025,exact_normalized_name,matched
Jory Boy,c63b3a59-cb13-4ed4-867f-b46f30fc7e45,Jory Boy,latin,1,7.459641,2017,2025,exact_normalized_name,matched
Jory Boy,c63b3a59-cb13-4ed4-867f-b46f30fc7e45,Jory Boy,reggaeton,1,7.459641,2017,2025,exact_normalized_name,matched
Stan Getz,8f2422ab-0ec6-4c92-80c4-afe9622fab32,Stan Getz,jazz,10,7.449897,2017,2025,exact_normalized_name,matched
Stan Getz,8f2422ab-0ec6-4c92-80c4-afe9622fab32,Stan Getz,bossa nova,5,7.449897,2017,2025,exact_normalized_name,matched
Stan Getz,8f2422ab-0ec6-4c92-80c4-afe9622fab32,Stan Getz,cool jazz,4,7.449897,2017,2025,exact_normalized_name,matched
Stan Getz,8f2422ab-0ec6-4c92-80c4-afe9622fab32,Stan Getz,bebop,2,7.449897,2017,2025,exact_normalized_name,matched
Stan Getz,8f2422ab-0ec6-4c92-80c4-afe9622fab32,Stan Getz,bop,1,7.449897,2017,2025,exact_normalized_name,matched
Stan Getz,8f2422ab-0ec6-4c92-80c4-afe9622fab32,Stan Getz,jazz musicians,1,7.449897,2017,2025,exact_normalized_name,matched
Stan Getz,8f2422ab-0ec6-4c92-80c4-afe9622fab32,Stan Getz,saxophonists,1,7.449897,2017,2025,exact_normalized_name,matched
Stan Getz,8f2422ab-0ec6-4c92-80c4-afe9622fab32,Stan Getz,avant-garde jazz,0,7.449897,2017,2025,exact_normalized_name,matched
Stan Getz,8f2422ab-0ec6-4c92-80c4-afe9622fab32,Stan Getz,hard bop,0,7.449897,2017,2025,exact_normalized_name,matched
Stan Getz,8f2422ab-0ec6-4c92-80c4-afe9622fab32,Stan Getz,instrumental jazz,0,7.449897,2017,2025,exact_normalized_name,matched
Stan Getz,8f2422ab-0ec6-4c92-80c4-afe9622fab32,Stan Getz,post-bop,0,7.449897,2017,2025,exact_normalized_name,matched
Stan Getz,8f2422ab-0ec6-4c92-80c4-afe9622fab32,Stan Getz,samba-jazz,0,7.449897,2017,2025,exact_normalized_name,matched
Stan Getz,8f2422ab-0ec6-4c92-80c4-afe9622fab32,Stan Getz,west coast jazz,0,7.449897,2017,2025,exact_normalized_name,matched
Amy Winehouse,dfe9a7c4-8cf2-47f4-9dcb-d233c2b86ec3,Amy Winehouse,soul,14,7.424966,2017,2025,exact_normalized_name,matched
Amy Winehouse,dfe9a7c4-8cf2-47f4-9dcb-d233c2b86ec3,Amy Winehouse,contemporary r&b,8,7.424966,2017,2025,exact_normalized_name,matched
Amy Winehouse,dfe9a7c4-8cf2-47f4-9dcb-d233c2b86ec3,Amy Winehouse,jazz,5,7.424966,2017,2025,exact_normalized_name,matched
Amy Winehouse,dfe9a7c4-8cf2-47f4-9dcb-d233c2b86ec3,Amy Winehouse,neo soul,3,7.424966,2017,2025,exact_normalized_name,matched
Amy Winehouse,dfe9a7c4-8cf2-47f4-9dcb-d233c2b86ec3,Amy Winehouse,neo-soul,3,7.424966,2017,2025,exact_normalized_name,matched
Amy Winehouse,dfe9a7c4-8cf2-47f4-9dcb-d233c2b86ec3,Amy Winehouse,jazz pop,2,7.424966,2017,2025,exact_normalized_name,matched
Amy Winehouse,dfe9a7c4-8cf2-47f4-9dcb-d233c2b86ec3,Amy Winehouse,pop soul,2,7.424966,2017,2025,exact_normalized_name,matched
Amy Winehouse,dfe9a7c4-8cf2-47f4-9dcb-d233c2b86ec3,Amy Winehouse,vocal jazz,2,7.424966,2017,2025,exact_normalized_name,matched
Amy Winehouse,dfe9a7c4-8cf2-47f4-9dcb-d233c2b86ec3,Amy Winehouse,27 club,1,7.424966,2017,2025,exact_normalized_name,matched
Amy Winehouse,dfe9a7c4-8cf2-47f4-9dcb-d233c2b86ec3,Amy Winehouse,crossover jazz,1,7.424966,2017,2025,exact_normalized_name,matched
Amy Winehouse,dfe9a7c4-8cf2-47f4-9dcb-d233c2b86ec3,Amy Winehouse,female vocals,1,7.424966,2017,2025,exact_normalized_name,matched
Amy Winehouse,dfe9a7c4-8cf2-47f4-9dcb-d233c2b86ec3,Amy Winehouse,r&b,1,7.424966,2017,2025,exact_normalized_name,matched
Amy Winehouse,dfe9a7c4-8cf2-47f4-9dcb-d233c2b86ec3,Amy Winehouse,rhythm & blues,1,7.424966,2017,2025,exact_normalized_name,matched
Amy Winehouse,dfe9a7c4-8cf2-47f4-9dcb-d233c2b86ec3,Amy Winehouse,blues,0,7.424966,2017,2025,exact_normalized_name,matched
Amy Winehouse,dfe9a7c4-8cf2-47f4-9dcb-d233c2b86ec3,Amy Winehouse,british,0,7.424966,2017,2025,exact_normalized_name,matched
Amy Winehouse,dfe9a7c4-8cf2-47f4-9dcb-d233c2b86ec3,Amy Winehouse,death by drug overdose,0,7.424966,2017,2025,exact_normalized_name,matched
Amy Winehouse,dfe9a7c4-8cf2-47f4-9dcb-d233c2b86ec3,Amy Winehouse,death by overdose,0,7.424966,2017,2025,exact_normalized_name,matched
Amy Winehouse,dfe9a7c4-8cf2-47f4-9dcb-d233c2b86ec3,Amy Winehouse,easy listening,0,7.424966,2017,2025,exact_normalized_name,matched
Amy Winehouse,dfe9a7c4-8cf2-47f4-9dcb-d233c2b86ec3,Amy Winehouse,english,0,7.424966,2017,2025,exact_normalized_name,matched
Amy Winehouse,dfe9a7c4-8cf2-47f4-9dcb-d233c2b86ec3,Amy Winehouse,frank,0,7.424966,2017,2025,exact_normalized_name,matched
Amy Winehouse,dfe9a7c4-8cf2-47f4-9dcb-d233c2b86ec3,Amy Winehouse,i heard love is blind,0,7.424966,2017,2025,exact_normalized_name,matched
Amy Winehouse,dfe9a7c4-8cf2-47f4-9dcb-d233c2b86ec3,Amy Winehouse,jazz and blues,0,7.424966,2017,2025,exact_normalized_name,matched
Amy Winehouse,dfe9a7c4-8cf2-47f4-9dcb-d233c2b86ec3,Amy Winehouse,pop,0,7.424966,2017,2025,exact_normalized_name,matched
Amy Winehouse,dfe9a7c4-8cf2-47f4-9dcb-d233c2b86ec3,Amy Winehouse,uk,0,7.424966,2017,2025,exact_normalized_name,matched
Flow Bar,,,,,7.246111,2017,2017,no_result,not_found
PAWSA,202ed573-bcb9-4686-bc98-6fc96b1f6ae9,PAWSA,,,7.203885,2018,2025,exact_normalized_name,matched
Cartel De Santa,563f6d35-dbef-403d-aedd-57b5a9250b3d,Cartel de Santa,,,7.182426,2018,2023,exact_normalized_name,matched
Kolombo,d9431329-0c56-463c-bfe3-c973fbefe7bf,Kolombo,,,7.171774,2017,2025,exact_normalized_name,matched
DJ Kbz,,,,,7.135153,2017,2024,no_result,not_found
U2,a3cb23fc-acd3-4ce0-8f36-1e5aa6a18432,U2,alternative rock,15,7.083438,2017,2025,exact_normalized_name,matched
U2,a3cb23fc-acd3-4ce0-8f36-1e5aa6a18432,U2,rock,12,7.083438,2017,2025,exact_normalized_name,matched
U2,a3cb23fc-acd3-4ce0-8f36-1e5aa6a18432,U2,post-punk,8,7.083438,2017,2025,exact_normalized_name,matched
U2,a3cb23fc-acd3-4ce0-8f36-1e5aa6a18432,U2,pop rock,7,7.083438,2017,2025,exact_normalized_name,matched
U2,a3cb23fc-acd3-4ce0-8f36-1e5aa6a18432,U2,big music,6,7.083438,2017,2025,exact_normalized_name,matched
U2,a3cb23fc-acd3-4ce0-8f36-1e5aa6a18432,U2,irish,6,7.083438,2017,2025,exact_normalized_name,matched
U2,a3cb23fc-acd3-4ce0-8f36-1e5aa6a18432,U2,alternative dance,5,7.083438,2017,2025,exact_normalized_name,matched
U2,a3cb23fc-acd3-4ce0-8f36-1e5aa6a18432,U2,ireland,4,7.083438,2017,2025,exact_normalized_name,matched
U2,a3cb23fc-acd3-4ce0-8f36-1e5aa6a18432,U2,arena rock,2,7.083438,2017,2025,exact_normalized_name,matched
U2,a3cb23fc-acd3-4ce0-8f36-1e5aa6a18432,U2,band,2,7.083438,2017,2025,exact_normalized_name,matched
U2,a3cb23fc-acd3-4ce0-8f36-1e5aa6a18432,U2,classic pop and rock,2,7.083438,2017,2025,exact_normalized_name,matched
U2,a3cb23fc-acd3-4ce0-8f36-1e5aa6a18432,U2,éire,2,7.083438,2017,2025,exact_normalized_name,matched
U2,a3cb23fc-acd3-4ce0-8f36-1e5aa6a18432,U2,electronic,2,7.083438,2017,2025,exact_normalized_name,matched
U2,a3cb23fc-acd3-4ce0-8f36-1e5aa6a18432,U2,grammy winner,2,7.083438,2017,2025,exact_normalized_name,matched
U2,a3cb23fc-acd3-4ce0-8f36-1e5aa6a18432,U2,political,2,7.083438,2017,2025,exact_normalized_name,matched
U2,a3cb23fc-acd3-4ce0-8f36-1e5aa6a18432,U2,pop/rock,2,7.083438,2017,2025,exact_normalized_name,matched
U2,a3cb23fc-acd3-4ce0-8f36-1e5aa6a18432,U2,1980,1,7.083438,2017,2025,exact_normalized_name,matched
U2,a3cb23fc-acd3-4ce0-8f36-1e5aa6a18432,U2,alternative pop,1,7.083438,2017,2025,exact_normalized_name,matched
U2,a3cb23fc-acd3-4ce0-8f36-1e5aa6a18432,U2,aternative dance,1,7.083438,2017,2025,exact_normalized_name,matched
U2,a3cb23fc-acd3-4ce0-8f36-1e5aa6a18432,U2,clean up,1,7.083438,2017,2025,exact_normalized_name,matched
U2,a3cb23fc-acd3-4ce0-8f36-1e5aa6a18432,U2,college rock,1,7.083438,2017,2025,exact_normalized_name,matched
U2,a3cb23fc-acd3-4ce0-8f36-1e5aa6a18432,U2,dance-rock,1,7.083438,2017,2025,exact_normalized_name,matched
U2,a3cb23fc-acd3-4ce0-8f36-1e5aa6a18432,U2,indie rock,1,7.083438,2017,2025,exact_normalized_name,matched
U2,a3cb23fc-acd3-4ce0-8f36-1e5aa6a18432,U2,irlandais,1,7.083438,2017,2025,exact_normalized_name,matched
U2,a3cb23fc-acd3-4ce0-8f36-1e5aa6a18432,U2,irlande,1,7.083438,2017,2025,exact_normalized_name,matched
U2,a3cb23fc-acd3-4ce0-8f36-1e5aa6a18432,U2,new wave,1,7.083438,2017,2025,exact_normalized_name,matched
U2,a3cb23fc-acd3-4ce0-8f36-1e5aa6a18432,U2,seconds,1,7.083438,2017,2025,exact_normalized_name,matched
U2,a3cb23fc-acd3-4ce0-8f36-1e5aa6a18432,U2,vyrzukhisuc-artiest,1,7.083438,2017,2025,exact_normalized_name,matched
Patrick Topping,19b9237d-1b80-4135-825e-241fa547b0e1,Patrick Topping,,,6.949518,2017,2025,exact_normalized_name,matched
Sébastien Léger,fbea756d-95e1-4a55-b6a2-05b5535722d7,Sébastien Léger,electronic,1,6.842859,2020,2025,exact_normalized_name,matched
Sébastien Léger,fbea756d-95e1-4a55-b6a2-05b5535722d7,Sébastien Léger,french,1,6.842859,2020,2025,exact_normalized_name,matched
Sébastien Léger,fbea756d-95e1-4a55-b6a2-05b5535722d7,Sébastien Léger,house,1,6.842859,2020,2025,exact_normalized_name,matched
Sébastien Léger,fbea756d-95e1-4a55-b6a2-05b5535722d7,Sébastien Léger,melodic house,1,6.842859,2020,2025,exact_normalized_name,matched
Sébastien Léger,fbea756d-95e1-4a55-b6a2-05b5535722d7,Sébastien Léger,organic house,1,6.842859,2020,2025,exact_normalized_name,matched
Sébastien Léger,fbea756d-95e1-4a55-b6a2-05b5535722d7,Sébastien Léger,progressive house,1,6.842859,2020,2025,exact_normalized_name,matched
Josh Butler,e6580007-aaf1-4bae-82e8-5ffa16ef4d97,Josh Butler,,,6.811326,2017,2025,exact_normalized_name,matched
Carbon Fiber Music,,,,,6.771874,2020,2025,no_result,not_found
Carlitos Rossy,9898f23d-18cc-48e3-b9f6-8b50139c2750,Carlitos Rossy,latin,1,6.66614,2018,2025,exact_normalized_name,matched
Carlitos Rossy,9898f23d-18cc-48e3-b9f6-8b50139c2750,Carlitos Rossy,latin urban,1,6.66614,2018,2025,exact_normalized_name,matched
Carlitos Rossy,9898f23d-18cc-48e3-b9f6-8b50139c2750,Carlitos Rossy,reggaeton,1,6.66614,2018,2025,exact_normalized_name,matched
Gilbert O'Sullivan,215394ba-3d0c-4b57-b284-ec5bb4a5ad25,Gilbert O’Sullivan,british,1,6.607163,2017,2025,top_search_result,matched
Gilbert O'Sullivan,215394ba-3d0c-4b57-b284-ec5bb4a5ad25,Gilbert O’Sullivan,classic pop and rock,1,6.607163,2017,2025,top_search_result,matched
Gilbert O'Sullivan,215394ba-3d0c-4b57-b284-ec5bb4a5ad25,Gilbert O’Sullivan,english,1,6.607163,2017,2025,top_search_result,matched
Gilbert O'Sullivan,215394ba-3d0c-4b57-b284-ec5bb4a5ad25,Gilbert O’Sullivan,irish,1,6.607163,2017,2025,top_search_result,matched
Gilbert O'Sullivan,215394ba-3d0c-4b57-b284-ec5bb4a5ad25,Gilbert O’Sullivan,pop,1,6.607163,2017,2025,top_search_result,matched
Gilbert O'Sullivan,215394ba-3d0c-4b57-b284-ec5bb4a5ad25,Gilbert O’Sullivan,singer-songwriter,1,6.607163,2017,2025,top_search_result,matched
Gilbert O'Sullivan,215394ba-3d0c-4b57-b284-ec5bb4a5ad25,Gilbert O’Sullivan,uk,1,6.607163,2017,2025,top_search_result,matched
MNDS,,,,,6.543111,2017,2017,no_result,not_found
Bee Reel,,,,,6.449241,2017,2017,no_result,not_found
Canserbero,70a3344d-3f48-4843-ac93-e9e031d86b01,Canserbero,hip hop,3,6.414925,2017,2025,exact_normalized_name,matched
Canserbero,70a3344d-3f48-4843-ac93-e9e031d86b01,Canserbero,rap rock,2,6.414925,2017,2025,exact_normalized_name,matched
Raffa Fl,545ccb1a-3e92-44bc-8bbc-8c28721ebf1c,Raffa FL,,,6.394453,2017,2023,exact_normalized_name,matched
Stevie Wonder,1ee18fb3-18a6-4c7f-8ba0-bc41cdd0462e,Stevie Wonder,soul,10,6.393946,2017,2025,exact_normalized_name,matched
Stevie Wonder,1ee18fb3-18a6-4c7f-8ba0-bc41cdd0462e,Stevie Wonder,contemporary r&b,3,6.393946,2017,2025,exact_normalized_name,matched
Stevie Wonder,1ee18fb3-18a6-4c7f-8ba0-bc41cdd0462e,Stevie Wonder,funk,3,6.393946,2017,2025,exact_normalized_name,matched
Stevie Wonder,1ee18fb3-18a6-4c7f-8ba0-bc41cdd0462e,Stevie Wonder,rhythm & blues,3,6.393946,2017,2025,exact_normalized_name,matched
Stevie Wonder,1ee18fb3-18a6-4c7f-8ba0-bc41cdd0462e,Stevie Wonder,film soundtrack,2,6.393946,2017,2025,exact_normalized_name,matched
Stevie Wonder,1ee18fb3-18a6-4c7f-8ba0-bc41cdd0462e,Stevie Wonder,pop,2,6.393946,2017,2025,exact_normalized_name,matched
Stevie Wonder,1ee18fb3-18a6-4c7f-8ba0-bc41cdd0462e,Stevie Wonder,pop soul,2,6.393946,2017,2025,exact_normalized_name,matched
Stevie Wonder,1ee18fb3-18a6-4c7f-8ba0-bc41cdd0462e,Stevie Wonder,grammy winner,1,6.393946,2017,2025,exact_normalized_name,matched
Stevie Wonder,1ee18fb3-18a6-4c7f-8ba0-bc41cdd0462e,Stevie Wonder,vegan,1,6.393946,2017,2025,exact_normalized_name,matched
Stevie Wonder,1ee18fb3-18a6-4c7f-8ba0-bc41cdd0462e,Stevie Wonder,rock and indie,0,6.393946,2017,2025,exact_normalized_name,matched
Bryan Adams,4dbf5678-7a31-406a-abbe-232f8ac2cd63,Bryan Adams,rock,6,6.261318,2017,2025,exact_normalized_name,matched
Bryan Adams,4dbf5678-7a31-406a-abbe-232f8ac2cd63,Bryan Adams,soft rock,6,6.261318,2017,2025,exact_normalized_name,matched
Bryan Adams,4dbf5678-7a31-406a-abbe-232f8ac2cd63,Bryan Adams,canadian,4,6.261318,2017,2025,exact_normalized_name,matched
Bryan Adams,4dbf5678-7a31-406a-abbe-232f8ac2cd63,Bryan Adams,pop rock,3,6.261318,2017,2025,exact_normalized_name,matched
Bryan Adams,4dbf5678-7a31-406a-abbe-232f8ac2cd63,Bryan Adams,2008 universal fire victim,2,6.261318,2017,2025,exact_normalized_name,matched
Bryan Adams,4dbf5678-7a31-406a-abbe-232f8ac2cd63,Bryan Adams,aor,2,6.261318,2017,2025,exact_normalized_name,matched
Bryan Adams,4dbf5678-7a31-406a-abbe-232f8ac2cd63,Bryan Adams,hard rock,2,6.261318,2017,2025,exact_normalized_name,matched
Bryan Adams,4dbf5678-7a31-406a-abbe-232f8ac2cd63,Bryan Adams,power pop,2,6.261318,2017,2025,exact_normalized_name,matched
Bryan Adams,4dbf5678-7a31-406a-abbe-232f8ac2cd63,Bryan Adams,classic rock,1,6.261318,2017,2025,exact_normalized_name,matched
Bryan Adams,4dbf5678-7a31-406a-abbe-232f8ac2cd63,Bryan Adams,heartland rock,1,6.261318,2017,2025,exact_normalized_name,matched
Bryan Adams,4dbf5678-7a31-406a-abbe-232f8ac2cd63,Bryan Adams,new wave,1,6.261318,2017,2025,exact_normalized_name,matched
Bryan Adams,4dbf5678-7a31-406a-abbe-232f8ac2cd63,Bryan Adams,acoustic rock,0,6.261318,2017,2025,exact_normalized_name,matched
Bryan Adams,4dbf5678-7a31-406a-abbe-232f8ac2cd63,Bryan Adams,adult contemporary,0,6.261318,2017,2025,exact_normalized_name,matched
Bryan Adams,4dbf5678-7a31-406a-abbe-232f8ac2cd63,Bryan Adams,album oriented rock,0,6.261318,2017,2025,exact_normalized_name,matched
Bryan Adams,4dbf5678-7a31-406a-abbe-232f8ac2cd63,Bryan Adams,arena rock,0,6.261318,2017,2025,exact_normalized_name,matched
Bryan Adams,4dbf5678-7a31-406a-abbe-232f8ac2cd63,Bryan Adams,british,0,6.261318,2017,2025,exact_normalized_name,matched
Bryan Adams,4dbf5678-7a31-406a-abbe-232f8ac2cd63,Bryan Adams,rock and indie,0,6.261318,2017,2025,exact_normalized_name,matched
Bryan Adams,4dbf5678-7a31-406a-abbe-232f8ac2cd63,Bryan Adams,singer-songwriter,0,6.261318,2017,2025,exact_normalized_name,matched
Ronald El Killa,1f3e9ef9-b51e-40aa-ae92-d389d76c0211,Ronald el Killa,latin,1,6.248264,2017,2025,exact_normalized_name,matched
Ronald El Killa,1f3e9ef9-b51e-40aa-ae92-d389d76c0211,Ronald el Killa,latin urban,1,6.248264,2017,2025,exact_normalized_name,matched
Ronald El Killa,1f3e9ef9-b51e-40aa-ae92-d389d76c0211,Ronald el Killa,reggaeton,1,6.248264,2017,2025,exact_normalized_name,matched
Fantasy Percentage,,,,,6.120874,2017,2017,no_result,not_found
Dennis Cruz,f3d44367-7d70-4d76-8099-2f47d99e4348,Dennis Cruz,,,6.112556,2018,2025,exact_normalized_name,matched
Emulated Happiness,,,,,6.106556,2017,2017,no_result,not_found
C.R.O,94efcf65-d9d4-4e71-a719-b1c81e6cb045,C.R.O,trap latino,1,6.105015,2018,2024,exact_normalized_name,matched
Amandeal,,,,,6.088778,2017,2017,no_result,not_found
Zion & Lennox,a06afacd-7894-442e-95ba-49366b2b3e02,Zion & Lennox,reggaeton,3,6.062681,2017,2025,exact_normalized_name,matched
Zion & Lennox,a06afacd-7894-442e-95ba-49366b2b3e02,Zion & Lennox,latin,2,6.062681,2017,2025,exact_normalized_name,matched
Zion & Lennox,a06afacd-7894-442e-95ba-49366b2b3e02,Zion & Lennox,latin urban,1,6.062681,2017,2025,exact_normalized_name,matched
Zion & Lennox,a06afacd-7894-442e-95ba-49366b2b3e02,Zion & Lennox,urbano latino,1,6.062681,2017,2025,exact_normalized_name,matched
Negligent Once,,,,,6.055556,2017,2017,no_result,not_found
Andy Rivera,d33b1bfa-d9e4-4543-b022-6b3fc87b1634,Andy Rivera,latin,1,6.003934,2017,2024,exact_normalized_name,matched
Andy Rivera,d33b1bfa-d9e4-4543-b022-6b3fc87b1634,Andy Rivera,latin urban,1,6.003934,2017,2024,exact_normalized_name,matched
Andy Rivera,d33b1bfa-d9e4-4543-b022-6b3fc87b1634,Andy Rivera,reggaeton,1,6.003934,2017,2024,exact_normalized_name,matched
Initial Combustion,,,,,5.988689,2017,2017,no_result,not_found
Myke Towers,d2945137-b01d-4195-9f82-64d20f8ba657,Myke Towers,latin,1,5.971004,2019,2025,exact_normalized_name,matched
Myke Towers,d2945137-b01d-4195-9f82-64d20f8ba657,Myke Towers,latin urban,1,5.971004,2019,2025,exact_normalized_name,matched
Myke Towers,d2945137-b01d-4195-9f82-64d20f8ba657,Myke Towers,reggaeton,1,5.971004,2019,2025,exact_normalized_name,matched
Myke Towers,d2945137-b01d-4195-9f82-64d20f8ba657,Myke Towers,trap latino,1,5.971004,2019,2025,exact_normalized_name,matched
Dearth Joy,,,,,5.936413,2017,2017,no_result,not_found
Deep Purple,79491354-3d83-40e3-9d8e-7592d58d790a,Deep Purple,hard rock,28,5.911367,2018,2025,exact_normalized_name,matched
Deep Purple,79491354-3d83-40e3-9d8e-7592d58d790a,Deep Purple,rock,14,5.911367,2018,2025,exact_normalized_name,matched
Deep Purple,79491354-3d83-40e3-9d8e-7592d58d790a,Deep Purple,heavy metal,13,5.911367,2018,2025,exact_normalized_name,matched
Deep Purple,79491354-3d83-40e3-9d8e-7592d58d790a,Deep Purple,progressive rock,8,5.911367,2018,2025,exact_normalized_name,matched
Deep Purple,79491354-3d83-40e3-9d8e-7592d58d790a,Deep Purple,blues rock,5,5.911367,2018,2025,exact_normalized_name,matched
Deep Purple,79491354-3d83-40e3-9d8e-7592d58d790a,Deep Purple,british,3,5.911367,2018,2025,exact_normalized_name,matched
Deep Purple,79491354-3d83-40e3-9d8e-7592d58d790a,Deep Purple,classic rock,3,5.911367,2018,2025,exact_normalized_name,matched
Deep Purple,79491354-3d83-40e3-9d8e-7592d58d790a,Deep Purple,essential,1,5.911367,2018,2025,exact_normalized_name,matched
Deep Purple,79491354-3d83-40e3-9d8e-7592d58d790a,Deep Purple,art rock,-1,5.911367,2018,2025,exact_normalized_name,matched
Deep Purple,79491354-3d83-40e3-9d8e-7592d58d790a,Deep Purple,hammond organ,-1,5.911367,2018,2025,exact_normalized_name,matched
Deep Purple,79491354-3d83-40e3-9d8e-7592d58d790a,Deep Purple,metal,-1,5.911367,2018,2025,exact_normalized_name,matched
Deep Purple,79491354-3d83-40e3-9d8e-7592d58d790a,Deep Purple,proto-prog,-1,5.911367,2018,2025,exact_normalized_name,matched
Deep Purple,79491354-3d83-40e3-9d8e-7592d58d790a,Deep Purple,reino unido,-1,5.911367,2018,2025,exact_normalized_name,matched
Deep Purple,79491354-3d83-40e3-9d8e-7592d58d790a,Deep Purple,server name,-1,5.911367,2018,2025,exact_normalized_name,matched
Deep Purple,79491354-3d83-40e3-9d8e-7592d58d790a,Deep Purple,symphonic prog,-1,5.911367,2018,2025,exact_normalized_name,matched
Deep Purple,79491354-3d83-40e3-9d8e-7592d58d790a,Deep Purple,symphonic rock,-1,5.911367,2018,2025,exact_normalized_name,matched
Deep Purple,79491354-3d83-40e3-9d8e-7592d58d790a,Deep Purple,60's,-2,5.911367,2018,2025,exact_normalized_name,matched
Deep Purple,79491354-3d83-40e3-9d8e-7592d58d790a,Deep Purple,70's,-2,5.911367,2018,2025,exact_normalized_name,matched
Deep Purple,79491354-3d83-40e3-9d8e-7592d58d790a,Deep Purple,80's,-2,5.911367,2018,2025,exact_normalized_name,matched
Deep Purple,79491354-3d83-40e3-9d8e-7592d58d790a,Deep Purple,aor,-2,5.911367,2018,2025,exact_normalized_name,matched
Deep Purple,79491354-3d83-40e3-9d8e-7592d58d790a,Deep Purple,classic pop and rock,-2,5.911367,2018,2025,exact_normalized_name,matched
Deep Purple,79491354-3d83-40e3-9d8e-7592d58d790a,Deep Purple,english,-2,5.911367,2018,2025,exact_normalized_name,matched
Deep Purple,79491354-3d83-40e3-9d8e-7592d58d790a,Deep Purple,uk,-2,5.911367,2018,2025,exact_normalized_name,matched
Deep Purple,79491354-3d83-40e3-9d8e-7592d58d790a,Deep Purple,hammond,-3,5.911367,2018,2025,exact_normalized_name,matched
Deep Purple,79491354-3d83-40e3-9d8e-7592d58d790a,Deep Purple,60s,-4,5.911367,2018,2025,exact_normalized_name,matched
Deep Purple,79491354-3d83-40e3-9d8e-7592d58d790a,Deep Purple,70s,-4,5.911367,2018,2025,exact_normalized_name,matched
Deep Purple,79491354-3d83-40e3-9d8e-7592d58d790a,Deep Purple,80s,-4,5.911367,2018,2025,exact_normalized_name,matched
Deep Purple,79491354-3d83-40e3-9d8e-7592d58d790a,Deep Purple,anthology,-4,5.911367,2018,2025,exact_normalized_name,matched
Deep Purple,79491354-3d83-40e3-9d8e-7592d58d790a,Deep Purple,collection,-4,5.911367,2018,2025,exact_normalized_name,matched
Deep Purple,79491354-3d83-40e3-9d8e-7592d58d790a,Deep Purple,deep purple,-4,5.911367,2018,2025,exact_normalized_name,matched
Deep Purple,79491354-3d83-40e3-9d8e-7592d58d790a,Deep Purple,deep purple family,-4,5.911367,2018,2025,exact_normalized_name,matched
Deep Purple,79491354-3d83-40e3-9d8e-7592d58d790a,Deep Purple,deep purple live in berlin 1973 dvd video,-4,5.911367,2018,2025,exact_normalized_name,matched
Deep Purple,79491354-3d83-40e3-9d8e-7592d58d790a,Deep Purple,want to listen,-4,5.911367,2018,2025,exact_normalized_name,matched
Panacetic Touch,,,,,5.896778,2017,2017,no_result,not_found
Sidney Charles,53a7335c-6b46-469b-a687-f753295e8cbe,Sidney Charles,afro house,1,5.87227,2017,2025,exact_normalized_name,matched
Sidney Charles,53a7335c-6b46-469b-a687-f753295e8cbe,Sidney Charles,bassline,1,5.87227,2017,2025,exact_normalized_name,matched
Sidney Charles,53a7335c-6b46-469b-a687-f753295e8cbe,Sidney Charles,dance,1,5.87227,2017,2025,exact_normalized_name,matched
Sidney Charles,53a7335c-6b46-469b-a687-f753295e8cbe,Sidney Charles,deep house,1,5.87227,2017,2025,exact_normalized_name,matched
Sidney Charles,53a7335c-6b46-469b-a687-f753295e8cbe,Sidney Charles,deep tech,1,5.87227,2017,2025,exact_normalized_name,matched
Sidney Charles,53a7335c-6b46-469b-a687-f753295e8cbe,Sidney Charles,dj tools / acapellas,1,5.87227,2017,2025,exact_normalized_name,matched
Sidney Charles,53a7335c-6b46-469b-a687-f753295e8cbe,Sidney Charles,house,1,5.87227,2017,2025,exact_normalized_name,matched
Sidney Charles,53a7335c-6b46-469b-a687-f753295e8cbe,Sidney Charles,pop,1,5.87227,2017,2025,exact_normalized_name,matched
Sidney Charles,53a7335c-6b46-469b-a687-f753295e8cbe,Sidney Charles,tech house,1,5.87227,2017,2025,exact_normalized_name,matched
Sidney Charles,53a7335c-6b46-469b-a687-f753295e8cbe,Sidney Charles,techno,1,5.87227,2017,2025,exact_normalized_name,matched
Sidney Charles,53a7335c-6b46-469b-a687-f753295e8cbe,Sidney Charles,uk garage,1,5.87227,2017,2025,exact_normalized_name,matched
Fail Behind,,,,,5.862333,2017,2017,no_result,not_found
America,34cf95c7-4be9-4efd-a48a-c2ea4a0bb114,America,soft rock,6,5.820663,2017,2025,exact_normalized_name,matched
America,34cf95c7-4be9-4efd-a48a-c2ea4a0bb114,America,rock,4,5.820663,2017,2025,exact_normalized_name,matched
America,34cf95c7-4be9-4efd-a48a-c2ea4a0bb114,America,folk rock,3,5.820663,2017,2025,exact_normalized_name,matched
America,34cf95c7-4be9-4efd-a48a-c2ea4a0bb114,America,folk pop,2,5.820663,2017,2025,exact_normalized_name,matched
America,34cf95c7-4be9-4efd-a48a-c2ea4a0bb114,America,aor,1,5.820663,2017,2025,exact_normalized_name,matched
America,34cf95c7-4be9-4efd-a48a-c2ea4a0bb114,America,pop rock,1,5.820663,2017,2025,exact_normalized_name,matched
America,34cf95c7-4be9-4efd-a48a-c2ea4a0bb114,America,yacht rock,1,5.820663,2017,2025,exact_normalized_name,matched
America,34cf95c7-4be9-4efd-a48a-c2ea4a0bb114,America,adult contemporary,0,5.820663,2017,2025,exact_normalized_name,matched
America,34cf95c7-4be9-4efd-a48a-c2ea4a0bb114,America,folk,0,5.820663,2017,2025,exact_normalized_name,matched
America,34cf95c7-4be9-4efd-a48a-c2ea4a0bb114,America,west coast rock,0,5.820663,2017,2025,exact_normalized_name,matched
Daft Punk,056e4f3e-d505-4dad-8ec1-d04f521cbb56,Daft Punk,electronic,40,5.819153,2017,2025,exact_normalized_name,matched
Daft Punk,056e4f3e-d505-4dad-8ec1-d04f521cbb56,Daft Punk,house,20,5.819153,2017,2025,exact_normalized_name,matched
Daft Punk,056e4f3e-d505-4dad-8ec1-d04f521cbb56,Daft Punk,french house,18,5.819153,2017,2025,exact_normalized_name,matched
Daft Punk,056e4f3e-d505-4dad-8ec1-d04f521cbb56,Daft Punk,french,8,5.819153,2017,2025,exact_normalized_name,matched
Daft Punk,056e4f3e-d505-4dad-8ec1-d04f521cbb56,Daft Punk,dance,5,5.819153,2017,2025,exact_normalized_name,matched
Daft Punk,056e4f3e-d505-4dad-8ec1-d04f521cbb56,Daft Punk,disco,4,5.819153,2017,2025,exact_normalized_name,matched
Daft Punk,056e4f3e-d505-4dad-8ec1-d04f521cbb56,Daft Punk,club,2,5.819153,2017,2025,exact_normalized_name,matched
Daft Punk,056e4f3e-d505-4dad-8ec1-d04f521cbb56,Daft Punk,dance music,2,5.819153,2017,2025,exact_normalized_name,matched
Daft Punk,056e4f3e-d505-4dad-8ec1-d04f521cbb56,Daft Punk,electro,2,5.819153,2017,2025,exact_normalized_name,matched
Daft Punk,056e4f3e-d505-4dad-8ec1-d04f521cbb56,Daft Punk,electro house,2,5.819153,2017,2025,exact_normalized_name,matched
Daft Punk,056e4f3e-d505-4dad-8ec1-d04f521cbb56,Daft Punk,electronic rock,2,5.819153,2017,2025,exact_normalized_name,matched
Daft Punk,056e4f3e-d505-4dad-8ec1-d04f521cbb56,Daft Punk,electronica,2,5.819153,2017,2025,exact_normalized_name,matched
Daft Punk,056e4f3e-d505-4dad-8ec1-d04f521cbb56,Daft Punk,film score,2,5.819153,2017,2025,exact_normalized_name,matched
Daft Punk,056e4f3e-d505-4dad-8ec1-d04f521cbb56,Daft Punk,french electro,2,5.819153,2017,2025,exact_normalized_name,matched
Daft Punk,056e4f3e-d505-4dad-8ec1-d04f521cbb56,Daft Punk,funk,2,5.819153,2017,2025,exact_normalized_name,matched
Daft Punk,056e4f3e-d505-4dad-8ec1-d04f521cbb56,Daft Punk,house music,2,5.819153,2017,2025,exact_normalized_name,matched
Daft Punk,056e4f3e-d505-4dad-8ec1-d04f521cbb56,Daft Punk,left-field house,2,5.819153,2017,2025,exact_normalized_name,matched
Daft Punk,056e4f3e-d505-4dad-8ec1-d04f521cbb56,Daft Punk,leftfield house,2,5.819153,2017,2025,exact_normalized_name,matched
Daft Punk,056e4f3e-d505-4dad-8ec1-d04f521cbb56,Daft Punk,nu disco,2,5.819153,2017,2025,exact_normalized_name,matched
Daft Punk,056e4f3e-d505-4dad-8ec1-d04f521cbb56,Daft Punk,synth-pop,2,5.819153,2017,2025,exact_normalized_name,matched
Daft Punk,056e4f3e-d505-4dad-8ec1-d04f521cbb56,Daft Punk,vocoder,2,5.819153,2017,2025,exact_normalized_name,matched
Daft Punk,056e4f3e-d505-4dad-8ec1-d04f521cbb56,Daft Punk,dance and electronica,1,5.819153,2017,2025,exact_normalized_name,matched
Daft Punk,056e4f3e-d505-4dad-8ec1-d04f521cbb56,Daft Punk,dj tools / acapellas,1,5.819153,2017,2025,exact_normalized_name,matched
Daft Punk,056e4f3e-d505-4dad-8ec1-d04f521cbb56,Daft Punk,edm,1,5.819153,2017,2025,exact_normalized_name,matched
Daft Punk,056e4f3e-d505-4dad-8ec1-d04f521cbb56,Daft Punk,electroclash,1,5.819153,2017,2025,exact_normalized_name,matched
Daft Punk,056e4f3e-d505-4dad-8ec1-d04f521cbb56,Daft Punk,european,1,5.819153,2017,2025,exact_normalized_name,matched
Daft Punk,056e4f3e-d505-4dad-8ec1-d04f521cbb56,Daft Punk,french touch,1,5.819153,2017,2025,exact_normalized_name,matched
Daft Punk,056e4f3e-d505-4dad-8ec1-d04f521cbb56,Daft Punk,indie dance,1,5.819153,2017,2025,exact_normalized_name,matched
Daft Punk,056e4f3e-d505-4dad-8ec1-d04f521cbb56,Daft Punk,jackin house,1,5.819153,2017,2025,exact_normalized_name,matched
Daft Punk,056e4f3e-d505-4dad-8ec1-d04f521cbb56,Daft Punk,nu-disco,1,5.819153,2017,2025,exact_normalized_name,matched
Daft Punk,056e4f3e-d505-4dad-8ec1-d04f521cbb56,Daft Punk,organic house,1,5.819153,2017,2025,exact_normalized_name,matched
Daft Punk,056e4f3e-d505-4dad-8ec1-d04f521cbb56,Daft Punk,pop,1,5.819153,2017,2025,exact_normalized_name,matched
Daft Punk,056e4f3e-d505-4dad-8ec1-d04f521cbb56,Daft Punk,r&b,1,5.819153,2017,2025,exact_normalized_name,matched
Daft Punk,056e4f3e-d505-4dad-8ec1-d04f521cbb56,Daft Punk,synthpop,1,5.819153,2017,2025,exact_normalized_name,matched
Daft Punk,056e4f3e-d505-4dad-8ec1-d04f521cbb56,Daft Punk,techno,1,5.819153,2017,2025,exact_normalized_name,matched
Daft Punk,056e4f3e-d505-4dad-8ec1-d04f521cbb56,Daft Punk,trap,1,5.819153,2017,2025,exact_normalized_name,matched
Daft Punk,056e4f3e-d505-4dad-8ec1-d04f521cbb56,Daft Punk,future bass,0,5.819153,2017,2025,exact_normalized_name,matched
Daft Punk,056e4f3e-d505-4dad-8ec1-d04f521cbb56,Daft Punk,tech house,0,5.819153,2017,2025,exact_normalized_name,matched
Daft Punk,056e4f3e-d505-4dad-8ec1-d04f521cbb56,Daft Punk,thomas bangalter,0,5.819153,2017,2025,exact_normalized_name,matched
Daft Punk,056e4f3e-d505-4dad-8ec1-d04f521cbb56,Daft Punk,favourite,-1,5.819153,2017,2025,exact_normalized_name,matched
Daft Punk,056e4f3e-d505-4dad-8ec1-d04f521cbb56,Daft Punk,wp musicians,-1,5.819153,2017,2025,exact_normalized_name,matched
Wiz Khalifa,f5dfa020-ad69-41cd-b3d4-fd7af0414e94,Wiz Khalifa,hip hop,5,5.818067,2017,2021,exact_normalized_name,matched
Wiz Khalifa,f5dfa020-ad69-41cd-b3d4-fd7af0414e94,Wiz Khalifa,pop rap,3,5.818067,2017,2021,exact_normalized_name,matched
Wiz Khalifa,f5dfa020-ad69-41cd-b3d4-fd7af0414e94,Wiz Khalifa,east coast hip hop,1,5.818067,2017,2021,exact_normalized_name,matched
Wiz Khalifa,f5dfa020-ad69-41cd-b3d4-fd7af0414e94,Wiz Khalifa,hip hop rnb and dance hall,0,5.818067,2017,2021,exact_normalized_name,matched
Wiz Khalifa,f5dfa020-ad69-41cd-b3d4-fd7af0414e94,Wiz Khalifa,rap,0,5.818067,2017,2021,exact_normalized_name,matched
Dj Lauuh,,,,,5.679109,2018,2025,no_result,not_found
Custom Fallacy,,,,,5.634889,2017,2017,no_result,not_found
Los Ángeles Azules,dcb5e5c6-5f21-4266-b5b6-556f54a6b6b5,Los Ángeles Azules,cumbia,3,5.624934,2018,2024,exact_normalized_name,matched
Los Ángeles Azules,dcb5e5c6-5f21-4266-b5b6-556f54a6b6b5,Los Ángeles Azules,cumbia mexicana,2,5.624934,2018,2024,exact_normalized_name,matched
Los Ángeles Azules,dcb5e5c6-5f21-4266-b5b6-556f54a6b6b5,Los Ángeles Azules,cumbia sonidera,2,5.624934,2018,2024,exact_normalized_name,matched
Los Ángeles Azules,dcb5e5c6-5f21-4266-b5b6-556f54a6b6b5,Los Ángeles Azules,latin,2,5.624934,2018,2024,exact_normalized_name,matched
Los Ángeles Azules,dcb5e5c6-5f21-4266-b5b6-556f54a6b6b5,Los Ángeles Azules,mexican cumbia,0,5.624934,2018,2024,exact_normalized_name,matched
Guns N' Roses,eeb1195b-f213-4ce1-b28c-8565211f8e43,Guns N’ Roses,hard rock,31,5.503903,2017,2025,top_search_result,matched
Guns N' Roses,eeb1195b-f213-4ce1-b28c-8565211f8e43,Guns N’ Roses,glam metal,9,5.503903,2017,2025,top_search_result,matched
Guns N' Roses,eeb1195b-f213-4ce1-b28c-8565211f8e43,Guns N’ Roses,heavy metal,5,5.503903,2017,2025,top_search_result,matched
Guns N' Roses,eeb1195b-f213-4ce1-b28c-8565211f8e43,Guns N’ Roses,rock,4,5.503903,2017,2025,top_search_result,matched
Guns N' Roses,eeb1195b-f213-4ce1-b28c-8565211f8e43,Guns N’ Roses,art rock,2,5.503903,2017,2025,top_search_result,matched
Guns N' Roses,eeb1195b-f213-4ce1-b28c-8565211f8e43,Guns N’ Roses,aor,1,5.503903,2017,2025,top_search_result,matched
Guns N' Roses,eeb1195b-f213-4ce1-b28c-8565211f8e43,Guns N’ Roses,arena rock,1,5.503903,2017,2025,top_search_result,matched
Guns N' Roses,eeb1195b-f213-4ce1-b28c-8565211f8e43,Guns N’ Roses,punk rock,1,5.503903,2017,2025,top_search_result,matched
Guns N' Roses,eeb1195b-f213-4ce1-b28c-8565211f8e43,Guns N’ Roses,estados unidos,0,5.503903,2017,2025,top_search_result,matched
Guns N' Roses,eeb1195b-f213-4ce1-b28c-8565211f8e43,Guns N’ Roses,folk rock,0,5.503903,2017,2025,top_search_result,matched
Guns N' Roses,eeb1195b-f213-4ce1-b28c-8565211f8e43,Guns N’ Roses,glam punk,0,5.503903,2017,2025,top_search_result,matched
Guns N' Roses,eeb1195b-f213-4ce1-b28c-8565211f8e43,Guns N’ Roses,metal,0,5.503903,2017,2025,top_search_result,matched
Guns N' Roses,eeb1195b-f213-4ce1-b28c-8565211f8e43,Guns N’ Roses,2008 universal fire victim,-1,5.503903,2017,2025,top_search_result,matched
Guns N' Roses,eeb1195b-f213-4ce1-b28c-8565211f8e43,Guns N’ Roses,acoustic rock,-1,5.503903,2017,2025,top_search_result,matched
Guns N' Roses,eeb1195b-f213-4ce1-b28c-8565211f8e43,Guns N’ Roses,american,-1,5.503903,2017,2025,top_search_result,matched
Guns N' Roses,eeb1195b-f213-4ce1-b28c-8565211f8e43,Guns N’ Roses,band,-1,5.503903,2017,2025,top_search_result,matched
Guns N' Roses,eeb1195b-f213-4ce1-b28c-8565211f8e43,Guns N’ Roses,glam,-1,5.503903,2017,2025,top_search_result,matched
Guns N' Roses,eeb1195b-f213-4ce1-b28c-8565211f8e43,Guns N’ Roses,piano rock,-1,5.503903,2017,2025,top_search_result,matched
Guns N' Roses,eeb1195b-f213-4ce1-b28c-8565211f8e43,Guns N’ Roses,pop rock,-1,5.503903,2017,2025,top_search_result,matched
Guns N' Roses,eeb1195b-f213-4ce1-b28c-8565211f8e43,Guns N’ Roses,+usa (california:los angeles),-2,5.503903,2017,2025,top_search_result,matched
Guns N' Roses,eeb1195b-f213-4ce1-b28c-8565211f8e43,Guns N’ Roses,classic pop and rock,-2,5.503903,2017,2025,top_search_result,matched
Guns N' Roses,eeb1195b-f213-4ce1-b28c-8565211f8e43,Guns N’ Roses,industrial rock,-2,5.503903,2017,2025,top_search_result,matched
Guns N' Roses,eeb1195b-f213-4ce1-b28c-8565211f8e43,Guns N’ Roses,patience,-2,5.503903,2017,2025,top_search_result,matched
Guns N' Roses,eeb1195b-f213-4ce1-b28c-8565211f8e43,Guns N’ Roses,pop/rock,-2,5.503903,2017,2025,top_search_result,matched
Lenny Tavárez,9ded7dc2-70e1-4cdc-9845-27ad38c9e5fc,Lenny Tavárez,reggaeton,2,5.460821,2017,2025,exact_normalized_name,matched
Lenny Tavárez,9ded7dc2-70e1-4cdc-9845-27ad38c9e5fc,Lenny Tavárez,trap latino,2,5.460821,2017,2025,exact_normalized_name,matched
Lenny Tavárez,9ded7dc2-70e1-4cdc-9845-27ad38c9e5fc,Lenny Tavárez,latin,1,5.460821,2017,2025,exact_normalized_name,matched
Tale Of Us,88c36329-925d-42df-981e-d5df479da2aa,Tale of Us,electronic,1,5.445497,2018,2025,exact_normalized_name,matched
Ke Personajes,4757548b-8567-4b11-8bc7-519920780001,Ke Personajes,,,5.42629,2019,2025,exact_normalized_name,matched
Billie Eilish,f4abc0b5-3f7a-4eff-8f78-ac078dbce533,Billie Eilish,electropop,12,5.423224,2019,2022,exact_normalized_name,matched
Billie Eilish,f4abc0b5-3f7a-4eff-8f78-ac078dbce533,Billie Eilish,alternative pop,11,5.423224,2019,2022,exact_normalized_name,matched
Billie Eilish,f4abc0b5-3f7a-4eff-8f78-ac078dbce533,Billie Eilish,dark pop,9,5.423224,2019,2022,exact_normalized_name,matched
Billie Eilish,f4abc0b5-3f7a-4eff-8f78-ac078dbce533,Billie Eilish,pop,9,5.423224,2019,2022,exact_normalized_name,matched
Billie Eilish,f4abc0b5-3f7a-4eff-8f78-ac078dbce533,Billie Eilish,alternative r&b,5,5.423224,2019,2022,exact_normalized_name,matched
Billie Eilish,f4abc0b5-3f7a-4eff-8f78-ac078dbce533,Billie Eilish,art pop,4,5.423224,2019,2022,exact_normalized_name,matched
Billie Eilish,f4abc0b5-3f7a-4eff-8f78-ac078dbce533,Billie Eilish,pity pop,4,5.423224,2019,2022,exact_normalized_name,matched
Billie Eilish,f4abc0b5-3f7a-4eff-8f78-ac078dbce533,Billie Eilish,alt-pop,3,5.423224,2019,2022,exact_normalized_name,matched
Billie Eilish,f4abc0b5-3f7a-4eff-8f78-ac078dbce533,Billie Eilish,bedroom pop,3,5.423224,2019,2022,exact_normalized_name,matched
Billie Eilish,f4abc0b5-3f7a-4eff-8f78-ac078dbce533,Billie Eilish,contemporary r&b,3,5.423224,2019,2022,exact_normalized_name,matched
Billie Eilish,f4abc0b5-3f7a-4eff-8f78-ac078dbce533,Billie Eilish,indie pop,3,5.423224,2019,2022,exact_normalized_name,matched
Billie Eilish,f4abc0b5-3f7a-4eff-8f78-ac078dbce533,Billie Eilish,2010s,2,5.423224,2019,2022,exact_normalized_name,matched
Billie Eilish,f4abc0b5-3f7a-4eff-8f78-ac078dbce533,Billie Eilish,2020s,2,5.423224,2019,2022,exact_normalized_name,matched
Billie Eilish,f4abc0b5-3f7a-4eff-8f78-ac078dbce533,Billie Eilish,singer-songwriter,2,5.423224,2019,2022,exact_normalized_name,matched
Billie Eilish,f4abc0b5-3f7a-4eff-8f78-ac078dbce533,Billie Eilish,alternative,1,5.423224,2019,2022,exact_normalized_name,matched
Billie Eilish,f4abc0b5-3f7a-4eff-8f78-ac078dbce533,Billie Eilish,electronic,1,5.423224,2019,2022,exact_normalized_name,matched
Billie Eilish,f4abc0b5-3f7a-4eff-8f78-ac078dbce533,Billie Eilish,electronica,1,5.423224,2019,2022,exact_normalized_name,matched
Billie Eilish,f4abc0b5-3f7a-4eff-8f78-ac078dbce533,Billie Eilish,female vocals,1,5.423224,2019,2022,exact_normalized_name,matched
Billie Eilish,f4abc0b5-3f7a-4eff-8f78-ac078dbce533,Billie Eilish,gen z,1,5.423224,2019,2022,exact_normalized_name,matched
Billie Eilish,f4abc0b5-3f7a-4eff-8f78-ac078dbce533,Billie Eilish,pop rock,1,5.423224,2019,2022,exact_normalized_name,matched
Billie Eilish,f4abc0b5-3f7a-4eff-8f78-ac078dbce533,Billie Eilish,pop soul,1,5.423224,2019,2022,exact_normalized_name,matched
Billie Eilish,f4abc0b5-3f7a-4eff-8f78-ac078dbce533,Billie Eilish,queer,1,5.423224,2019,2022,exact_normalized_name,matched
Billie Eilish,f4abc0b5-3f7a-4eff-8f78-ac078dbce533,Billie Eilish,downtempo,0,5.423224,2019,2022,exact_normalized_name,matched
Billie Eilish,f4abc0b5-3f7a-4eff-8f78-ac078dbce533,Billie Eilish,english,0,5.423224,2019,2022,exact_normalized_name,matched
Billie Eilish,f4abc0b5-3f7a-4eff-8f78-ac078dbce533,Billie Eilish,indietronica,0,5.423224,2019,2022,exact_normalized_name,matched
Billie Eilish,f4abc0b5-3f7a-4eff-8f78-ac078dbce533,Billie Eilish,late 2010s,0,5.423224,2019,2022,exact_normalized_name,matched
Billie Eilish,f4abc0b5-3f7a-4eff-8f78-ac078dbce533,Billie Eilish,leftfield,0,5.423224,2019,2022,exact_normalized_name,matched
Billie Eilish,f4abc0b5-3f7a-4eff-8f78-ac078dbce533,Billie Eilish,lo-fi,0,5.423224,2019,2022,exact_normalized_name,matched
Billie Eilish,f4abc0b5-3f7a-4eff-8f78-ac078dbce533,Billie Eilish,los angeles,0,5.423224,2019,2022,exact_normalized_name,matched
Billie Eilish,f4abc0b5-3f7a-4eff-8f78-ac078dbce533,Billie Eilish,nepo baby,0,5.423224,2019,2022,exact_normalized_name,matched
Billie Eilish,f4abc0b5-3f7a-4eff-8f78-ac078dbce533,Billie Eilish,progressive pop,0,5.423224,2019,2022,exact_normalized_name,matched
Billie Eilish,f4abc0b5-3f7a-4eff-8f78-ac078dbce533,Billie Eilish,sad girl pop,0,5.423224,2019,2022,exact_normalized_name,matched
Billie Eilish,f4abc0b5-3f7a-4eff-8f78-ac078dbce533,Billie Eilish,teen pop,0,5.423224,2019,2022,exact_normalized_name,matched
Billie Eilish,f4abc0b5-3f7a-4eff-8f78-ac078dbce533,Billie Eilish,trap,0,5.423224,2019,2022,exact_normalized_name,matched
Billie Eilish,f4abc0b5-3f7a-4eff-8f78-ac078dbce533,Billie Eilish,usa,0,5.423224,2019,2022,exact_normalized_name,matched
Billie Eilish,f4abc0b5-3f7a-4eff-8f78-ac078dbce533,Billie Eilish,englisch,-1,5.423224,2019,2022,exact_normalized_name,matched
Cornucopia,6f650845-8665-4859-838a-a9999597daeb,Cornucopia,,,5.392087,2025,2025,exact_normalized_name,matched
Grupo Frontera,4c57c827-4ce3-4cf4-9492-0ff7f1ee2b0f,Grupo Frontera,norteño,2,5.349269,2023,2025,exact_normalized_name,matched
Grupo Frontera,4c57c827-4ce3-4cf4-9492-0ff7f1ee2b0f,Grupo Frontera,regional mexicano,2,5.349269,2023,2025,exact_normalized_name,matched
Grupo Frontera,4c57c827-4ce3-4cf4-9492-0ff7f1ee2b0f,Grupo Frontera,americana,1,5.349269,2023,2025,exact_normalized_name,matched
Grupo Frontera,4c57c827-4ce3-4cf4-9492-0ff7f1ee2b0f,Grupo Frontera,cumbia norteña,1,5.349269,2023,2025,exact_normalized_name,matched
Grupo Frontera,4c57c827-4ce3-4cf4-9492-0ff7f1ee2b0f,Grupo Frontera,cumbia norteña mexicana,1,5.349269,2023,2025,exact_normalized_name,matched
Grupo Frontera,4c57c827-4ce3-4cf4-9492-0ff7f1ee2b0f,Grupo Frontera,latin,1,5.349269,2023,2025,exact_normalized_name,matched
Grupo Frontera,4c57c827-4ce3-4cf4-9492-0ff7f1ee2b0f,Grupo Frontera,regional mexican,1,5.349269,2023,2025,exact_normalized_name,matched
Los Pibes Chorros,b6f2a81c-fe34-4ab8-bc6d-7b9a199d1bda,Los Pibes Chorros,cumbia villera,1,5.340259,2017,2025,exact_normalized_name,matched
Maty Deejay,,,,,5.278709,2018,2024,no_result,not_found
Tropitango Bailable,,,,,5.149566,2024,2025,no_result,not_found
Van Halen,b665b768-0d83-4363-950c-31ed39317c15,Van Halen,hard rock,15,5.118161,2021,2025,exact_normalized_name,matched
Van Halen,b665b768-0d83-4363-950c-31ed39317c15,Van Halen,rock,5,5.118161,2021,2025,exact_normalized_name,matched
Van Halen,b665b768-0d83-4363-950c-31ed39317c15,Van Halen,glam metal,2,5.118161,2021,2025,exact_normalized_name,matched
Van Halen,b665b768-0d83-4363-950c-31ed39317c15,Van Halen,estados unidos,0,5.118161,2021,2025,exact_normalized_name,matched
Van Halen,b665b768-0d83-4363-950c-31ed39317c15,Van Halen,aor,-1,5.118161,2021,2025,exact_normalized_name,matched
Van Halen,b665b768-0d83-4363-950c-31ed39317c15,Van Halen,glam rock,-1,5.118161,2021,2025,exact_normalized_name,matched
Van Halen,b665b768-0d83-4363-950c-31ed39317c15,Van Halen,pop rock,-2,5.118161,2021,2025,exact_normalized_name,matched
Van Halen,b665b768-0d83-4363-950c-31ed39317c15,Van Halen,van halen,-2,5.118161,2021,2025,exact_normalized_name,matched
Van Halen,b665b768-0d83-4363-950c-31ed39317c15,Van Halen,pop/rock,-3,5.118161,2021,2025,exact_normalized_name,matched
Van Halen,b665b768-0d83-4363-950c-31ed39317c15,Van Halen,classic pop and rock,-4,5.118161,2021,2025,exact_normalized_name,matched
Van Halen,b665b768-0d83-4363-950c-31ed39317c15,Van Halen,jump,-4,5.118161,2021,2025,exact_normalized_name,matched
Gilda,ee8bb84b-b97e-4a39-a6de-5642d98fceed,Gilda,cumbia argentina,1,5.113704,2018,2025,exact_normalized_name,matched
Trap Capos,a1255eb5-467d-4606-9898-2d5e5041f1db,Trap Capos,,,5.021541,2017,2025,exact_normalized_name,matched
B.B. King,dcb03ce3-67a5-4eb3-b2d1-2a12d93a38f3,B.B. King,blues,18,5.007552,2017,2025,exact_normalized_name,matched
B.B. King,dcb03ce3-67a5-4eb3-b2d1-2a12d93a38f3,B.B. King,electric blues,4,5.007552,2017,2025,exact_normalized_name,matched
B.B. King,dcb03ce3-67a5-4eb3-b2d1-2a12d93a38f3,B.B. King,2008 universal fire victim,2,5.007552,2017,2025,exact_normalized_name,matched
B.B. King,dcb03ce3-67a5-4eb3-b2d1-2a12d93a38f3,B.B. King,rhythm & blues,2,5.007552,2017,2025,exact_normalized_name,matched
B.B. King,dcb03ce3-67a5-4eb3-b2d1-2a12d93a38f3,B.B. King,soul blues,2,5.007552,2017,2025,exact_normalized_name,matched
B.B. King,dcb03ce3-67a5-4eb3-b2d1-2a12d93a38f3,B.B. King,blues rock,1,5.007552,2017,2025,exact_normalized_name,matched
B.B. King,dcb03ce3-67a5-4eb3-b2d1-2a12d93a38f3,B.B. King,filmore,1,5.007552,2017,2025,exact_normalized_name,matched
B.B. King,dcb03ce3-67a5-4eb3-b2d1-2a12d93a38f3,B.B. King,jazz and blues,1,5.007552,2017,2025,exact_normalized_name,matched
B.B. King,dcb03ce3-67a5-4eb3-b2d1-2a12d93a38f3,B.B. King,live,1,5.007552,2017,2025,exact_normalized_name,matched
B.B. King,dcb03ce3-67a5-4eb3-b2d1-2a12d93a38f3,B.B. King,soul,1,5.007552,2017,2025,exact_normalized_name,matched
B.B. King,dcb03ce3-67a5-4eb3-b2d1-2a12d93a38f3,B.B. King,urban blues,1,5.007552,2017,2025,exact_normalized_name,matched
Pinky SD,ced9ab5c-b0a9-4498-a74e-fc4a76a21fb6,Pinky SD,,,4.984071,2022,2025,exact_normalized_name,matched
DJ Nelson,e714edca-6673-4cde-af91-76a12697b04a,DJ Nelson,latin,1,4.766509,2017,2025,exact_normalized_name,matched
DJ Nelson,e714edca-6673-4cde-af91-76a12697b04a,DJ Nelson,latin urban,1,4.766509,2017,2025,exact_normalized_name,matched
DJ Nelson,e714edca-6673-4cde-af91-76a12697b04a,DJ Nelson,reggaeton,1,4.766509,2017,2025,exact_normalized_name,matched
The Rolling Stones,b071f9fa-14b0-4217-8e97-eb41da73f598,The Rolling Stones,rock,38,4.745037,2018,2025,exact_normalized_name,matched
The Rolling Stones,b071f9fa-14b0-4217-8e97-eb41da73f598,The Rolling Stones,blues rock,21,4.745037,2018,2025,exact_normalized_name,matched
The Rolling Stones,b071f9fa-14b0-4217-8e97-eb41da73f598,The Rolling Stones,classic rock,9,4.745037,2018,2025,exact_normalized_name,matched
The Rolling Stones,b071f9fa-14b0-4217-8e97-eb41da73f598,The Rolling Stones,british,8,4.745037,2018,2025,exact_normalized_name,matched
The Rolling Stones,b071f9fa-14b0-4217-8e97-eb41da73f598,The Rolling Stones,psychedelic rock,8,4.745037,2018,2025,exact_normalized_name,matched
The Rolling Stones,b071f9fa-14b0-4217-8e97-eb41da73f598,The Rolling Stones,british rhythm & blues,7,4.745037,2018,2025,exact_normalized_name,matched
The Rolling Stones,b071f9fa-14b0-4217-8e97-eb41da73f598,The Rolling Stones,pop rock,4,4.745037,2018,2025,exact_normalized_name,matched
The Rolling Stones,b071f9fa-14b0-4217-8e97-eb41da73f598,The Rolling Stones,rock and roll,4,4.745037,2018,2025,exact_normalized_name,matched
The Rolling Stones,b071f9fa-14b0-4217-8e97-eb41da73f598,The Rolling Stones,blues,2,4.745037,2018,2025,exact_normalized_name,matched
The Rolling Stones,b071f9fa-14b0-4217-8e97-eb41da73f598,The Rolling Stones,rock & roll,2,4.745037,2018,2025,exact_normalized_name,matched
The Rolling Stones,b071f9fa-14b0-4217-8e97-eb41da73f598,The Rolling Stones,pop,0,4.745037,2018,2025,exact_normalized_name,matched
The Rolling Stones,b071f9fa-14b0-4217-8e97-eb41da73f598,The Rolling Stones,beat music,-1,4.745037,2018,2025,exact_normalized_name,matched
The Rolling Stones,b071f9fa-14b0-4217-8e97-eb41da73f598,The Rolling Stones,dance-rock,-1,4.745037,2018,2025,exact_normalized_name,matched
The Rolling Stones,b071f9fa-14b0-4217-8e97-eb41da73f598,The Rolling Stones,hard rock,-1,4.745037,2018,2025,exact_normalized_name,matched
The Rolling Stones,b071f9fa-14b0-4217-8e97-eb41da73f598,The Rolling Stones,psychedelic pop,-1,4.745037,2018,2025,exact_normalized_name,matched
The Rolling Stones,b071f9fa-14b0-4217-8e97-eb41da73f598,The Rolling Stones,roots rock,-1,4.745037,2018,2025,exact_normalized_name,matched
The Rolling Stones,b071f9fa-14b0-4217-8e97-eb41da73f598,The Rolling Stones,album rock,-2,4.745037,2018,2025,exact_normalized_name,matched
The Rolling Stones,b071f9fa-14b0-4217-8e97-eb41da73f598,The Rolling Stones,british invasion,-2,4.745037,2018,2025,exact_normalized_name,matched
The Rolling Stones,b071f9fa-14b0-4217-8e97-eb41da73f598,The Rolling Stones,country,-2,4.745037,2018,2025,exact_normalized_name,matched
The Rolling Stones,b071f9fa-14b0-4217-8e97-eb41da73f598,The Rolling Stones,mainstream rock,-2,4.745037,2018,2025,exact_normalized_name,matched
The Rolling Stones,b071f9fa-14b0-4217-8e97-eb41da73f598,The Rolling Stones,merseybeat,-2,4.745037,2018,2025,exact_normalized_name,matched
The Rolling Stones,b071f9fa-14b0-4217-8e97-eb41da73f598,The Rolling Stones,reggae,-2,4.745037,2018,2025,exact_normalized_name,matched
The Rolling Stones,b071f9fa-14b0-4217-8e97-eb41da73f598,The Rolling Stones,britannique,-3,4.745037,2018,2025,exact_normalized_name,matched
The Rolling Stones,b071f9fa-14b0-4217-8e97-eb41da73f598,The Rolling Stones,classic pop and rock,-3,4.745037,2018,2025,exact_normalized_name,matched
The Rolling Stones,b071f9fa-14b0-4217-8e97-eb41da73f598,The Rolling Stones,english,-3,4.745037,2018,2025,exact_normalized_name,matched
The Rolling Stones,b071f9fa-14b0-4217-8e97-eb41da73f598,The Rolling Stones,mick jagger,-3,4.745037,2018,2025,exact_normalized_name,matched
The Rolling Stones,b071f9fa-14b0-4217-8e97-eb41da73f598,The Rolling Stones,reino unido,-3,4.745037,2018,2025,exact_normalized_name,matched
The Rolling Stones,b071f9fa-14b0-4217-8e97-eb41da73f598,The Rolling Stones,rhythm & blues,-3,4.745037,2018,2025,exact_normalized_name,matched
The Rolling Stones,b071f9fa-14b0-4217-8e97-eb41da73f598,The Rolling Stones,rnb,-3,4.745037,2018,2025,exact_normalized_name,matched
The Rolling Stones,b071f9fa-14b0-4217-8e97-eb41da73f598,The Rolling Stones,uk,-3,4.745037,2018,2025,exact_normalized_name,matched
The Rolling Stones,b071f9fa-14b0-4217-8e97-eb41da73f598,The Rolling Stones,essentials,-5,4.745037,2018,2025,exact_normalized_name,matched
The Rolling Stones,b071f9fa-14b0-4217-8e97-eb41da73f598,The Rolling Stones,greatest hits,-5,4.745037,2018,2025,exact_normalized_name,matched
The Rolling Stones,b071f9fa-14b0-4217-8e97-eb41da73f598,The Rolling Stones,live,-5,4.745037,2018,2025,exact_normalized_name,matched
The Rolling Stones,b071f9fa-14b0-4217-8e97-eb41da73f598,The Rolling Stones,some girls,-5,4.745037,2018,2025,exact_normalized_name,matched
The Rolling Stones,b071f9fa-14b0-4217-8e97-eb41da73f598,The Rolling Stones,strictly stereo 1964 - 1969,-5,4.745037,2018,2025,exact_normalized_name,matched
The Rolling Stones,b071f9fa-14b0-4217-8e97-eb41da73f598,The Rolling Stones,the-rolling-stones,-5,4.745037,2018,2025,exact_normalized_name,matched
Wade,fe510c08-2449-45b4-9463-e55ecf0efc55,Wade Bowen,country,2,4.744446,2020,2024,top_search_result,matched
Wade,fe510c08-2449-45b4-9463-e55ecf0efc55,Wade Bowen,red dirt,1,4.744446,2020,2024,top_search_result,matched
Wade,fe510c08-2449-45b4-9463-e55ecf0efc55,Wade Bowen,texas country,1,4.744446,2020,2024,top_search_result,matched
Emmi Dj,,,,,4.708255,2019,2025,no_result,not_found
Victor Ruiz,068df31f-729b-4179-b82c-1d8aef61bd0b,Victor Ruiz,techno,1,4.705192,2017,2024,exact_normalized_name,matched
ZZ Top,a81259a0-a2f5-464b-866e-71220f2739f1,ZZ Top,blues rock,13,4.663974,2017,2025,exact_normalized_name,matched
ZZ Top,a81259a0-a2f5-464b-866e-71220f2739f1,ZZ Top,rock,9,4.663974,2017,2025,exact_normalized_name,matched
ZZ Top,a81259a0-a2f5-464b-866e-71220f2739f1,ZZ Top,southern rock,9,4.663974,2017,2025,exact_normalized_name,matched
ZZ Top,a81259a0-a2f5-464b-866e-71220f2739f1,ZZ Top,hard rock,5,4.663974,2017,2025,exact_normalized_name,matched
ZZ Top,a81259a0-a2f5-464b-866e-71220f2739f1,ZZ Top,boogie rock,3,4.663974,2017,2025,exact_normalized_name,matched
ZZ Top,a81259a0-a2f5-464b-866e-71220f2739f1,ZZ Top,classic rock,3,4.663974,2017,2025,exact_normalized_name,matched
ZZ Top,a81259a0-a2f5-464b-866e-71220f2739f1,ZZ Top,album rock,0,4.663974,2017,2025,exact_normalized_name,matched
ZZ Top,a81259a0-a2f5-464b-866e-71220f2739f1,ZZ Top,new wave,0,4.663974,2017,2025,exact_normalized_name,matched
ZZ Top,a81259a0-a2f5-464b-866e-71220f2739f1,ZZ Top,920.023,-1,4.663974,2017,2025,exact_normalized_name,matched
ZZ Top,a81259a0-a2f5-464b-866e-71220f2739f1,ZZ Top,american,-1,4.663974,2017,2025,exact_normalized_name,matched
ZZ Top,a81259a0-a2f5-464b-866e-71220f2739f1,ZZ Top,blues,-1,4.663974,2017,2025,exact_normalized_name,matched
ZZ Top,a81259a0-a2f5-464b-866e-71220f2739f1,ZZ Top,stoner rock,-1,4.663974,2017,2025,exact_normalized_name,matched
ZZ Top,a81259a0-a2f5-464b-866e-71220f2739f1,ZZ Top,classic pop and rock,-2,4.663974,2017,2025,exact_normalized_name,matched
ZZ Top,a81259a0-a2f5-464b-866e-71220f2739f1,ZZ Top,texas,-2,4.663974,2017,2025,exact_normalized_name,matched
ZZ Top,a81259a0-a2f5-464b-866e-71220f2739f1,ZZ Top,texas blues,-2,4.663974,2017,2025,exact_normalized_name,matched
Etta James,e22d2f66-881e-41ca-9356-544697ee5f90,Etta James,soul,9,4.611584,2024,2025,exact_normalized_name,matched
Etta James,e22d2f66-881e-41ca-9356-544697ee5f90,Etta James,blues,7,4.611584,2024,2025,exact_normalized_name,matched
Etta James,e22d2f66-881e-41ca-9356-544697ee5f90,Etta James,jazz,4,4.611584,2024,2025,exact_normalized_name,matched
Etta James,e22d2f66-881e-41ca-9356-544697ee5f90,Etta James,rhythm & blues,2,4.611584,2024,2025,exact_normalized_name,matched
Etta James,e22d2f66-881e-41ca-9356-544697ee5f90,Etta James,2008 universal fire victim,1,4.611584,2024,2025,exact_normalized_name,matched
Etta James,e22d2f66-881e-41ca-9356-544697ee5f90,Etta James,blues rock,1,4.611584,2024,2025,exact_normalized_name,matched
Etta James,e22d2f66-881e-41ca-9356-544697ee5f90,Etta James,favoritos,1,4.611584,2024,2025,exact_normalized_name,matched
Etta James,e22d2f66-881e-41ca-9356-544697ee5f90,Etta James,funk,1,4.611584,2024,2025,exact_normalized_name,matched
Etta James,e22d2f66-881e-41ca-9356-544697ee5f90,Etta James,soul blues,1,4.611584,2024,2025,exact_normalized_name,matched
Etta James,e22d2f66-881e-41ca-9356-544697ee5f90,Etta James,southern soul,1,4.611584,2024,2025,exact_normalized_name,matched
Etta James,e22d2f66-881e-41ca-9356-544697ee5f90,Etta James,american,0,4.611584,2024,2025,exact_normalized_name,matched
Etta James,e22d2f66-881e-41ca-9356-544697ee5f90,Etta James,classic pop and rock,0,4.611584,2024,2025,exact_normalized_name,matched
Etta James,e22d2f66-881e-41ca-9356-544697ee5f90,Etta James,groove me,0,4.611584,2024,2025,exact_normalized_name,matched
Etta James,e22d2f66-881e-41ca-9356-544697ee5f90,Etta James,rnb,0,4.611584,2024,2025,exact_normalized_name,matched
Ozzy Osbourne,8aa5b65a-5b3c-4029-92bf-47a544356934,Ozzy Osbourne,heavy metal,23,4.439163,2017,2025,exact_normalized_name,matched
Ozzy Osbourne,8aa5b65a-5b3c-4029-92bf-47a544356934,Ozzy Osbourne,hard rock,13,4.439163,2017,2025,exact_normalized_name,matched
Ozzy Osbourne,8aa5b65a-5b3c-4029-92bf-47a544356934,Ozzy Osbourne,british,5,4.439163,2017,2025,exact_normalized_name,matched
Ozzy Osbourne,8aa5b65a-5b3c-4029-92bf-47a544356934,Ozzy Osbourne,glam metal,4,4.439163,2017,2025,exact_normalized_name,matched
Ozzy Osbourne,8aa5b65a-5b3c-4029-92bf-47a544356934,Ozzy Osbourne,pop rock,3,4.439163,2017,2025,exact_normalized_name,matched
Ozzy Osbourne,8aa5b65a-5b3c-4029-92bf-47a544356934,Ozzy Osbourne,symphonic rock,3,4.439163,2017,2025,exact_normalized_name,matched
Ozzy Osbourne,8aa5b65a-5b3c-4029-92bf-47a544356934,Ozzy Osbourne,metal,2,4.439163,2017,2025,exact_normalized_name,matched
Ozzy Osbourne,8aa5b65a-5b3c-4029-92bf-47a544356934,Ozzy Osbourne,rock music,1,4.439163,2017,2025,exact_normalized_name,matched
Ozzy Osbourne,8aa5b65a-5b3c-4029-92bf-47a544356934,Ozzy Osbourne,rock musicians,1,4.439163,2017,2025,exact_normalized_name,matched
Ozzy Osbourne,8aa5b65a-5b3c-4029-92bf-47a544356934,Ozzy Osbourne,singers,1,4.439163,2017,2025,exact_normalized_name,matched
Ozzy Osbourne,8aa5b65a-5b3c-4029-92bf-47a544356934,Ozzy Osbourne,alliteration,0,4.439163,2017,2025,exact_normalized_name,matched
Ozzy Osbourne,8aa5b65a-5b3c-4029-92bf-47a544356934,Ozzy Osbourne,ozzy,0,4.439163,2017,2025,exact_normalized_name,matched
Ozzy Osbourne,8aa5b65a-5b3c-4029-92bf-47a544356934,Ozzy Osbourne,reino unido,0,4.439163,2017,2025,exact_normalized_name,matched
Ozzy Osbourne,8aa5b65a-5b3c-4029-92bf-47a544356934,Ozzy Osbourne,classic pop and rock,-1,4.439163,2017,2025,exact_normalized_name,matched
Ozzy Osbourne,8aa5b65a-5b3c-4029-92bf-47a544356934,Ozzy Osbourne,english,-1,4.439163,2017,2025,exact_normalized_name,matched
Ozzy Osbourne,8aa5b65a-5b3c-4029-92bf-47a544356934,Ozzy Osbourne,multiple ipi,-1,4.439163,2017,2025,exact_normalized_name,matched
Ozzy Osbourne,8aa5b65a-5b3c-4029-92bf-47a544356934,Ozzy Osbourne,ozzy osbourne,-1,4.439163,2017,2025,exact_normalized_name,matched
Ozzy Osbourne,8aa5b65a-5b3c-4029-92bf-47a544356934,Ozzy Osbourne,piano rock,-1,4.439163,2017,2025,exact_normalized_name,matched
Ozzy Osbourne,8aa5b65a-5b3c-4029-92bf-47a544356934,Ozzy Osbourne,rock,-1,4.439163,2017,2025,exact_normalized_name,matched
Ozzy Osbourne,8aa5b65a-5b3c-4029-92bf-47a544356934,Ozzy Osbourne,uk,-1,4.439163,2017,2025,exact_normalized_name,matched
R.E.M.,ea4dfa26-f633-4da6-a52a-f49ea4897b58,R.E.M.,alternative rock,17,4.438282,2017,2025,exact_normalized_name,matched
R.E.M.,ea4dfa26-f633-4da6-a52a-f49ea4897b58,R.E.M.,jangle pop,8,4.438282,2017,2025,exact_normalized_name,matched
R.E.M.,ea4dfa26-f633-4da6-a52a-f49ea4897b58,R.E.M.,pop rock,6,4.438282,2017,2025,exact_normalized_name,matched
R.E.M.,ea4dfa26-f633-4da6-a52a-f49ea4897b58,R.E.M.,rock,5,4.438282,2017,2025,exact_normalized_name,matched
R.E.M.,ea4dfa26-f633-4da6-a52a-f49ea4897b58,R.E.M.,folk rock,4,4.438282,2017,2025,exact_normalized_name,matched
R.E.M.,ea4dfa26-f633-4da6-a52a-f49ea4897b58,R.E.M.,power pop,4,4.438282,2017,2025,exact_normalized_name,matched
R.E.M.,ea4dfa26-f633-4da6-a52a-f49ea4897b58,R.E.M.,alternative country,2,4.438282,2017,2025,exact_normalized_name,matched
R.E.M.,ea4dfa26-f633-4da6-a52a-f49ea4897b58,R.E.M.,chamber pop,2,4.438282,2017,2025,exact_normalized_name,matched
R.E.M.,ea4dfa26-f633-4da6-a52a-f49ea4897b58,R.E.M.,college rock,2,4.438282,2017,2025,exact_normalized_name,matched
R.E.M.,ea4dfa26-f633-4da6-a52a-f49ea4897b58,R.E.M.,glam rock,2,4.438282,2017,2025,exact_normalized_name,matched
R.E.M.,ea4dfa26-f633-4da6-a52a-f49ea4897b58,R.E.M.,grunge,2,4.438282,2017,2025,exact_normalized_name,matched
R.E.M.,ea4dfa26-f633-4da6-a52a-f49ea4897b58,R.E.M.,neo-psychedelia,2,4.438282,2017,2025,exact_normalized_name,matched
R.E.M.,ea4dfa26-f633-4da6-a52a-f49ea4897b58,R.E.M.,2008 universal fire victim,1,4.438282,2017,2025,exact_normalized_name,matched
R.E.M.,ea4dfa26-f633-4da6-a52a-f49ea4897b58,R.E.M.,acoustic rock,1,4.438282,2017,2025,exact_normalized_name,matched
R.E.M.,ea4dfa26-f633-4da6-a52a-f49ea4897b58,R.E.M.,electronic rock,1,4.438282,2017,2025,exact_normalized_name,matched
R.E.M.,ea4dfa26-f633-4da6-a52a-f49ea4897b58,R.E.M.,indie,1,4.438282,2017,2025,exact_normalized_name,matched
R.E.M.,ea4dfa26-f633-4da6-a52a-f49ea4897b58,R.E.M.,usa,1,4.438282,2017,2025,exact_normalized_name,matched
R.E.M.,ea4dfa26-f633-4da6-a52a-f49ea4897b58,R.E.M.,américain,0,4.438282,2017,2025,exact_normalized_name,matched
R.E.M.,ea4dfa26-f633-4da6-a52a-f49ea4897b58,R.E.M.,american,0,4.438282,2017,2025,exact_normalized_name,matched
R.E.M.,ea4dfa26-f633-4da6-a52a-f49ea4897b58,R.E.M.,athens,0,4.438282,2017,2025,exact_normalized_name,matched
R.E.M.,ea4dfa26-f633-4da6-a52a-f49ea4897b58,R.E.M.,classic rock,0,4.438282,2017,2025,exact_normalized_name,matched
R.E.M.,ea4dfa26-f633-4da6-a52a-f49ea4897b58,R.E.M.,georgia,0,4.438282,2017,2025,exact_normalized_name,matched
R.E.M.,ea4dfa26-f633-4da6-a52a-f49ea4897b58,R.E.M.,indie rock,0,4.438282,2017,2025,exact_normalized_name,matched
R.E.M.,ea4dfa26-f633-4da6-a52a-f49ea4897b58,R.E.M.,noise pop,0,4.438282,2017,2025,exact_normalized_name,matched
R.E.M.,ea4dfa26-f633-4da6-a52a-f49ea4897b58,R.E.M.,pop/rock,0,4.438282,2017,2025,exact_normalized_name,matched
R.E.M.,ea4dfa26-f633-4da6-a52a-f49ea4897b58,R.E.M.,post-punk,0,4.438282,2017,2025,exact_normalized_name,matched
R.E.M.,ea4dfa26-f633-4da6-a52a-f49ea4897b58,R.E.M.,rock and indie,0,4.438282,2017,2025,exact_normalized_name,matched
Los Piojos,3311ad1f-a411-420b-9071-d7300095fceb,Los Piojos,rock,2,4.358096,2017,2025,exact_normalized_name,matched
Los Piojos,3311ad1f-a411-420b-9071-d7300095fceb,Los Piojos,alternative rock,1,4.358096,2017,2025,exact_normalized_name,matched
Kevo DJ,,,,,4.327061,2018,2024,no_result,not_found
Rafa Barrios,b37d9e21-54f1-43df-95f7-48592cd7ab3d,Rafa Barrios,,,4.314709,2017,2022,exact_normalized_name,matched
Juhn,da286874-6e1e-4ca1-bcc9-c275827ac926,Juhn,latin,1,4.230429,2017,2024,exact_normalized_name,matched
Juhn,da286874-6e1e-4ca1-bcc9-c275827ac926,Juhn,latin urban,1,4.230429,2017,2024,exact_normalized_name,matched
Juhn,da286874-6e1e-4ca1-bcc9-c275827ac926,Juhn,reggaeton,1,4.230429,2017,2024,exact_normalized_name,matched
Juhn,da286874-6e1e-4ca1-bcc9-c275827ac926,Juhn,trap latino,1,4.230429,2017,2024,exact_normalized_name,matched
Casper Magico,1f320089-1f65-4855-88e2-878a5dc056ec,Casper Mágico,latin,1,4.138801,2018,2025,exact_normalized_name,matched
Casper Magico,1f320089-1f65-4855-88e2-878a5dc056ec,Casper Mágico,latin urban,1,4.138801,2018,2025,exact_normalized_name,matched
Casper Magico,1f320089-1f65-4855-88e2-878a5dc056ec,Casper Mágico,reggaeton,1,4.138801,2018,2025,exact_normalized_name,matched
Casper Magico,1f320089-1f65-4855-88e2-878a5dc056ec,Casper Mágico,trap,1,4.138801,2018,2025,exact_normalized_name,matched
Casper Magico,1f320089-1f65-4855-88e2-878a5dc056ec,Casper Mágico,trap latino,1,4.138801,2018,2025,exact_normalized_name,matched
Daniel Cardozo,9ac24e7e-e15c-46a9-bc28-7e2aa26d8668,Daniel Cardozo,,,4.12017,2019,2025,exact_normalized_name,matched
Simply Red,a9100753-f539-43cf-bcc9-579566fb512e,Simply Red,blue-eyed soul,5,4.049761,2021,2025,exact_normalized_name,matched
Simply Red,a9100753-f539-43cf-bcc9-579566fb512e,Simply Red,pop,4,4.049761,2021,2025,exact_normalized_name,matched
Simply Red,a9100753-f539-43cf-bcc9-579566fb512e,Simply Red,soul,3,4.049761,2021,2025,exact_normalized_name,matched
Simply Red,a9100753-f539-43cf-bcc9-579566fb512e,Simply Red,dance-pop,2,4.049761,2021,2025,exact_normalized_name,matched
Simply Red,a9100753-f539-43cf-bcc9-579566fb512e,Simply Red,sophisti-pop,2,4.049761,2021,2025,exact_normalized_name,matched
Simply Red,a9100753-f539-43cf-bcc9-579566fb512e,Simply Red,adult contemporary,1,4.049761,2021,2025,exact_normalized_name,matched
Simply Red,a9100753-f539-43cf-bcc9-579566fb512e,Simply Red,pop soul,1,4.049761,2021,2025,exact_normalized_name,matched
Simply Red,a9100753-f539-43cf-bcc9-579566fb512e,Simply Red,r&b,1,4.049761,2021,2025,exact_normalized_name,matched
Simply Red,a9100753-f539-43cf-bcc9-579566fb512e,Simply Red,soft rock,1,4.049761,2021,2025,exact_normalized_name,matched
Simply Red,a9100753-f539-43cf-bcc9-579566fb512e,Simply Red,classic pop and rock,0,4.049761,2021,2025,exact_normalized_name,matched
Gusty dj,b1617397-c332-4581-9cbb-a964be814821,Gusty dj,,,3.981313,2022,2025,exact_normalized_name,matched
Kenai,140faebe-9216-4b5e-b4a4-c4eed5e10137,Kenai,,,3.850031,2019,2025,exact_normalized_name,matched
Bebe DJ,,,,,3.83458,2019,2023,no_result,not_found
Divididos,fdae985a-b8e1-4a2b-919d-8ee12cec403e,Divididos,alternative rock,1,3.826303,2017,2025,exact_normalized_name,matched
Divididos,fdae985a-b8e1-4a2b-919d-8ee12cec403e,Divididos,blues rock,1,3.826303,2017,2025,exact_normalized_name,matched
Divididos,fdae985a-b8e1-4a2b-919d-8ee12cec403e,Divididos,folk rock,1,3.826303,2017,2025,exact_normalized_name,matched
Divididos,fdae985a-b8e1-4a2b-919d-8ee12cec403e,Divididos,hard rock,1,3.826303,2017,2025,exact_normalized_name,matched
Divididos,fdae985a-b8e1-4a2b-919d-8ee12cec403e,Divididos,rock,1,3.826303,2017,2025,exact_normalized_name,matched
KISS,e1f1e33e-2e4c-4d43-b91b-7064068d3283,KISS,hard rock,19,3.81809,2017,2025,exact_normalized_name,matched
KISS,e1f1e33e-2e4c-4d43-b91b-7064068d3283,KISS,glam rock,15,3.81809,2017,2025,exact_normalized_name,matched
KISS,e1f1e33e-2e4c-4d43-b91b-7064068d3283,KISS,glam metal,7,3.81809,2017,2025,exact_normalized_name,matched
KISS,e1f1e33e-2e4c-4d43-b91b-7064068d3283,KISS,rock,7,3.81809,2017,2025,exact_normalized_name,matched
KISS,e1f1e33e-2e4c-4d43-b91b-7064068d3283,KISS,classic rock,4,3.81809,2017,2025,exact_normalized_name,matched
KISS,e1f1e33e-2e4c-4d43-b91b-7064068d3283,KISS,heavy metal,4,3.81809,2017,2025,exact_normalized_name,matched
KISS,e1f1e33e-2e4c-4d43-b91b-7064068d3283,KISS,aor,3,3.81809,2017,2025,exact_normalized_name,matched
KISS,e1f1e33e-2e4c-4d43-b91b-7064068d3283,KISS,arena rock,3,3.81809,2017,2025,exact_normalized_name,matched
KISS,e1f1e33e-2e4c-4d43-b91b-7064068d3283,KISS,glam,3,3.81809,2017,2025,exact_normalized_name,matched
KISS,e1f1e33e-2e4c-4d43-b91b-7064068d3283,KISS,pop rock,3,3.81809,2017,2025,exact_normalized_name,matched
KISS,e1f1e33e-2e4c-4d43-b91b-7064068d3283,KISS,alternative metal,1,3.81809,2017,2025,exact_normalized_name,matched
KISS,e1f1e33e-2e4c-4d43-b91b-7064068d3283,KISS,american,1,3.81809,2017,2025,exact_normalized_name,matched
KISS,e1f1e33e-2e4c-4d43-b91b-7064068d3283,KISS,disco,1,3.81809,2017,2025,exact_normalized_name,matched
KISS,e1f1e33e-2e4c-4d43-b91b-7064068d3283,KISS,estados unidos,1,3.81809,2017,2025,exact_normalized_name,matched
KISS,e1f1e33e-2e4c-4d43-b91b-7064068d3283,KISS,grunge,1,3.81809,2017,2025,exact_normalized_name,matched
KISS,e1f1e33e-2e4c-4d43-b91b-7064068d3283,KISS,metal,1,3.81809,2017,2025,exact_normalized_name,matched
KISS,e1f1e33e-2e4c-4d43-b91b-7064068d3283,KISS,server name,1,3.81809,2017,2025,exact_normalized_name,matched
KISS,e1f1e33e-2e4c-4d43-b91b-7064068d3283,KISS,vyrzukhisuc-artiest,1,3.81809,2017,2025,exact_normalized_name,matched
KISS,e1f1e33e-2e4c-4d43-b91b-7064068d3283,KISS,3a46633b-26ed-4418-a029-ab77de3ccfae,0,3.81809,2017,2025,exact_normalized_name,matched
KISS,e1f1e33e-2e4c-4d43-b91b-7064068d3283,KISS,acoustic rock,0,3.81809,2017,2025,exact_normalized_name,matched
KISS,e1f1e33e-2e4c-4d43-b91b-7064068d3283,KISS,classic pop and rock,0,3.81809,2017,2025,exact_normalized_name,matched
KISS,e1f1e33e-2e4c-4d43-b91b-7064068d3283,KISS,super,0,3.81809,2017,2025,exact_normalized_name,matched
Cloonee,b643c24d-4cd6-4531-88bc-62b39ce43ee1,Cloonee,,,3.757387,2019,2025,exact_normalized_name,matched
Neil Young,75167b8b-44e4-407b-9d35-effe87b223cf,Neil Young,rock,11,3.687994,2017,2025,exact_normalized_name,matched
Neil Young,75167b8b-44e4-407b-9d35-effe87b223cf,Neil Young,folk rock,9,3.687994,2017,2025,exact_normalized_name,matched
Neil Young,75167b8b-44e4-407b-9d35-effe87b223cf,Neil Young,country rock,8,3.687994,2017,2025,exact_normalized_name,matched
Neil Young,75167b8b-44e4-407b-9d35-effe87b223cf,Neil Young,folk,5,3.687994,2017,2025,exact_normalized_name,matched
Neil Young,75167b8b-44e4-407b-9d35-effe87b223cf,Neil Young,canadian,4,3.687994,2017,2025,exact_normalized_name,matched
Neil Young,75167b8b-44e4-407b-9d35-effe87b223cf,Neil Young,classic rock,3,3.687994,2017,2025,exact_normalized_name,matched
Neil Young,75167b8b-44e4-407b-9d35-effe87b223cf,Neil Young,hard rock,3,3.687994,2017,2025,exact_normalized_name,matched
Neil Young,75167b8b-44e4-407b-9d35-effe87b223cf,Neil Young,composers,1,3.687994,2017,2025,exact_normalized_name,matched
Neil Young,75167b8b-44e4-407b-9d35-effe87b223cf,Neil Young,contemporary folk,1,3.687994,2017,2025,exact_normalized_name,matched
Neil Young,75167b8b-44e4-407b-9d35-effe87b223cf,Neil Young,country,1,3.687994,2017,2025,exact_normalized_name,matched
Neil Young,75167b8b-44e4-407b-9d35-effe87b223cf,Neil Young,folk-rock,1,3.687994,2017,2025,exact_normalized_name,matched
Neil Young,75167b8b-44e4-407b-9d35-effe87b223cf,Neil Young,proto-grunge,1,3.687994,2017,2025,exact_normalized_name,matched
Neil Young,75167b8b-44e4-407b-9d35-effe87b223cf,Neil Young,rock music,1,3.687994,2017,2025,exact_normalized_name,matched
Neil Young,75167b8b-44e4-407b-9d35-effe87b223cf,Neil Young,screenwriters,1,3.687994,2017,2025,exact_normalized_name,matched
Neil Young,75167b8b-44e4-407b-9d35-effe87b223cf,Neil Young,singer/songwriter,1,3.687994,2017,2025,exact_normalized_name,matched
Neil Young,75167b8b-44e4-407b-9d35-effe87b223cf,Neil Young,singers,1,3.687994,2017,2025,exact_normalized_name,matched
Neil Young,75167b8b-44e4-407b-9d35-effe87b223cf,Neil Young,2008 universal fire victim,0,3.687994,2017,2025,exact_normalized_name,matched
Neil Young,75167b8b-44e4-407b-9d35-effe87b223cf,Neil Young,blues,0,3.687994,2017,2025,exact_normalized_name,matched
Neil Young,75167b8b-44e4-407b-9d35-effe87b223cf,Neil Young,classic pop and rock,0,3.687994,2017,2025,exact_normalized_name,matched
Neil Young,75167b8b-44e4-407b-9d35-effe87b223cf,Neil Young,shocking,0,3.687994,2017,2025,exact_normalized_name,matched
Neil Young,75167b8b-44e4-407b-9d35-effe87b223cf,Neil Young,singer-songwriter,0,3.687994,2017,2025,exact_normalized_name,matched
Santana,9a3bf45c-347d-4630-894d-7cf3e8e0b632,Santana,latin rock,9,3.663189,2017,2025,exact_normalized_name,matched
Santana,9a3bf45c-347d-4630-894d-7cf3e8e0b632,Santana,rock,8,3.663189,2017,2025,exact_normalized_name,matched
Santana,9a3bf45c-347d-4630-894d-7cf3e8e0b632,Santana,jazz fusion,4,3.663189,2017,2025,exact_normalized_name,matched
Santana,9a3bf45c-347d-4630-894d-7cf3e8e0b632,Santana,jazz rock,3,3.663189,2017,2025,exact_normalized_name,matched
Santana,9a3bf45c-347d-4630-894d-7cf3e8e0b632,Santana,pop rock,3,3.663189,2017,2025,exact_normalized_name,matched
Santana,9a3bf45c-347d-4630-894d-7cf3e8e0b632,Santana,psychedelic rock,3,3.663189,2017,2025,exact_normalized_name,matched
Santana,9a3bf45c-347d-4630-894d-7cf3e8e0b632,Santana,blues rock,2,3.663189,2017,2025,exact_normalized_name,matched
Santana,9a3bf45c-347d-4630-894d-7cf3e8e0b632,Santana,classic rock,2,3.663189,2017,2025,exact_normalized_name,matched
Santana,9a3bf45c-347d-4630-894d-7cf3e8e0b632,Santana,hard rock,1,3.663189,2017,2025,exact_normalized_name,matched
Santana,9a3bf45c-347d-4630-894d-7cf3e8e0b632,Santana,jazz,1,3.663189,2017,2025,exact_normalized_name,matched
Santana,9a3bf45c-347d-4630-894d-7cf3e8e0b632,Santana,latin,1,3.663189,2017,2025,exact_normalized_name,matched
Santana,9a3bf45c-347d-4630-894d-7cf3e8e0b632,Santana,american,0,3.663189,2017,2025,exact_normalized_name,matched
Santana,9a3bf45c-347d-4630-894d-7cf3e8e0b632,Santana,guitar,0,3.663189,2017,2025,exact_normalized_name,matched
Santana,9a3bf45c-347d-4630-894d-7cf3e8e0b632,Santana,jazz-rock,0,3.663189,2017,2025,exact_normalized_name,matched
Santana,9a3bf45c-347d-4630-894d-7cf3e8e0b632,Santana,mexican,0,3.663189,2017,2025,exact_normalized_name,matched
Santana,9a3bf45c-347d-4630-894d-7cf3e8e0b632,Santana,pop/rock,0,3.663189,2017,2025,exact_normalized_name,matched
Santana,9a3bf45c-347d-4630-894d-7cf3e8e0b632,Santana,classic pop and rock,-2,3.663189,2017,2025,exact_normalized_name,matched
GOLFOS,ca360626-df07-4011-9c49-7ef61b0f683e,Golfos,,,3.620009,2021,2024,exact_normalized_name,matched
Dosem,fac67cfd-981b-4669-9bdd-8254e9c97053,Dosem,,,3.604102,2017,2025,exact_normalized_name,matched
Flora Martínez,02875ac8-5ff4-4f79-b70a-c18a9e3a9d6f,Flora Martinez,,,3.556807,2024,2025,exact_normalized_name,matched
Kendo Kaponi,289b0796-7b37-438e-bec8-c0590961c4cc,Kendo Kaponi,reggaeton,2,3.533511,2017,2023,exact_normalized_name,matched
Mora,f85f6e24-192b-4fa0-9b38-0aff4a396302,Mora,latin,3,3.487252,2019,2024,exact_normalized_name,matched
Mora,f85f6e24-192b-4fa0-9b38-0aff4a396302,Mora,reggaeton,3,3.487252,2019,2024,exact_normalized_name,matched
Mora,f85f6e24-192b-4fa0-9b38-0aff4a396302,Mora,trap latino,3,3.487252,2019,2024,exact_normalized_name,matched
Mora,f85f6e24-192b-4fa0-9b38-0aff4a396302,Mora,latin trap,0,3.487252,2019,2024,exact_normalized_name,matched
Mora,f85f6e24-192b-4fa0-9b38-0aff4a396302,Mora,latin urban,0,3.487252,2019,2024,exact_normalized_name,matched
Mora,f85f6e24-192b-4fa0-9b38-0aff4a396302,Mora,spanish,0,3.487252,2019,2024,exact_normalized_name,matched
Sou El Flotador,30703b34-554e-41fe-9e43-e1d6cbdbcd6f,Sou el Flotador,latin,1,3.445009,2017,2023,exact_normalized_name,matched
Sou El Flotador,30703b34-554e-41fe-9e43-e1d6cbdbcd6f,Sou el Flotador,latin urban,1,3.445009,2017,2023,exact_normalized_name,matched
Sou El Flotador,30703b34-554e-41fe-9e43-e1d6cbdbcd6f,Sou el Flotador,reggaeton,1,3.445009,2017,2023,exact_normalized_name,matched
Bob Marley & The Wailers,c296e10c-110a-4103-9e77-47bfebb7fb2e,Bob Marley & The Wailers,reggae,23,3.433516,2017,2025,exact_normalized_name,matched
Bob Marley & The Wailers,c296e10c-110a-4103-9e77-47bfebb7fb2e,Bob Marley & The Wailers,roots reggae,10,3.433516,2017,2025,exact_normalized_name,matched
Bob Marley & The Wailers,c296e10c-110a-4103-9e77-47bfebb7fb2e,Bob Marley & The Wailers,ska,2,3.433516,2017,2025,exact_normalized_name,matched
Bob Marley & The Wailers,c296e10c-110a-4103-9e77-47bfebb7fb2e,Bob Marley & The Wailers,dub,1,3.433516,2017,2025,exact_normalized_name,matched
Bob Marley & The Wailers,c296e10c-110a-4103-9e77-47bfebb7fb2e,Bob Marley & The Wailers,jamaican ska,1,3.433516,2017,2025,exact_normalized_name,matched
Bob Marley & The Wailers,c296e10c-110a-4103-9e77-47bfebb7fb2e,Bob Marley & The Wailers,reggae music,1,3.433516,2017,2025,exact_normalized_name,matched
Bob Marley & The Wailers,c296e10c-110a-4103-9e77-47bfebb7fb2e,Bob Marley & The Wailers,rocksteady,1,3.433516,2017,2025,exact_normalized_name,matched
Bob Marley & The Wailers,c296e10c-110a-4103-9e77-47bfebb7fb2e,Bob Marley & The Wailers,ambient dub,0,3.433516,2017,2025,exact_normalized_name,matched
Bob Marley & The Wailers,c296e10c-110a-4103-9e77-47bfebb7fb2e,Bob Marley & The Wailers,banbarra,0,3.433516,2017,2025,exact_normalized_name,matched
Bob Marley & The Wailers,c296e10c-110a-4103-9e77-47bfebb7fb2e,Bob Marley & The Wailers,english,0,3.433516,2017,2025,exact_normalized_name,matched
Bob Marley & The Wailers,c296e10c-110a-4103-9e77-47bfebb7fb2e,Bob Marley & The Wailers,jamaica,0,3.433516,2017,2025,exact_normalized_name,matched
Bob Marley & The Wailers,c296e10c-110a-4103-9e77-47bfebb7fb2e,Bob Marley & The Wailers,jamaican,0,3.433516,2017,2025,exact_normalized_name,matched
Bob Marley & The Wailers,c296e10c-110a-4103-9e77-47bfebb7fb2e,Bob Marley & The Wailers,soul,0,3.433516,2017,2025,exact_normalized_name,matched
Bob Marley & The Wailers,c296e10c-110a-4103-9e77-47bfebb7fb2e,Bob Marley & The Wailers,bob-marley,-1,3.433516,2017,2025,exact_normalized_name,matched
Bob Marley & The Wailers,c296e10c-110a-4103-9e77-47bfebb7fb2e,Bob Marley & The Wailers,classic pop and rock,-1,3.433516,2017,2025,exact_normalized_name,matched
Bob Marley & The Wailers,c296e10c-110a-4103-9e77-47bfebb7fb2e,Bob Marley & The Wailers,soul and reggae,-1,3.433516,2017,2025,exact_normalized_name,matched
Bob Marley & The Wailers,c296e10c-110a-4103-9e77-47bfebb7fb2e,Bob Marley & The Wailers,soul shakedown party (silk’s downunder mix),-1,3.433516,2017,2025,exact_normalized_name,matched
Bob Marley & The Wailers,c296e10c-110a-4103-9e77-47bfebb7fb2e,Bob Marley & The Wailers,split or merge to “the wailers” (keeping ac),-1,3.433516,2017,2025,exact_normalized_name,matched
Bob Marley & The Wailers,c296e10c-110a-4103-9e77-47bfebb7fb2e,Bob Marley & The Wailers,the wailers,-1,3.433516,2017,2025,exact_normalized_name,matched
Bob Marley & The Wailers,c296e10c-110a-4103-9e77-47bfebb7fb2e,Bob Marley & The Wailers,do not split,-2,3.433516,2017,2025,exact_normalized_name,matched
Claptone,8c7692ea-6f9e-4f24-9b4f-b170df98afd7,Claptone,dance,1,3.433315,2018,2025,exact_normalized_name,matched
Claptone,8c7692ea-6f9e-4f24-9b4f-b170df98afd7,Claptone,edm,1,3.433315,2018,2025,exact_normalized_name,matched
Claptone,8c7692ea-6f9e-4f24-9b4f-b170df98afd7,Claptone,electronic,1,3.433315,2018,2025,exact_normalized_name,matched
Claptone,8c7692ea-6f9e-4f24-9b4f-b170df98afd7,Claptone,house,1,3.433315,2018,2025,exact_normalized_name,matched
Claptone,8c7692ea-6f9e-4f24-9b4f-b170df98afd7,Claptone,tech house,1,3.433315,2018,2025,exact_normalized_name,matched
Alex Rose,595fddb6-5c21-4f6a-91c8-7d3cd0208a1f,Alex Rose,2010s,1,3.421317,2017,2024,exact_normalized_name,matched
Alex Rose,595fddb6-5c21-4f6a-91c8-7d3cd0208a1f,Alex Rose,2020s,1,3.421317,2017,2024,exact_normalized_name,matched
Alex Rose,595fddb6-5c21-4f6a-91c8-7d3cd0208a1f,Alex Rose,dembow,1,3.421317,2017,2024,exact_normalized_name,matched
Alex Rose,595fddb6-5c21-4f6a-91c8-7d3cd0208a1f,Alex Rose,latin,1,3.421317,2017,2024,exact_normalized_name,matched
Alex Rose,595fddb6-5c21-4f6a-91c8-7d3cd0208a1f,Alex Rose,latin trap,1,3.421317,2017,2024,exact_normalized_name,matched
Alex Rose,595fddb6-5c21-4f6a-91c8-7d3cd0208a1f,Alex Rose,reggaeton,1,3.421317,2017,2024,exact_normalized_name,matched
Alex Rose,595fddb6-5c21-4f6a-91c8-7d3cd0208a1f,Alex Rose,trap latino,1,3.421317,2017,2024,exact_normalized_name,matched
Eminem,b95ce3ff-3d05-4e87-9e01-c97b66af13d4,Eminem,hip hop,38,3.405998,2017,2025,exact_normalized_name,matched
Eminem,b95ce3ff-3d05-4e87-9e01-c97b66af13d4,Eminem,rap,17,3.405998,2017,2025,exact_normalized_name,matched
Eminem,b95ce3ff-3d05-4e87-9e01-c97b66af13d4,Eminem,detroit,9,3.405998,2017,2025,exact_normalized_name,matched
Eminem,b95ce3ff-3d05-4e87-9e01-c97b66af13d4,Eminem,hardcore hip hop,7,3.405998,2017,2025,exact_normalized_name,matched
Eminem,b95ce3ff-3d05-4e87-9e01-c97b66af13d4,Eminem,pop rap,6,3.405998,2017,2025,exact_normalized_name,matched
Eminem,b95ce3ff-3d05-4e87-9e01-c97b66af13d4,Eminem,detroit hip hop,5,3.405998,2017,2025,exact_normalized_name,matched
Eminem,b95ce3ff-3d05-4e87-9e01-c97b66af13d4,Eminem,midwest hip hop,5,3.405998,2017,2025,exact_normalized_name,matched
Eminem,b95ce3ff-3d05-4e87-9e01-c97b66af13d4,Eminem,hip-hop,4,3.405998,2017,2025,exact_normalized_name,matched
Eminem,b95ce3ff-3d05-4e87-9e01-c97b66af13d4,Eminem,boom bap,3,3.405998,2017,2025,exact_normalized_name,matched
Eminem,b95ce3ff-3d05-4e87-9e01-c97b66af13d4,Eminem,conscious hip hop,2,3.405998,2017,2025,exact_normalized_name,matched
Eminem,b95ce3ff-3d05-4e87-9e01-c97b66af13d4,Eminem,midwestern hip-hop,2,3.405998,2017,2025,exact_normalized_name,matched
Eminem,b95ce3ff-3d05-4e87-9e01-c97b66af13d4,Eminem,2008 universal fire victim,1,3.405998,2017,2025,exact_normalized_name,matched
Eminem,b95ce3ff-3d05-4e87-9e01-c97b66af13d4,Eminem,actor,1,3.405998,2017,2025,exact_normalized_name,matched
Eminem,b95ce3ff-3d05-4e87-9e01-c97b66af13d4,Eminem,horrorcore,1,3.405998,2017,2025,exact_normalized_name,matched
Eminem,b95ce3ff-3d05-4e87-9e01-c97b66af13d4,Eminem,music trade,1,3.405998,2017,2025,exact_normalized_name,matched
Eminem,b95ce3ff-3d05-4e87-9e01-c97b66af13d4,Eminem,record producer,1,3.405998,2017,2025,exact_normalized_name,matched
Eminem,b95ce3ff-3d05-4e87-9e01-c97b66af13d4,Eminem,singer,1,3.405998,2017,2025,exact_normalized_name,matched
Eminem,b95ce3ff-3d05-4e87-9e01-c97b66af13d4,Eminem,songwriter,1,3.405998,2017,2025,exact_normalized_name,matched
Eminem,b95ce3ff-3d05-4e87-9e01-c97b66af13d4,Eminem,trap,1,3.405998,2017,2025,exact_normalized_name,matched
Eminem,b95ce3ff-3d05-4e87-9e01-c97b66af13d4,Eminem,2000s,0,3.405998,2017,2025,exact_normalized_name,matched
Eminem,b95ce3ff-3d05-4e87-9e01-c97b66af13d4,Eminem,90s,0,3.405998,2017,2025,exact_normalized_name,matched
Eminem,b95ce3ff-3d05-4e87-9e01-c97b66af13d4,Eminem,american,0,3.405998,2017,2025,exact_normalized_name,matched
Eminem,b95ce3ff-3d05-4e87-9e01-c97b66af13d4,Eminem,detroit hip-hop,0,3.405998,2017,2025,exact_normalized_name,matched
Eminem,b95ce3ff-3d05-4e87-9e01-c97b66af13d4,Eminem,eminem,0,3.405998,2017,2025,exact_normalized_name,matched
Eminem,b95ce3ff-3d05-4e87-9e01-c97b66af13d4,Eminem,english,0,3.405998,2017,2025,exact_normalized_name,matched
Eminem,b95ce3ff-3d05-4e87-9e01-c97b66af13d4,Eminem,gangsta rap,0,3.405998,2017,2025,exact_normalized_name,matched
Eminem,b95ce3ff-3d05-4e87-9e01-c97b66af13d4,Eminem,midwest hip-hop,0,3.405998,2017,2025,exact_normalized_name,matched
Eminem,b95ce3ff-3d05-4e87-9e01-c97b66af13d4,Eminem,midwestern hip hop,0,3.405998,2017,2025,exact_normalized_name,matched
Eminem,b95ce3ff-3d05-4e87-9e01-c97b66af13d4,Eminem,rap god,0,3.405998,2017,2025,exact_normalized_name,matched
Eminem,b95ce3ff-3d05-4e87-9e01-c97b66af13d4,Eminem,rapper,0,3.405998,2017,2025,exact_normalized_name,matched
Eminem,b95ce3ff-3d05-4e87-9e01-c97b66af13d4,Eminem,relic inn,0,3.405998,2017,2025,exact_normalized_name,matched
Eminem,b95ce3ff-3d05-4e87-9e01-c97b66af13d4,Eminem,us,0,3.405998,2017,2025,exact_normalized_name,matched
Eminem,b95ce3ff-3d05-4e87-9e01-c97b66af13d4,Eminem,v,0,3.405998,2017,2025,exact_normalized_name,matched
Eminem,b95ce3ff-3d05-4e87-9e01-c97b66af13d4,Eminem,8 mile,-1,3.405998,2017,2025,exact_normalized_name,matched
Eminem,b95ce3ff-3d05-4e87-9e01-c97b66af13d4,Eminem,comedy rap,-1,3.405998,2017,2025,exact_normalized_name,matched
Eminem,b95ce3ff-3d05-4e87-9e01-c97b66af13d4,Eminem,hiphop,-1,3.405998,2017,2025,exact_normalized_name,matched
Eminem,b95ce3ff-3d05-4e87-9e01-c97b66af13d4,Eminem,kun,-1,3.405998,2017,2025,exact_normalized_name,matched
Eminem,b95ce3ff-3d05-4e87-9e01-c97b66af13d4,Eminem,pop and chart,-1,3.405998,2017,2025,exact_normalized_name,matched
Eminem,b95ce3ff-3d05-4e87-9e01-c97b66af13d4,Eminem,turkish,-2,3.405998,2017,2025,exact_normalized_name,matched
Matador,7859ec20-67f5-4bbf-b533-4823bef1295b,Matador,minimal,1,3.266049,2017,2025,exact_normalized_name,matched
Matador,7859ec20-67f5-4bbf-b533-4823bef1295b,Matador,techno,1,3.266049,2017,2025,exact_normalized_name,matched
Roy Rosenfeld,c85c41fc-d2a8-486b-8260-c4ccf9dc1932,Roy Rosenfeld,,,3.248835,2021,2025,exact_normalized_name,matched
Creedence Clearwater Revival,109958eb-a335-4c5e-907e-597ff4c6af46,Creedence Clearwater Revival,swamp rock,14,3.219145,2017,2025,exact_normalized_name,matched
Creedence Clearwater Revival,109958eb-a335-4c5e-907e-597ff4c6af46,Creedence Clearwater Revival,rock,10,3.219145,2017,2025,exact_normalized_name,matched
Creedence Clearwater Revival,109958eb-a335-4c5e-907e-597ff4c6af46,Creedence Clearwater Revival,country rock,9,3.219145,2017,2025,exact_normalized_name,matched
Creedence Clearwater Revival,109958eb-a335-4c5e-907e-597ff4c6af46,Creedence Clearwater Revival,roots rock,8,3.219145,2017,2025,exact_normalized_name,matched
Creedence Clearwater Revival,109958eb-a335-4c5e-907e-597ff4c6af46,Creedence Clearwater Revival,blues rock,7,3.219145,2017,2025,exact_normalized_name,matched
Creedence Clearwater Revival,109958eb-a335-4c5e-907e-597ff4c6af46,Creedence Clearwater Revival,southern rock,4,3.219145,2017,2025,exact_normalized_name,matched
Creedence Clearwater Revival,109958eb-a335-4c5e-907e-597ff4c6af46,Creedence Clearwater Revival,american,3,3.219145,2017,2025,exact_normalized_name,matched
Creedence Clearwater Revival,109958eb-a335-4c5e-907e-597ff4c6af46,Creedence Clearwater Revival,classic rock,3,3.219145,2017,2025,exact_normalized_name,matched
Creedence Clearwater Revival,109958eb-a335-4c5e-907e-597ff4c6af46,Creedence Clearwater Revival,folk rock,2,3.219145,2017,2025,exact_normalized_name,matched
Creedence Clearwater Revival,109958eb-a335-4c5e-907e-597ff4c6af46,Creedence Clearwater Revival,rock & roll,2,3.219145,2017,2025,exact_normalized_name,matched
Creedence Clearwater Revival,109958eb-a335-4c5e-907e-597ff4c6af46,Creedence Clearwater Revival,rock and roll,2,3.219145,2017,2025,exact_normalized_name,matched
Creedence Clearwater Revival,109958eb-a335-4c5e-907e-597ff4c6af46,Creedence Clearwater Revival,60's,1,3.219145,2017,2025,exact_normalized_name,matched
Creedence Clearwater Revival,109958eb-a335-4c5e-907e-597ff4c6af46,Creedence Clearwater Revival,california,1,3.219145,2017,2025,exact_normalized_name,matched
Creedence Clearwater Revival,109958eb-a335-4c5e-907e-597ff4c6af46,Creedence Clearwater Revival,energetic,1,3.219145,2017,2025,exact_normalized_name,matched
Creedence Clearwater Revival,109958eb-a335-4c5e-907e-597ff4c6af46,Creedence Clearwater Revival,melodic,1,3.219145,2017,2025,exact_normalized_name,matched
Creedence Clearwater Revival,109958eb-a335-4c5e-907e-597ff4c6af46,Creedence Clearwater Revival,rhythmic,1,3.219145,2017,2025,exact_normalized_name,matched
Creedence Clearwater Revival,109958eb-a335-4c5e-907e-597ff4c6af46,Creedence Clearwater Revival,rockabilly,1,3.219145,2017,2025,exact_normalized_name,matched
Creedence Clearwater Revival,109958eb-a335-4c5e-907e-597ff4c6af46,Creedence Clearwater Revival,soft rock,1,3.219145,2017,2025,exact_normalized_name,matched
Creedence Clearwater Revival,109958eb-a335-4c5e-907e-597ff4c6af46,Creedence Clearwater Revival,united states,1,3.219145,2017,2025,exact_normalized_name,matched
Creedence Clearwater Revival,109958eb-a335-4c5e-907e-597ff4c6af46,Creedence Clearwater Revival,usa,1,3.219145,2017,2025,exact_normalized_name,matched
Creedence Clearwater Revival,109958eb-a335-4c5e-907e-597ff4c6af46,Creedence Clearwater Revival,warm,1,3.219145,2017,2025,exact_normalized_name,matched
Creedence Clearwater Revival,109958eb-a335-4c5e-907e-597ff4c6af46,Creedence Clearwater Revival,60s,-1,3.219145,2017,2025,exact_normalized_name,matched
Creedence Clearwater Revival,109958eb-a335-4c5e-907e-597ff4c6af46,Creedence Clearwater Revival,classic pop and rock,-1,3.219145,2017,2025,exact_normalized_name,matched
Dom Dolla,9b8548a9-5991-42a9-ba96-fe83bd238b7a,Dom Dolla,,,3.217291,2018,2025,exact_normalized_name,matched
Macklemore & Ryan Lewis,97b226c8-7140-4da3-91ac-15e62e131a81,Macklemore & Ryan Lewis,hip hop,5,3.18231,2017,2024,exact_normalized_name,matched
Macklemore & Ryan Lewis,97b226c8-7140-4da3-91ac-15e62e131a81,Macklemore & Ryan Lewis,pop rap,1,3.18231,2017,2024,exact_normalized_name,matched
Pimp Flaco,6963579d-896e-458d-8c52-06d50206ff64,Pimp Flaco,,,3.172004,2018,2024,exact_normalized_name,matched
Shakira,bf24ca37-25f4-4e34-9aec-460b94364cfc,Shakira,pop,5,3.163951,2018,2025,exact_normalized_name,matched
Shakira,bf24ca37-25f4-4e34-9aec-460b94364cfc,Shakira,latin pop,4,3.163951,2018,2025,exact_normalized_name,matched
Shakira,bf24ca37-25f4-4e34-9aec-460b94364cfc,Shakira,pop rock,3,3.163951,2018,2025,exact_normalized_name,matched
Shakira,bf24ca37-25f4-4e34-9aec-460b94364cfc,Shakira,dance-pop,1,3.163951,2018,2025,exact_normalized_name,matched
Shakira,bf24ca37-25f4-4e34-9aec-460b94364cfc,Shakira,latin,1,3.163951,2018,2025,exact_normalized_name,matched
Shakira,bf24ca37-25f4-4e34-9aec-460b94364cfc,Shakira,alternative,0,3.163951,2018,2025,exact_normalized_name,matched
Shakira,bf24ca37-25f4-4e34-9aec-460b94364cfc,Shakira,atlantico,0,3.163951,2018,2025,exact_normalized_name,matched
Shakira,bf24ca37-25f4-4e34-9aec-460b94364cfc,Shakira,barranquilla,0,3.163951,2018,2025,exact_normalized_name,matched
Shakira,bf24ca37-25f4-4e34-9aec-460b94364cfc,Shakira,classic pop and rock,0,3.163951,2018,2025,exact_normalized_name,matched
Shakira,bf24ca37-25f4-4e34-9aec-460b94364cfc,Shakira,colombia,0,3.163951,2018,2025,exact_normalized_name,matched
Shakira,bf24ca37-25f4-4e34-9aec-460b94364cfc,Shakira,colombian,0,3.163951,2018,2025,exact_normalized_name,matched
Shakira,bf24ca37-25f4-4e34-9aec-460b94364cfc,Shakira,electropop,0,3.163951,2018,2025,exact_normalized_name,matched
Shakira,bf24ca37-25f4-4e34-9aec-460b94364cfc,Shakira,merengue,0,3.163951,2018,2025,exact_normalized_name,matched
Shakira,bf24ca37-25f4-4e34-9aec-460b94364cfc,Shakira,nuno,0,3.163951,2018,2025,exact_normalized_name,matched
Shakira,bf24ca37-25f4-4e34-9aec-460b94364cfc,Shakira,rock,0,3.163951,2018,2025,exact_normalized_name,matched
Shakira,bf24ca37-25f4-4e34-9aec-460b94364cfc,Shakira,spanish,0,3.163951,2018,2025,exact_normalized_name,matched
Tim Green,5103b22e-514f-46b1-afdf-c99517c791e2,Tim Green,house,1,3.100403,2020,2025,exact_normalized_name,matched
Wisin,6a6eea03-b435-446c-bab1-312b45580aee,Wisin,reggaeton,2,3.091639,2018,2025,exact_normalized_name,matched
Wisin,6a6eea03-b435-446c-bab1-312b45580aee,Wisin,latin,1,3.091639,2018,2025,exact_normalized_name,matched
Wisin,6a6eea03-b435-446c-bab1-312b45580aee,Wisin,latin urban,1,3.091639,2018,2025,exact_normalized_name,matched
Dayme y El High,f4d7f8aa-8f38-41cd-bc57-e214cfe2982f,Dayme y El High,latin,1,3.067411,2017,2025,exact_normalized_name,matched
Dayme y El High,f4d7f8aa-8f38-41cd-bc57-e214cfe2982f,Dayme y El High,latin urban,1,3.067411,2017,2025,exact_normalized_name,matched
Dayme y El High,f4d7f8aa-8f38-41cd-bc57-e214cfe2982f,Dayme y El High,reggaeton,1,3.067411,2017,2025,exact_normalized_name,matched
Arcangel & De La Ghetto,592d89bd-9f41-4bd4-9c80-0b1c825228fe,Arcángel & De La Ghetto,reggaeton,2,3.032804,2017,2023,exact_normalized_name,matched
Arcangel & De La Ghetto,592d89bd-9f41-4bd4-9c80-0b1c825228fe,Arcángel & De La Ghetto,latin,1,3.032804,2017,2023,exact_normalized_name,matched
Arcangel & De La Ghetto,592d89bd-9f41-4bd4-9c80-0b1c825228fe,Arcángel & De La Ghetto,latin urban,1,3.032804,2017,2023,exact_normalized_name,matched
Mario Ochoa,32f22723-6f88-4c4e-b6f7-9e7d217ebbd9,Mario Ochoa,peak time techno,1,3.030487,2017,2021,exact_normalized_name,matched
Jay Wheeler,24ec58e8-9d3f-482f-a07d-0ea11c2ffcd5,Jay Wheeler,latin,1,3.004123,2020,2025,exact_normalized_name,matched
Jay Wheeler,24ec58e8-9d3f-482f-a07d-0ea11c2ffcd5,Jay Wheeler,latin pop,1,3.004123,2020,2025,exact_normalized_name,matched
Jay Wheeler,24ec58e8-9d3f-482f-a07d-0ea11c2ffcd5,Jay Wheeler,reggaeton,1,3.004123,2020,2025,exact_normalized_name,matched
Simon Vuarambon,0efcc8cc-fd76-4f84-b0da-1d8e748232fa,Simon Vuarambon,,,2.984107,2022,2025,exact_normalized_name,matched
Andre Butano,0b3e23a0-0eab-4e0e-ab99-b89604e7dce2,Andre Butano,,,2.96876,2017,2021,exact_normalized_name,matched
EmmAA,,,,,2.959258,2019,2019,no_result,not_found
Alexis y Fido,,,,,2.951432,2017,2025,no_result,not_found
Dani Cejas,,,,,2.927479,2017,2023,no_result,not_found
Adriatique,252bc5e8-d8e7-4f79-af85-cb7546793405,Adriatique,deep house,2,2.918677,2020,2025,exact_normalized_name,matched
Adriatique,252bc5e8-d8e7-4f79-af85-cb7546793405,Adriatique,electronica,2,2.918677,2020,2025,exact_normalized_name,matched
Adriatique,252bc5e8-d8e7-4f79-af85-cb7546793405,Adriatique,house,2,2.918677,2020,2025,exact_normalized_name,matched
Adriatique,252bc5e8-d8e7-4f79-af85-cb7546793405,Adriatique,melodic techno,2,2.918677,2020,2025,exact_normalized_name,matched
Adriatique,252bc5e8-d8e7-4f79-af85-cb7546793405,Adriatique,minimal techno,2,2.918677,2020,2025,exact_normalized_name,matched
Adriatique,252bc5e8-d8e7-4f79-af85-cb7546793405,Adriatique,techno,2,2.918677,2020,2025,exact_normalized_name,matched
Adriatique,252bc5e8-d8e7-4f79-af85-cb7546793405,Adriatique,progressive house,1,2.918677,2020,2025,exact_normalized_name,matched
Adriatique,252bc5e8-d8e7-4f79-af85-cb7546793405,Adriatique,tech house,1,2.918677,2020,2025,exact_normalized_name,matched
Mötley Crüe,26f07661-e115-471d-a930-206f5c89d17c,Mötley Crüe,glam metal,10,2.909572,2019,2025,exact_normalized_name,matched
Mötley Crüe,26f07661-e115-471d-a930-206f5c89d17c,Mötley Crüe,hard rock,6,2.909572,2019,2025,exact_normalized_name,matched
Mötley Crüe,26f07661-e115-471d-a930-206f5c89d17c,Mötley Crüe,heavy metal,5,2.909572,2019,2025,exact_normalized_name,matched
Mötley Crüe,26f07661-e115-471d-a930-206f5c89d17c,Mötley Crüe,metal,2,2.909572,2019,2025,exact_normalized_name,matched
Mötley Crüe,26f07661-e115-471d-a930-206f5c89d17c,Mötley Crüe,album rock,1,2.909572,2019,2025,exact_normalized_name,matched
Mötley Crüe,26f07661-e115-471d-a930-206f5c89d17c,Mötley Crüe,arena rock,1,2.909572,2019,2025,exact_normalized_name,matched
Mötley Crüe,26f07661-e115-471d-a930-206f5c89d17c,Mötley Crüe,hair band,1,2.909572,2019,2025,exact_normalized_name,matched
Mötley Crüe,26f07661-e115-471d-a930-206f5c89d17c,Mötley Crüe,estados unidos,0,2.909572,2019,2025,exact_normalized_name,matched
Mötley Crüe,26f07661-e115-471d-a930-206f5c89d17c,Mötley Crüe,gratuitous heavy metal umlaut,0,2.909572,2019,2025,exact_normalized_name,matched
Mötley Crüe,26f07661-e115-471d-a930-206f5c89d17c,Mötley Crüe,rock and indie,0,2.909572,2019,2025,exact_normalized_name,matched
Kidd Keo,19fcd920-de83-41c9-aaeb-28edd96a0719,Kidd Keo,,,2.907284,2018,2023,exact_normalized_name,matched
Alexio,e84512e4-ae78-4b45-9019-1d9b5ac4e470,Alexio,russian music from germany,1,2.889481,2017,2024,exact_normalized_name,matched
Foreigner,160629ab-ec18-4931-8c95-02cb92d06186,Foreigner,rock,9,2.876378,2018,2025,exact_normalized_name,matched
Foreigner,160629ab-ec18-4931-8c95-02cb92d06186,Foreigner,pop rock,3,2.876378,2018,2025,exact_normalized_name,matched
Foreigner,160629ab-ec18-4931-8c95-02cb92d06186,Foreigner,aor,2,2.876378,2018,2025,exact_normalized_name,matched
Foreigner,160629ab-ec18-4931-8c95-02cb92d06186,Foreigner,hard rock,2,2.876378,2018,2025,exact_normalized_name,matched
Foreigner,160629ab-ec18-4931-8c95-02cb92d06186,Foreigner,soft rock,2,2.876378,2018,2025,exact_normalized_name,matched
Foreigner,160629ab-ec18-4931-8c95-02cb92d06186,Foreigner,4029759205272,1,2.876378,2018,2025,exact_normalized_name,matched
Foreigner,160629ab-ec18-4931-8c95-02cb92d06186,Foreigner,acoustic rock,1,2.876378,2018,2025,exact_normalized_name,matched
Foreigner,160629ab-ec18-4931-8c95-02cb92d06186,Foreigner,arena rock,1,2.876378,2018,2025,exact_normalized_name,matched
Foreigner,160629ab-ec18-4931-8c95-02cb92d06186,Foreigner,classic rock,1,2.876378,2018,2025,exact_normalized_name,matched
Foreigner,160629ab-ec18-4931-8c95-02cb92d06186,Foreigner,70s,0,2.876378,2018,2025,exact_normalized_name,matched
Foreigner,160629ab-ec18-4931-8c95-02cb92d06186,Foreigner,80s,0,2.876378,2018,2025,exact_normalized_name,matched
Foreigner,160629ab-ec18-4931-8c95-02cb92d06186,Foreigner,classic pop and rock,0,2.876378,2018,2025,exact_normalized_name,matched
Foreigner,160629ab-ec18-4931-8c95-02cb92d06186,Foreigner,male vocalists,0,2.876378,2018,2025,exact_normalized_name,matched
Tempo,1266823d-bd9d-4e1b-9ec2-601180e057b3,Tempo,latin,1,2.865259,2017,2025,exact_normalized_name,matched
Tempo,1266823d-bd9d-4e1b-9ec2-601180e057b3,Tempo,reggaeton,1,2.865259,2017,2025,exact_normalized_name,matched
DICC,a1d58646-c58c-43c0-885b-0bd02182f48f,DICC,,,2.847112,2017,2023,exact_normalized_name,matched
Tim Deluxe,54d86cc6-2c30-47b4-bb68-cf5d82560e5c,Tim Deluxe,dance and electronica,1,2.801273,2018,2024,exact_normalized_name,matched
L'Impératrice,abc31be8-02b2-4bb1-867d-604d50b7be78,L’Impératrice,nu disco,3,2.784997,2024,2025,top_search_result,matched
L'Impératrice,abc31be8-02b2-4bb1-867d-604d50b7be78,L’Impératrice,pop,3,2.784997,2024,2025,top_search_result,matched
L'Impératrice,abc31be8-02b2-4bb1-867d-604d50b7be78,L’Impératrice,disco,2,2.784997,2024,2025,top_search_result,matched
L'Impératrice,abc31be8-02b2-4bb1-867d-604d50b7be78,L’Impératrice,nu-disco,1,2.784997,2024,2025,top_search_result,matched
L'Impératrice,abc31be8-02b2-4bb1-867d-604d50b7be78,L’Impératrice,odyssée,1,2.784997,2024,2025,top_search_result,matched
L'Impératrice,abc31be8-02b2-4bb1-867d-604d50b7be78,L’Impératrice,parfum thérémine,1,2.784997,2024,2025,top_search_result,matched
L'Impératrice,abc31be8-02b2-4bb1-867d-604d50b7be78,L’Impératrice,paris,1,2.784997,2024,2025,top_search_result,matched
L'Impératrice,abc31be8-02b2-4bb1-867d-604d50b7be78,L’Impératrice,vanille fraise,1,2.784997,2024,2025,top_search_result,matched
L'Impératrice,abc31be8-02b2-4bb1-867d-604d50b7be78,L’Impératrice,antoine bigot,0,2.784997,2024,2025,top_search_result,matched
L'Impératrice,abc31be8-02b2-4bb1-867d-604d50b7be78,L’Impératrice,antoine bisou,0,2.784997,2024,2025,top_search_result,matched
L'Impératrice,abc31be8-02b2-4bb1-867d-604d50b7be78,L’Impératrice,erreur 404,0,2.784997,2024,2025,top_search_result,matched
L'Impératrice,abc31be8-02b2-4bb1-867d-604d50b7be78,L’Impératrice,matahari,0,2.784997,2024,2025,top_search_result,matched
L'Impératrice,abc31be8-02b2-4bb1-867d-604d50b7be78,L’Impératrice,microqlima,0,2.784997,2024,2025,top_search_result,matched
Mark B.,d95a4680-1337-4132-b0bf-7750e1098eca,Mark B.,,,2.758793,2017,2024,exact_normalized_name,matched
ARTBAT,f812b317-6cd1-4083-9798-b6a4e5f97400,ARTBAT,house,3,2.723187,2020,2025,exact_normalized_name,matched
ARTBAT,f812b317-6cd1-4083-9798-b6a4e5f97400,ARTBAT,techno,3,2.723187,2020,2025,exact_normalized_name,matched
ARTBAT,f812b317-6cd1-4083-9798-b6a4e5f97400,ARTBAT,deep house,2,2.723187,2020,2025,exact_normalized_name,matched
ARTBAT,f812b317-6cd1-4083-9798-b6a4e5f97400,ARTBAT,melodic techno,2,2.723187,2020,2025,exact_normalized_name,matched
ARTBAT,f812b317-6cd1-4083-9798-b6a4e5f97400,ARTBAT,future rave,1,2.723187,2020,2025,exact_normalized_name,matched
ARTBAT,f812b317-6cd1-4083-9798-b6a4e5f97400,ARTBAT,melodic house,1,2.723187,2020,2025,exact_normalized_name,matched
ARTBAT,f812b317-6cd1-4083-9798-b6a4e5f97400,ARTBAT,peak time techno,1,2.723187,2020,2025,exact_normalized_name,matched
Bon Jovi,5dcdb5eb-cb72-4e6e-9e63-b7bace604965,Bon Jovi,rock,16,2.723076,2017,2025,exact_normalized_name,matched
Bon Jovi,5dcdb5eb-cb72-4e6e-9e63-b7bace604965,Bon Jovi,hard rock,15,2.723076,2017,2025,exact_normalized_name,matched
Bon Jovi,5dcdb5eb-cb72-4e6e-9e63-b7bace604965,Bon Jovi,glam metal,12,2.723076,2017,2025,exact_normalized_name,matched
Bon Jovi,5dcdb5eb-cb72-4e6e-9e63-b7bace604965,Bon Jovi,arena rock,6,2.723076,2017,2025,exact_normalized_name,matched
Bon Jovi,5dcdb5eb-cb72-4e6e-9e63-b7bace604965,Bon Jovi,pop rock,6,2.723076,2017,2025,exact_normalized_name,matched
Bon Jovi,5dcdb5eb-cb72-4e6e-9e63-b7bace604965,Bon Jovi,heartland rock,4,2.723076,2017,2025,exact_normalized_name,matched
Bon Jovi,5dcdb5eb-cb72-4e6e-9e63-b7bace604965,Bon Jovi,classic rock,3,2.723076,2017,2025,exact_normalized_name,matched
Bon Jovi,5dcdb5eb-cb72-4e6e-9e63-b7bace604965,Bon Jovi,aor,2,2.723076,2017,2025,exact_normalized_name,matched
Bon Jovi,5dcdb5eb-cb72-4e6e-9e63-b7bace604965,Bon Jovi,buttrock,1,2.723076,2017,2025,exact_normalized_name,matched
Bon Jovi,5dcdb5eb-cb72-4e6e-9e63-b7bace604965,Bon Jovi,country pop,1,2.723076,2017,2025,exact_normalized_name,matched
Bon Jovi,5dcdb5eb-cb72-4e6e-9e63-b7bace604965,Bon Jovi,country rock,1,2.723076,2017,2025,exact_normalized_name,matched
Bon Jovi,5dcdb5eb-cb72-4e6e-9e63-b7bace604965,Bon Jovi,pop,1,2.723076,2017,2025,exact_normalized_name,matched
Bon Jovi,5dcdb5eb-cb72-4e6e-9e63-b7bace604965,Bon Jovi,radio rock,1,2.723076,2017,2025,exact_normalized_name,matched
Bon Jovi,5dcdb5eb-cb72-4e6e-9e63-b7bace604965,Bon Jovi,acoustic rock,0,2.723076,2017,2025,exact_normalized_name,matched
Bon Jovi,5dcdb5eb-cb72-4e6e-9e63-b7bace604965,Bon Jovi,american,0,2.723076,2017,2025,exact_normalized_name,matched
Bon Jovi,5dcdb5eb-cb72-4e6e-9e63-b7bace604965,Bon Jovi,bon jovi,0,2.723076,2017,2025,exact_normalized_name,matched
Bon Jovi,5dcdb5eb-cb72-4e6e-9e63-b7bace604965,Bon Jovi,estados unidos,0,2.723076,2017,2025,exact_normalized_name,matched
Bon Jovi,5dcdb5eb-cb72-4e6e-9e63-b7bace604965,Bon Jovi,glam rock,0,2.723076,2017,2025,exact_normalized_name,matched
Bon Jovi,5dcdb5eb-cb72-4e6e-9e63-b7bace604965,Bon Jovi,hair band,0,2.723076,2017,2025,exact_normalized_name,matched
Bon Jovi,5dcdb5eb-cb72-4e6e-9e63-b7bace604965,Bon Jovi,heavy metal,0,2.723076,2017,2025,exact_normalized_name,matched
Bon Jovi,5dcdb5eb-cb72-4e6e-9e63-b7bace604965,Bon Jovi,mainstream rock,0,2.723076,2017,2025,exact_normalized_name,matched
Bon Jovi,5dcdb5eb-cb72-4e6e-9e63-b7bace604965,Bon Jovi,metal,0,2.723076,2017,2025,exact_normalized_name,matched
Bon Jovi,5dcdb5eb-cb72-4e6e-9e63-b7bace604965,Bon Jovi,soft rock,0,2.723076,2017,2025,exact_normalized_name,matched
Bon Jovi,5dcdb5eb-cb72-4e6e-9e63-b7bace604965,Bon Jovi,band,-1,2.723076,2017,2025,exact_normalized_name,matched
Bon Jovi,5dcdb5eb-cb72-4e6e-9e63-b7bace604965,Bon Jovi,hard fm,-1,2.723076,2017,2025,exact_normalized_name,matched
Bon Jovi,5dcdb5eb-cb72-4e6e-9e63-b7bace604965,Bon Jovi,pop and chart,-1,2.723076,2017,2025,exact_normalized_name,matched
Bon Jovi,5dcdb5eb-cb72-4e6e-9e63-b7bace604965,Bon Jovi,usa,-1,2.723076,2017,2025,exact_normalized_name,matched
Nat King Cole,fbe054ec-a143-4101-9e9e-64abc5ff5ac9,Nat King Cole,jazz,8,2.720558,2024,2025,exact_normalized_name,matched
Nat King Cole,fbe054ec-a143-4101-9e9e-64abc5ff5ac9,Nat King Cole,vocal jazz,5,2.720558,2024,2025,exact_normalized_name,matched
Nat King Cole,fbe054ec-a143-4101-9e9e-64abc5ff5ac9,Nat King Cole,swing,4,2.720558,2024,2025,exact_normalized_name,matched
Nat King Cole,fbe054ec-a143-4101-9e9e-64abc5ff5ac9,Nat King Cole,easy listening,2,2.720558,2024,2025,exact_normalized_name,matched
Nat King Cole,fbe054ec-a143-4101-9e9e-64abc5ff5ac9,Nat King Cole,pop,2,2.720558,2024,2025,exact_normalized_name,matched
Nat King Cole,fbe054ec-a143-4101-9e9e-64abc5ff5ac9,Nat King Cole,traditional pop,2,2.720558,2024,2025,exact_normalized_name,matched
Nat King Cole,fbe054ec-a143-4101-9e9e-64abc5ff5ac9,Nat King Cole,anthology,1,2.720558,2024,2025,exact_normalized_name,matched
Nat King Cole,fbe054ec-a143-4101-9e9e-64abc5ff5ac9,Nat King Cole,christmas music,1,2.720558,2024,2025,exact_normalized_name,matched
Nat King Cole,fbe054ec-a143-4101-9e9e-64abc5ff5ac9,Nat King Cole,r&b,1,2.720558,2024,2025,exact_normalized_name,matched
Nat King Cole,fbe054ec-a143-4101-9e9e-64abc5ff5ac9,Nat King Cole,standards,1,2.720558,2024,2025,exact_normalized_name,matched
Nat King Cole,fbe054ec-a143-4101-9e9e-64abc5ff5ac9,Nat King Cole,american,0,2.720558,2024,2025,exact_normalized_name,matched
Nat King Cole,fbe054ec-a143-4101-9e9e-64abc5ff5ac9,Nat King Cole,easy listening soundtracks and musicals,0,2.720558,2024,2025,exact_normalized_name,matched
Nat King Cole,fbe054ec-a143-4101-9e9e-64abc5ff5ac9,Nat King Cole,jump blues,0,2.720558,2024,2025,exact_normalized_name,matched
Nat King Cole,fbe054ec-a143-4101-9e9e-64abc5ff5ac9,Nat King Cole,death by lung cancer,-1,2.720558,2024,2025,exact_normalized_name,matched
Nat King Cole,fbe054ec-a143-4101-9e9e-64abc5ff5ac9,Nat King Cole,usa,-1,2.720558,2024,2025,exact_normalized_name,matched
Noriel,cd277e93-dbc4-4565-be57-44264413f28b,Noriel,latin,1,2.71422,2018,2025,exact_normalized_name,matched
Noriel,cd277e93-dbc4-4565-be57-44264413f28b,Noriel,latin urban,1,2.71422,2018,2025,exact_normalized_name,matched
Noriel,cd277e93-dbc4-4565-be57-44264413f28b,Noriel,reggaeton,1,2.71422,2018,2025,exact_normalized_name,matched
Noriel,cd277e93-dbc4-4565-be57-44264413f28b,Noriel,trap,1,2.71422,2018,2025,exact_normalized_name,matched
Noriel,cd277e93-dbc4-4565-be57-44264413f28b,Noriel,trap latino,1,2.71422,2018,2025,exact_normalized_name,matched
Viejas Locas,b7f6b7cd-c23d-45a1-8160-261f6e47cce6,Viejas Locas,,,2.712666,2017,2025,exact_normalized_name,matched
Ray Charles,2ce02909-598b-44ef-a456-151ba0a3bd70,Ray Charles,jazz,5,2.638546,2021,2025,exact_normalized_name,matched
Ray Charles,2ce02909-598b-44ef-a456-151ba0a3bd70,Ray Charles,soul,5,2.638546,2021,2025,exact_normalized_name,matched
Ray Charles,2ce02909-598b-44ef-a456-151ba0a3bd70,Ray Charles,blues,3,2.638546,2021,2025,exact_normalized_name,matched
Ray Charles,2ce02909-598b-44ef-a456-151ba0a3bd70,Ray Charles,r&b,2,2.638546,2021,2025,exact_normalized_name,matched
Ray Charles,2ce02909-598b-44ef-a456-151ba0a3bd70,Ray Charles,2008 universal fire victim,1,2.638546,2021,2025,exact_normalized_name,matched
Ray Charles,2ce02909-598b-44ef-a456-151ba0a3bd70,Ray Charles,aln-sh,1,2.638546,2021,2025,exact_normalized_name,matched
Ray Charles,2ce02909-598b-44ef-a456-151ba0a3bd70,Ray Charles,jazz blues,1,2.638546,2021,2025,exact_normalized_name,matched
Ray Charles,2ce02909-598b-44ef-a456-151ba0a3bd70,Ray Charles,rhythm and blues,1,2.638546,2021,2025,exact_normalized_name,matched
Ray Charles,2ce02909-598b-44ef-a456-151ba0a3bd70,Ray Charles,american,0,2.638546,2021,2025,exact_normalized_name,matched
Ray Charles,2ce02909-598b-44ef-a456-151ba0a3bd70,Ray Charles,classic pop and rock,0,2.638546,2021,2025,exact_normalized_name,matched
Ray Charles,2ce02909-598b-44ef-a456-151ba0a3bd70,Ray Charles,country,0,2.638546,2021,2025,exact_normalized_name,matched
Ray Charles,2ce02909-598b-44ef-a456-151ba0a3bd70,Ray Charles,country blues,0,2.638546,2021,2025,exact_normalized_name,matched
Ray Charles,2ce02909-598b-44ef-a456-151ba0a3bd70,Ray Charles,country soul,0,2.638546,2021,2025,exact_normalized_name,matched
Ray Charles,2ce02909-598b-44ef-a456-151ba0a3bd70,Ray Charles,gospel,0,2.638546,2021,2025,exact_normalized_name,matched
Ray Charles,2ce02909-598b-44ef-a456-151ba0a3bd70,Ray Charles,live in concert,0,2.638546,2021,2025,exact_normalized_name,matched
Ray Charles,2ce02909-598b-44ef-a456-151ba0a3bd70,Ray Charles,piano blues,0,2.638546,2021,2025,exact_normalized_name,matched
Ray Charles,2ce02909-598b-44ef-a456-151ba0a3bd70,Ray Charles,pop,0,2.638546,2021,2025,exact_normalized_name,matched
Ray Charles,2ce02909-598b-44ef-a456-151ba0a3bd70,Ray Charles,rhythm & blues,0,2.638546,2021,2025,exact_normalized_name,matched
Ray Charles,2ce02909-598b-44ef-a456-151ba0a3bd70,Ray Charles,rnb,0,2.638546,2021,2025,exact_normalized_name,matched
Ray Charles,2ce02909-598b-44ef-a456-151ba0a3bd70,Ray Charles,soul blues,0,2.638546,2021,2025,exact_normalized_name,matched
Ray Charles,2ce02909-598b-44ef-a456-151ba0a3bd70,Ray Charles,soul jazz,0,2.638546,2021,2025,exact_normalized_name,matched
Ray Charles,2ce02909-598b-44ef-a456-151ba0a3bd70,Ray Charles,the way i feel,0,2.638546,2021,2025,exact_normalized_name,matched
Ray Charles,2ce02909-598b-44ef-a456-151ba0a3bd70,Ray Charles,vocal jazz,0,2.638546,2021,2025,exact_normalized_name,matched
Ray Charles,2ce02909-598b-44ef-a456-151ba0a3bd70,Ray Charles,death by lung cancer,-2,2.638546,2021,2025,exact_normalized_name,matched
Rvssian,28050b85-76f1-49a6-9879-4074bf186f49,Rvssian,dancehall,1,2.620114,2017,2024,exact_normalized_name,matched
Rvssian,28050b85-76f1-49a6-9879-4074bf186f49,Rvssian,hip hop,1,2.620114,2017,2024,exact_normalized_name,matched
Rvssian,28050b85-76f1-49a6-9879-4074bf186f49,Rvssian,trap,1,2.620114,2017,2024,exact_normalized_name,matched
Stephan Jolk,bcb640be-8813-4253-b9d5-f9341d12d1ee,Stephan Jolk,afro house,1,2.610082,2020,2022,exact_normalized_name,matched
Stephan Jolk,bcb640be-8813-4253-b9d5-f9341d12d1ee,Stephan Jolk,house,1,2.610082,2020,2022,exact_normalized_name,matched
Stephan Jolk,bcb640be-8813-4253-b9d5-f9341d12d1ee,Stephan Jolk,melodic house,1,2.610082,2020,2022,exact_normalized_name,matched
Stephan Jolk,bcb640be-8813-4253-b9d5-f9341d12d1ee,Stephan Jolk,melodic techno,1,2.610082,2020,2022,exact_normalized_name,matched
Stephan Jolk,bcb640be-8813-4253-b9d5-f9341d12d1ee,Stephan Jolk,techno,1,2.610082,2020,2022,exact_normalized_name,matched
La Kuppe,bbcd05ad-0453-4cca-b536-f09b702944f2,La Kuppe,,,2.602948,2019,2025,exact_normalized_name,matched
Dean Martin,5e6c760b-42e0-4df4-a221-0269355da00a,Dean Martin,pop,6,2.590169,2024,2025,exact_normalized_name,matched
Dean Martin,5e6c760b-42e0-4df4-a221-0269355da00a,Dean Martin,big band,2,2.590169,2024,2025,exact_normalized_name,matched
Dean Martin,5e6c760b-42e0-4df4-a221-0269355da00a,Dean Martin,christmas music,2,2.590169,2024,2025,exact_normalized_name,matched
Dean Martin,5e6c760b-42e0-4df4-a221-0269355da00a,Dean Martin,adult standards,1,2.590169,2024,2025,exact_normalized_name,matched
Dean Martin,5e6c760b-42e0-4df4-a221-0269355da00a,Dean Martin,country pop,1,2.590169,2024,2025,exact_normalized_name,matched
Dean Martin,5e6c760b-42e0-4df4-a221-0269355da00a,Dean Martin,easy listening,1,2.590169,2024,2025,exact_normalized_name,matched
Dean Martin,5e6c760b-42e0-4df4-a221-0269355da00a,Dean Martin,standards,1,2.590169,2024,2025,exact_normalized_name,matched
Dean Martin,5e6c760b-42e0-4df4-a221-0269355da00a,Dean Martin,traditional pop,1,2.590169,2024,2025,exact_normalized_name,matched
Dean Martin,5e6c760b-42e0-4df4-a221-0269355da00a,Dean Martin,vocal jazz,1,2.590169,2024,2025,exact_normalized_name,matched
Dean Martin,5e6c760b-42e0-4df4-a221-0269355da00a,Dean Martin,american,0,2.590169,2024,2025,exact_normalized_name,matched
Dean Martin,5e6c760b-42e0-4df4-a221-0269355da00a,Dean Martin,classic pop and rock,0,2.590169,2024,2025,exact_normalized_name,matched
CMM,ec11206f-ab05-4ac1-9445-6aa4db56e504,CMM,,,2.582709,2017,2021,exact_normalized_name,matched
Flashmob,41a791c8-2f3f-494a-a663-bcec32d3ee3e,Flashmob,,,2.571522,2018,2021,exact_normalized_name,matched
Deborah de Luca,6ee8d1b6-3e6b-4d4c-85c6-45d8b1428399,Deborah De Luca,electronic,2,2.559639,2018,2025,exact_normalized_name,matched
Deborah de Luca,6ee8d1b6-3e6b-4d4c-85c6-45d8b1428399,Deborah De Luca,dance,1,2.559639,2018,2025,exact_normalized_name,matched
Deborah de Luca,6ee8d1b6-3e6b-4d4c-85c6-45d8b1428399,Deborah De Luca,peak time techno,1,2.559639,2018,2025,exact_normalized_name,matched
Deborah de Luca,6ee8d1b6-3e6b-4d4c-85c6-45d8b1428399,Deborah De Luca,techno,1,2.559639,2018,2025,exact_normalized_name,matched
berlioz,b22257b5-d192-4f39-8bff-30b4a234bdb3,berlioz,jazz,2,2.537013,2024,2025,exact_normalized_name,matched
berlioz,b22257b5-d192-4f39-8bff-30b4a234bdb3,berlioz,deep house,1,2.537013,2024,2025,exact_normalized_name,matched
berlioz,b22257b5-d192-4f39-8bff-30b4a234bdb3,berlioz,electronic,1,2.537013,2024,2025,exact_normalized_name,matched
Guy Mantzur,003815e2-9476-47ef-aa76-1519b91c09db,Guy Mantzur,,,2.536644,2022,2025,exact_normalized_name,matched
Rod Stewart,a35237a0-4f47-40a6-b6f3-1e786db23402,Rod Stewart,rock,7,2.522486,2017,2025,exact_normalized_name,matched
Rod Stewart,a35237a0-4f47-40a6-b6f3-1e786db23402,Rod Stewart,blues rock,5,2.522486,2017,2025,exact_normalized_name,matched
Rod Stewart,a35237a0-4f47-40a6-b6f3-1e786db23402,Rod Stewart,pop rock,3,2.522486,2017,2025,exact_normalized_name,matched
Rod Stewart,a35237a0-4f47-40a6-b6f3-1e786db23402,Rod Stewart,pop,2,2.522486,2017,2025,exact_normalized_name,matched
Rod Stewart,a35237a0-4f47-40a6-b6f3-1e786db23402,Rod Stewart,soft rock,2,2.522486,2017,2025,exact_normalized_name,matched
Rod Stewart,a35237a0-4f47-40a6-b6f3-1e786db23402,Rod Stewart,standards,2,2.522486,2017,2025,exact_normalized_name,matched
Rod Stewart,a35237a0-4f47-40a6-b6f3-1e786db23402,Rod Stewart,adult contemporary,1,2.522486,2017,2025,exact_normalized_name,matched
Rod Stewart,a35237a0-4f47-40a6-b6f3-1e786db23402,Rod Stewart,folk rock,1,2.522486,2017,2025,exact_normalized_name,matched
Rod Stewart,a35237a0-4f47-40a6-b6f3-1e786db23402,Rod Stewart,roots rock,1,2.522486,2017,2025,exact_normalized_name,matched
Rod Stewart,a35237a0-4f47-40a6-b6f3-1e786db23402,Rod Stewart,british,0,2.522486,2017,2025,exact_normalized_name,matched
Rod Stewart,a35237a0-4f47-40a6-b6f3-1e786db23402,Rod Stewart,classic rock,0,2.522486,2017,2025,exact_normalized_name,matched
Rod Stewart,a35237a0-4f47-40a6-b6f3-1e786db23402,Rod Stewart,easy listening soundtracks and musicals,0,2.522486,2017,2025,exact_normalized_name,matched
Rod Stewart,a35237a0-4f47-40a6-b6f3-1e786db23402,Rod Stewart,english,0,2.522486,2017,2025,exact_normalized_name,matched
Rod Stewart,a35237a0-4f47-40a6-b6f3-1e786db23402,Rod Stewart,nuno,0,2.522486,2017,2025,exact_normalized_name,matched
Rod Stewart,a35237a0-4f47-40a6-b6f3-1e786db23402,Rod Stewart,pop/rock,0,2.522486,2017,2025,exact_normalized_name,matched
Rod Stewart,a35237a0-4f47-40a6-b6f3-1e786db23402,Rod Stewart,uk,0,2.522486,2017,2025,exact_normalized_name,matched
Commodores,900ab237-327b-44e2-87e4-73250bbe025a,Commodores,funk,8,2.521263,2020,2025,exact_normalized_name,matched
Commodores,900ab237-327b-44e2-87e4-73250bbe025a,Commodores,r&b,3,2.521263,2020,2025,exact_normalized_name,matched
Commodores,900ab237-327b-44e2-87e4-73250bbe025a,Commodores,soul,3,2.521263,2020,2025,exact_normalized_name,matched
Commodores,900ab237-327b-44e2-87e4-73250bbe025a,Commodores,disco,2,2.521263,2020,2025,exact_normalized_name,matched
Commodores,900ab237-327b-44e2-87e4-73250bbe025a,Commodores,pop,1,2.521263,2020,2025,exact_normalized_name,matched
Commodores,900ab237-327b-44e2-87e4-73250bbe025a,Commodores,smooth soul,1,2.521263,2020,2025,exact_normalized_name,matched
Commodores,900ab237-327b-44e2-87e4-73250bbe025a,Commodores,adult contemporary,0,2.521263,2020,2025,exact_normalized_name,matched
Commodores,900ab237-327b-44e2-87e4-73250bbe025a,Commodores,classic pop and rock,0,2.521263,2020,2025,exact_normalized_name,matched
Commodores,900ab237-327b-44e2-87e4-73250bbe025a,Commodores,pop soul,0,2.521263,2020,2025,exact_normalized_name,matched
The Temptations,d8df96ae-8fcf-4997-b3e6-e5d1aaf0f69e,The Temptations,soul,8,2.518592,2017,2025,exact_normalized_name,matched
The Temptations,d8df96ae-8fcf-4997-b3e6-e5d1aaf0f69e,The Temptations,contemporary r&b,3,2.518592,2017,2025,exact_normalized_name,matched
The Temptations,d8df96ae-8fcf-4997-b3e6-e5d1aaf0f69e,The Temptations,funk,3,2.518592,2017,2025,exact_normalized_name,matched
The Temptations,d8df96ae-8fcf-4997-b3e6-e5d1aaf0f69e,The Temptations,motown,3,2.518592,2017,2025,exact_normalized_name,matched
The Temptations,d8df96ae-8fcf-4997-b3e6-e5d1aaf0f69e,The Temptations,pop soul,3,2.518592,2017,2025,exact_normalized_name,matched
The Temptations,d8df96ae-8fcf-4997-b3e6-e5d1aaf0f69e,The Temptations,psychedelic soul,3,2.518592,2017,2025,exact_normalized_name,matched
The Temptations,d8df96ae-8fcf-4997-b3e6-e5d1aaf0f69e,The Temptations,pop,2,2.518592,2017,2025,exact_normalized_name,matched
The Temptations,d8df96ae-8fcf-4997-b3e6-e5d1aaf0f69e,The Temptations,r&b,2,2.518592,2017,2025,exact_normalized_name,matched
The Temptations,d8df96ae-8fcf-4997-b3e6-e5d1aaf0f69e,The Temptations,rhythm & blues,2,2.518592,2017,2025,exact_normalized_name,matched
The Temptations,d8df96ae-8fcf-4997-b3e6-e5d1aaf0f69e,The Temptations,smooth soul,2,2.518592,2017,2025,exact_normalized_name,matched
The Temptations,d8df96ae-8fcf-4997-b3e6-e5d1aaf0f69e,The Temptations,american,1,2.518592,2017,2025,exact_normalized_name,matched
The Temptations,d8df96ae-8fcf-4997-b3e6-e5d1aaf0f69e,The Temptations,rnb,1,2.518592,2017,2025,exact_normalized_name,matched
The Temptations,d8df96ae-8fcf-4997-b3e6-e5d1aaf0f69e,The Temptations,soul and reggae,1,2.518592,2017,2025,exact_normalized_name,matched
The Temptations,d8df96ae-8fcf-4997-b3e6-e5d1aaf0f69e,The Temptations,cannot delete wikipedia,0,2.518592,2017,2025,exact_normalized_name,matched
Manu Chao,7570a0dd-5a67-401b-b19a-261eee01a284,Manu Chao,folk,5,2.507594,2017,2025,exact_normalized_name,matched
Manu Chao,7570a0dd-5a67-401b-b19a-261eee01a284,Manu Chao,world,5,2.507594,2017,2025,exact_normalized_name,matched
Manu Chao,7570a0dd-5a67-401b-b19a-261eee01a284,Manu Chao,french,3,2.507594,2017,2025,exact_normalized_name,matched
Manu Chao,7570a0dd-5a67-401b-b19a-261eee01a284,Manu Chao,latin,3,2.507594,2017,2025,exact_normalized_name,matched
Manu Chao,7570a0dd-5a67-401b-b19a-261eee01a284,Manu Chao,reggae,3,2.507594,2017,2025,exact_normalized_name,matched
Manu Chao,7570a0dd-5a67-401b-b19a-261eee01a284,Manu Chao,latin alternative,2,2.507594,2017,2025,exact_normalized_name,matched
Manu Chao,7570a0dd-5a67-401b-b19a-261eee01a284,Manu Chao,ska,2,2.507594,2017,2025,exact_normalized_name,matched
Manu Chao,7570a0dd-5a67-401b-b19a-261eee01a284,Manu Chao,spanish,2,2.507594,2017,2025,exact_normalized_name,matched
Manu Chao,7570a0dd-5a67-401b-b19a-261eee01a284,Manu Chao,worldbeat,2,2.507594,2017,2025,exact_normalized_name,matched
Manu Chao,7570a0dd-5a67-401b-b19a-261eee01a284,Manu Chao,00s,1,2.507594,2017,2025,exact_normalized_name,matched
Manu Chao,7570a0dd-5a67-401b-b19a-261eee01a284,Manu Chao,10s,1,2.507594,2017,2025,exact_normalized_name,matched
Manu Chao,7570a0dd-5a67-401b-b19a-261eee01a284,Manu Chao,80s,1,2.507594,2017,2025,exact_normalized_name,matched
Manu Chao,7570a0dd-5a67-401b-b19a-261eee01a284,Manu Chao,90s,1,2.507594,2017,2025,exact_normalized_name,matched
Manu Chao,7570a0dd-5a67-401b-b19a-261eee01a284,Manu Chao,alternative latin,1,2.507594,2017,2025,exact_normalized_name,matched
Manu Chao,7570a0dd-5a67-401b-b19a-261eee01a284,Manu Chao,country,1,2.507594,2017,2025,exact_normalized_name,matched
Manu Chao,7570a0dd-5a67-401b-b19a-261eee01a284,Manu Chao,electronic,1,2.507594,2017,2025,exact_normalized_name,matched
Manu Chao,7570a0dd-5a67-401b-b19a-261eee01a284,Manu Chao,english,1,2.507594,2017,2025,exact_normalized_name,matched
Manu Chao,7570a0dd-5a67-401b-b19a-261eee01a284,Manu Chao,european,1,2.507594,2017,2025,exact_normalized_name,matched
Manu Chao,7570a0dd-5a67-401b-b19a-261eee01a284,Manu Chao,france,1,2.507594,2017,2025,exact_normalized_name,matched
Manu Chao,7570a0dd-5a67-401b-b19a-261eee01a284,Manu Chao,french pop,1,2.507594,2017,2025,exact_normalized_name,matched
Manu Chao,7570a0dd-5a67-401b-b19a-261eee01a284,Manu Chao,international,1,2.507594,2017,2025,exact_normalized_name,matched
Manu Chao,7570a0dd-5a67-401b-b19a-261eee01a284,Manu Chao,international fusion,1,2.507594,2017,2025,exact_normalized_name,matched
Manu Chao,7570a0dd-5a67-401b-b19a-261eee01a284,Manu Chao,latin alternative rock,1,2.507594,2017,2025,exact_normalized_name,matched
Manu Chao,7570a0dd-5a67-401b-b19a-261eee01a284,Manu Chao,multiple ipi,1,2.507594,2017,2025,exact_normalized_name,matched
Manu Chao,7570a0dd-5a67-401b-b19a-261eee01a284,Manu Chao,music of latin america,1,2.507594,2017,2025,exact_normalized_name,matched
Manu Chao,7570a0dd-5a67-401b-b19a-261eee01a284,Manu Chao,musiques du monde,1,2.507594,2017,2025,exact_normalized_name,matched
Manu Chao,7570a0dd-5a67-401b-b19a-261eee01a284,Manu Chao,pop,1,2.507594,2017,2025,exact_normalized_name,matched
Manu Chao,7570a0dd-5a67-401b-b19a-261eee01a284,Manu Chao,punk,1,2.507594,2017,2025,exact_normalized_name,matched
Manu Chao,7570a0dd-5a67-401b-b19a-261eee01a284,Manu Chao,rap,1,2.507594,2017,2025,exact_normalized_name,matched
Manu Chao,7570a0dd-5a67-401b-b19a-261eee01a284,Manu Chao,rock,1,2.507594,2017,2025,exact_normalized_name,matched
Manu Chao,7570a0dd-5a67-401b-b19a-261eee01a284,Manu Chao,rock en español,1,2.507594,2017,2025,exact_normalized_name,matched
Manu Chao,7570a0dd-5a67-401b-b19a-261eee01a284,Manu Chao,world music,1,2.507594,2017,2025,exact_normalized_name,matched
Randy,da7bb7d8-557d-4635-9ca1-e6e985525bd5,Randy Newman,film soundtrack,3,2.505086,2018,2025,top_search_result,matched
Randy,da7bb7d8-557d-4635-9ca1-e6e985525bd5,Randy Newman,singer-songwriter,3,2.505086,2018,2025,top_search_result,matched
Randy,da7bb7d8-557d-4635-9ca1-e6e985525bd5,Randy Newman,film score,2,2.505086,2018,2025,top_search_result,matched
Randy,da7bb7d8-557d-4635-9ca1-e6e985525bd5,Randy Newman,pop,2,2.505086,2018,2025,top_search_result,matched
Randy,da7bb7d8-557d-4635-9ca1-e6e985525bd5,Randy Newman,pop rock,2,2.505086,2018,2025,top_search_result,matched
Randy,da7bb7d8-557d-4635-9ca1-e6e985525bd5,Randy Newman,rock,2,2.505086,2018,2025,top_search_result,matched
Randy,da7bb7d8-557d-4635-9ca1-e6e985525bd5,Randy Newman,americana,1,2.505086,2018,2025,top_search_result,matched
Randy,da7bb7d8-557d-4635-9ca1-e6e985525bd5,Randy Newman,children's music,1,2.505086,2018,2025,top_search_result,matched
Randy,da7bb7d8-557d-4635-9ca1-e6e985525bd5,Randy Newman,cinematic classical,1,2.505086,2018,2025,top_search_result,matched
Randy,da7bb7d8-557d-4635-9ca1-e6e985525bd5,Randy Newman,classical,1,2.505086,2018,2025,top_search_result,matched
Randy,da7bb7d8-557d-4635-9ca1-e6e985525bd5,Randy Newman,comedy music,1,2.505086,2018,2025,top_search_result,matched
Randy,da7bb7d8-557d-4635-9ca1-e6e985525bd5,Randy Newman,movie tunes,1,2.505086,2018,2025,top_search_result,matched
Randy,da7bb7d8-557d-4635-9ca1-e6e985525bd5,Randy Newman,piano rock,1,2.505086,2018,2025,top_search_result,matched
Randy,da7bb7d8-557d-4635-9ca1-e6e985525bd5,Randy Newman,r&b,1,2.505086,2018,2025,top_search_result,matched
Randy,da7bb7d8-557d-4635-9ca1-e6e985525bd5,Randy Newman,singer/songwriter,1,2.505086,2018,2025,top_search_result,matched
Randy,da7bb7d8-557d-4635-9ca1-e6e985525bd5,Randy Newman,soul,1,2.505086,2018,2025,top_search_result,matched
Randy,da7bb7d8-557d-4635-9ca1-e6e985525bd5,Randy Newman,american,0,2.505086,2018,2025,top_search_result,matched
Randy,da7bb7d8-557d-4635-9ca1-e6e985525bd5,Randy Newman,classic pop and rock,0,2.505086,2018,2025,top_search_result,matched
Randy,da7bb7d8-557d-4635-9ca1-e6e985525bd5,Randy Newman,folk,0,2.505086,2018,2025,top_search_result,matched
Randy,da7bb7d8-557d-4635-9ca1-e6e985525bd5,Randy Newman,pop/rock,0,2.505086,2018,2025,top_search_result,matched
Randy,da7bb7d8-557d-4635-9ca1-e6e985525bd5,Randy Newman,soundtrack,0,2.505086,2018,2025,top_search_result,matched
Randy,da7bb7d8-557d-4635-9ca1-e6e985525bd5,Randy Newman,soundtracks,0,2.505086,2018,2025,top_search_result,matched
Fedu DJ,,,,,2.502923,2018,2022,no_result,not_found
DJ Tao,bb19eef2-e031-4e52-b45c-8899f5c535d6,DJ Tao,,,2.496704,2019,2025,exact_normalized_name,matched
Los Turros,95f09d58-ebb9-43c7-8ba4-2ffd07e410b0,Los Turros,cumbia,1,2.477062,2018,2025,exact_normalized_name,matched
Los Turros,95f09d58-ebb9-43c7-8ba4-2ffd07e410b0,Los Turros,cumbia villera,1,2.477062,2018,2025,exact_normalized_name,matched
Miles Davis,561d854a-6a28-4aa7-8c99-323e6ce46c2a,Miles Davis,jazz,26,2.410589,2017,2025,exact_normalized_name,matched
Miles Davis,561d854a-6a28-4aa7-8c99-323e6ce46c2a,Miles Davis,jazz fusion,12,2.410589,2017,2025,exact_normalized_name,matched
Miles Davis,561d854a-6a28-4aa7-8c99-323e6ce46c2a,Miles Davis,modal jazz,10,2.410589,2017,2025,exact_normalized_name,matched
Miles Davis,561d854a-6a28-4aa7-8c99-323e6ce46c2a,Miles Davis,cool jazz,9,2.410589,2017,2025,exact_normalized_name,matched
Miles Davis,561d854a-6a28-4aa7-8c99-323e6ce46c2a,Miles Davis,hard bop,6,2.410589,2017,2025,exact_normalized_name,matched
Miles Davis,561d854a-6a28-4aa7-8c99-323e6ce46c2a,Miles Davis,post-bop,4,2.410589,2017,2025,exact_normalized_name,matched
Miles Davis,561d854a-6a28-4aa7-8c99-323e6ce46c2a,Miles Davis,bebop,2,2.410589,2017,2025,exact_normalized_name,matched
Miles Davis,561d854a-6a28-4aa7-8c99-323e6ce46c2a,Miles Davis,classical,1,2.410589,2017,2025,exact_normalized_name,matched
Miles Davis,561d854a-6a28-4aa7-8c99-323e6ce46c2a,Miles Davis,funk,1,2.410589,2017,2025,exact_normalized_name,matched
Miles Davis,561d854a-6a28-4aa7-8c99-323e6ce46c2a,Miles Davis,jazz-funk,1,2.410589,2017,2025,exact_normalized_name,matched
Miles Davis,561d854a-6a28-4aa7-8c99-323e6ce46c2a,Miles Davis,rock,1,2.410589,2017,2025,exact_normalized_name,matched
Miles Davis,561d854a-6a28-4aa7-8c99-323e6ce46c2a,Miles Davis,acting,0,2.410589,2017,2025,exact_normalized_name,matched
Miles Davis,561d854a-6a28-4aa7-8c99-323e6ce46c2a,Miles Davis,composers,0,2.410589,2017,2025,exact_normalized_name,matched
Miles Davis,561d854a-6a28-4aa7-8c99-323e6ce46c2a,Miles Davis,composition,0,2.410589,2017,2025,exact_normalized_name,matched
Miles Davis,561d854a-6a28-4aa7-8c99-323e6ce46c2a,Miles Davis,instrumental jazz,0,2.410589,2017,2025,exact_normalized_name,matched
Miles Davis,561d854a-6a28-4aa7-8c99-323e6ce46c2a,Miles Davis,jazz musicians,0,2.410589,2017,2025,exact_normalized_name,matched
Miles Davis,561d854a-6a28-4aa7-8c99-323e6ce46c2a,Miles Davis,jazz rock,0,2.410589,2017,2025,exact_normalized_name,matched
Miles Davis,561d854a-6a28-4aa7-8c99-323e6ce46c2a,Miles Davis,jazz-rock,0,2.410589,2017,2025,exact_normalized_name,matched
Miles Davis,561d854a-6a28-4aa7-8c99-323e6ce46c2a,Miles Davis,modal music,0,2.410589,2017,2025,exact_normalized_name,matched
Miles Davis,561d854a-6a28-4aa7-8c99-323e6ce46c2a,Miles Davis,the best of,0,2.410589,2017,2025,exact_normalized_name,matched
Miles Davis,561d854a-6a28-4aa7-8c99-323e6ce46c2a,Miles Davis,third stream,0,2.410589,2017,2025,exact_normalized_name,matched
Miles Davis,561d854a-6a28-4aa7-8c99-323e6ce46c2a,Miles Davis,trumpet,0,2.410589,2017,2025,exact_normalized_name,matched
Miles Davis,561d854a-6a28-4aa7-8c99-323e6ce46c2a,Miles Davis,trumpeter,0,2.410589,2017,2025,exact_normalized_name,matched
Miles Davis,561d854a-6a28-4aa7-8c99-323e6ce46c2a,Miles Davis,trumpeters,0,2.410589,2017,2025,exact_normalized_name,matched
Miles Davis,561d854a-6a28-4aa7-8c99-323e6ce46c2a,Miles Davis,3356571013121,-1,2.410589,2017,2025,exact_normalized_name,matched
Miles Davis,561d854a-6a28-4aa7-8c99-323e6ce46c2a,Miles Davis,american,-1,2.410589,2017,2025,exact_normalized_name,matched
Miles Davis,561d854a-6a28-4aa7-8c99-323e6ce46c2a,Miles Davis,fusion,-1,2.410589,2017,2025,exact_normalized_name,matched
Miles Davis,561d854a-6a28-4aa7-8c99-323e6ce46c2a,Miles Davis,had feet,-1,2.410589,2017,2025,exact_normalized_name,matched
Miles Davis,561d854a-6a28-4aa7-8c99-323e6ce46c2a,Miles Davis,jazz and blues,-1,2.410589,2017,2025,exact_normalized_name,matched
Miles Davis,561d854a-6a28-4aa7-8c99-323e6ce46c2a,Miles Davis,midnight,-1,2.410589,2017,2025,exact_normalized_name,matched
Miles Davis,561d854a-6a28-4aa7-8c99-323e6ce46c2a,Miles Davis,miles davis,-1,2.410589,2017,2025,exact_normalized_name,matched
Miles Davis,561d854a-6a28-4aa7-8c99-323e6ce46c2a,Miles Davis,death by pneumonia,-2,2.410589,2017,2025,exact_normalized_name,matched
Miles Davis,561d854a-6a28-4aa7-8c99-323e6ce46c2a,Miles Davis,death by stroke,-2,2.410589,2017,2025,exact_normalized_name,matched
Miles Davis,561d854a-6a28-4aa7-8c99-323e6ce46c2a,Miles Davis,george gershwin,-2,2.410589,2017,2025,exact_normalized_name,matched
Miles Davis,561d854a-6a28-4aa7-8c99-323e6ce46c2a,Miles Davis,musical,-2,2.410589,2017,2025,exact_normalized_name,matched
Fabian Fattorini,515336fd-d48a-4dad-8708-e7c8394952cb,Fabian Fattorini,,,2.396862,2021,2024,exact_normalized_name,matched
Bontan,ea070c43-69b8-4496-82cf-aea50c12d9a0,Bontan,,,2.380069,2017,2024,exact_normalized_name,matched
Green Velvet,e425b041-c28a-4ae8-9d5c-997890433cd4,Green Velvet,house,2,2.379303,2019,2024,exact_normalized_name,matched
Green Velvet,e425b041-c28a-4ae8-9d5c-997890433cd4,Green Velvet,electro,1,2.379303,2019,2024,exact_normalized_name,matched
Green Velvet,e425b041-c28a-4ae8-9d5c-997890433cd4,Green Velvet,electronic,1,2.379303,2019,2024,exact_normalized_name,matched
Green Velvet,e425b041-c28a-4ae8-9d5c-997890433cd4,Green Velvet,minimal techno,1,2.379303,2019,2024,exact_normalized_name,matched
Green Velvet,e425b041-c28a-4ae8-9d5c-997890433cd4,Green Velvet,tech house,1,2.379303,2019,2024,exact_normalized_name,matched
Stefano Noferini,8dc082c4-55c9-43a9-9bdd-5f5898c48b54,Stefano Noferini,,,2.339436,2017,2021,exact_normalized_name,matched
L-Gante,c90500ae-ea71-44e8-92ed-86191803d538,L-Gante,reggaeton,3,2.328244,2019,2023,exact_normalized_name,matched
L-Gante,c90500ae-ea71-44e8-92ed-86191803d538,L-Gante,cumbia,2,2.328244,2019,2023,exact_normalized_name,matched
L-Gante,c90500ae-ea71-44e8-92ed-86191803d538,L-Gante,rkt,2,2.328244,2019,2023,exact_normalized_name,matched
L-Gante,c90500ae-ea71-44e8-92ed-86191803d538,L-Gante,argentine cumbia,1,2.328244,2019,2023,exact_normalized_name,matched
L-Gante,c90500ae-ea71-44e8-92ed-86191803d538,L-Gante,argentine trap,1,2.328244,2019,2023,exact_normalized_name,matched
L-Gante,c90500ae-ea71-44e8-92ed-86191803d538,L-Gante,cumbia argentina,1,2.328244,2019,2023,exact_normalized_name,matched
L-Gante,c90500ae-ea71-44e8-92ed-86191803d538,L-Gante,cumbia villera,1,2.328244,2019,2023,exact_normalized_name,matched
L-Gante,c90500ae-ea71-44e8-92ed-86191803d538,L-Gante,hip hop,1,2.328244,2019,2023,exact_normalized_name,matched
L-Gante,c90500ae-ea71-44e8-92ed-86191803d538,L-Gante,latin,1,2.328244,2019,2023,exact_normalized_name,matched
L-Gante,c90500ae-ea71-44e8-92ed-86191803d538,L-Gante,pop,1,2.328244,2019,2023,exact_normalized_name,matched
L-Gante,c90500ae-ea71-44e8-92ed-86191803d538,L-Gante,rap,1,2.328244,2019,2023,exact_normalized_name,matched
L-Gante,c90500ae-ea71-44e8-92ed-86191803d538,L-Gante,tech house,1,2.328244,2019,2023,exact_normalized_name,matched
L-Gante,c90500ae-ea71-44e8-92ed-86191803d538,L-Gante,trap latino,1,2.328244,2019,2023,exact_normalized_name,matched
L-Gante,c90500ae-ea71-44e8-92ed-86191803d538,L-Gante,trap music,1,2.328244,2019,2023,exact_normalized_name,matched
L-Gante,c90500ae-ea71-44e8-92ed-86191803d538,L-Gante,turreo,1,2.328244,2019,2023,exact_normalized_name,matched
Emilie Schiøtt,aa93f3a9-b6f3-4ccf-ab68-e2ffc8aca24b,Emilie Schiøtt,,,2.319401,2024,2025,exact_normalized_name,matched
Mathame,75141c90-ee73-45da-99e3-3366ddd14585,Mathame,techno,1,2.313897,2020,2025,exact_normalized_name,matched
Los Nota Lokos,8b74ab99-59df-4f58-aeea-2add88941390,Los Nota Lokos,,,2.30679,2018,2023,exact_normalized_name,matched
Mihalis Safras,7efc12a2-f026-43d4-b5b9-3b6de87732c5,Mihalis Safras,mihalis safras,1,2.295598,2017,2024,exact_normalized_name,matched
Tego Calderón,6efb297a-d135-4b1b-8c6f-097c9670e647,Tego Calderón,reggaeton,2,2.281594,2017,2025,exact_normalized_name,matched
Tego Calderón,6efb297a-d135-4b1b-8c6f-097c9670e647,Tego Calderón,latin,1,2.281594,2017,2025,exact_normalized_name,matched
Tego Calderón,6efb297a-d135-4b1b-8c6f-097c9670e647,Tego Calderón,latin urban,1,2.281594,2017,2025,exact_normalized_name,matched
Tego Calderón,6efb297a-d135-4b1b-8c6f-097c9670e647,Tego Calderón,rap,1,2.281594,2017,2025,exact_normalized_name,matched
Eladio Carrion,239e3283-3b23-4606-8c3b-b5c3bd80313d,Eladio Carrión,hip hop,2,2.281219,2018,2024,exact_normalized_name,matched
Eladio Carrion,239e3283-3b23-4606-8c3b-b5c3bd80313d,Eladio Carrión,latin,2,2.281219,2018,2024,exact_normalized_name,matched
Eladio Carrion,239e3283-3b23-4606-8c3b-b5c3bd80313d,Eladio Carrión,reggaeton,1,2.281219,2018,2024,exact_normalized_name,matched
Eladio Carrion,239e3283-3b23-4606-8c3b-b5c3bd80313d,Eladio Carrión,trap latino,1,2.281219,2018,2024,exact_normalized_name,matched
Chiky Dee Jay,,,,,2.27964,2018,2023,no_result,not_found
Cream,04cd0cfd-bfd1-4c36-bc38-95c35e2c045f,Cream,blues rock,8,2.248997,2017,2025,exact_normalized_name,matched
Cream,04cd0cfd-bfd1-4c36-bc38-95c35e2c045f,Cream,rock,6,2.248997,2017,2025,exact_normalized_name,matched
Cream,04cd0cfd-bfd1-4c36-bc38-95c35e2c045f,Cream,hard rock,5,2.248997,2017,2025,exact_normalized_name,matched
Cream,04cd0cfd-bfd1-4c36-bc38-95c35e2c045f,Cream,psychedelic rock,4,2.248997,2017,2025,exact_normalized_name,matched
Cream,04cd0cfd-bfd1-4c36-bc38-95c35e2c045f,Cream,jam band,3,2.248997,2017,2025,exact_normalized_name,matched
Cream,04cd0cfd-bfd1-4c36-bc38-95c35e2c045f,Cream,psychedelic pop,2,2.248997,2017,2025,exact_normalized_name,matched
Cream,04cd0cfd-bfd1-4c36-bc38-95c35e2c045f,Cream,acid rock,1,2.248997,2017,2025,exact_normalized_name,matched
Cream,04cd0cfd-bfd1-4c36-bc38-95c35e2c045f,Cream,british,1,2.248997,2017,2025,exact_normalized_name,matched
Cream,04cd0cfd-bfd1-4c36-bc38-95c35e2c045f,Cream,classic rock,1,2.248997,2017,2025,exact_normalized_name,matched
Cream,04cd0cfd-bfd1-4c36-bc38-95c35e2c045f,Cream,english,1,2.248997,2017,2025,exact_normalized_name,matched
Cream,04cd0cfd-bfd1-4c36-bc38-95c35e2c045f,Cream,pop rock,1,2.248997,2017,2025,exact_normalized_name,matched
Cream,04cd0cfd-bfd1-4c36-bc38-95c35e2c045f,Cream,psychedelic,1,2.248997,2017,2025,exact_normalized_name,matched
Cream,04cd0cfd-bfd1-4c36-bc38-95c35e2c045f,Cream,uk,1,2.248997,2017,2025,exact_normalized_name,matched
Cream,04cd0cfd-bfd1-4c36-bc38-95c35e2c045f,Cream,classic pop and rock,0,2.248997,2017,2025,exact_normalized_name,matched
Kinder Malo,f804b985-5bb9-4402-b700-5bed47f8238f,Kinder Malo,,,2.234559,2017,2022,exact_normalized_name,matched
Lary Over,faa2f0f5-14bf-46fd-85a1-486263bb64bb,Lary Over,trap latino,2,2.232105,2017,2025,exact_normalized_name,matched
Lary Over,faa2f0f5-14bf-46fd-85a1-486263bb64bb,Lary Over,latin trap,1,2.232105,2017,2025,exact_normalized_name,matched
Lary Over,faa2f0f5-14bf-46fd-85a1-486263bb64bb,Lary Over,latin urban,1,2.232105,2017,2025,exact_normalized_name,matched
Lary Over,faa2f0f5-14bf-46fd-85a1-486263bb64bb,Lary Over,trap,1,2.232105,2017,2025,exact_normalized_name,matched
Kamilo Sanclemente,a134cb2a-0d19-4ebc-8dd7-f38911cc852e,Kamilo Sanclemente,house,1,2.225132,2021,2025,exact_normalized_name,matched
Kamilo Sanclemente,a134cb2a-0d19-4ebc-8dd7-f38911cc852e,Kamilo Sanclemente,melodic house,1,2.225132,2021,2025,exact_normalized_name,matched
Kamilo Sanclemente,a134cb2a-0d19-4ebc-8dd7-f38911cc852e,Kamilo Sanclemente,melodic techno,1,2.225132,2021,2025,exact_normalized_name,matched
Kamilo Sanclemente,a134cb2a-0d19-4ebc-8dd7-f38911cc852e,Kamilo Sanclemente,progressive house,1,2.225132,2021,2025,exact_normalized_name,matched
Kamilo Sanclemente,a134cb2a-0d19-4ebc-8dd7-f38911cc852e,Kamilo Sanclemente,tech house,1,2.225132,2021,2025,exact_normalized_name,matched
Tr-Meet,46e055c8-73bc-4259-8b9b-1c499c6a8b70,TR-MEET,,,2.219098,2018,2021,exact_normalized_name,matched
Ezequiel Arias,ddc63728-5d3e-444b-90bf-62d96c10bcb1,Ezequiel Arias,,,2.173488,2022,2025,exact_normalized_name,matched
Papu DJ,,,,,2.146422,2018,2023,no_result,not_found
John Mayer,144ef525-85e9-40c3-8335-02c32d0861f3,John Mayer,blues rock,5,2.145887,2019,2025,exact_normalized_name,matched
John Mayer,144ef525-85e9-40c3-8335-02c32d0861f3,John Mayer,acoustic rock,4,2.145887,2019,2025,exact_normalized_name,matched
John Mayer,144ef525-85e9-40c3-8335-02c32d0861f3,John Mayer,singer/songwriter,3,2.145887,2019,2025,exact_normalized_name,matched
John Mayer,144ef525-85e9-40c3-8335-02c32d0861f3,John Mayer,blues,2,2.145887,2019,2025,exact_normalized_name,matched
John Mayer,144ef525-85e9-40c3-8335-02c32d0861f3,John Mayer,folk rock,2,2.145887,2019,2025,exact_normalized_name,matched
John Mayer,144ef525-85e9-40c3-8335-02c32d0861f3,John Mayer,pop rock,2,2.145887,2019,2025,exact_normalized_name,matched
John Mayer,144ef525-85e9-40c3-8335-02c32d0861f3,John Mayer,singer-songwriter,2,2.145887,2019,2025,exact_normalized_name,matched
John Mayer,144ef525-85e9-40c3-8335-02c32d0861f3,John Mayer,soft rock,2,2.145887,2019,2025,exact_normalized_name,matched
John Mayer,144ef525-85e9-40c3-8335-02c32d0861f3,John Mayer,acoustic music,1,2.145887,2019,2025,exact_normalized_name,matched
John Mayer,144ef525-85e9-40c3-8335-02c32d0861f3,John Mayer,adult alternative pop/rock,1,2.145887,2019,2025,exact_normalized_name,matched
John Mayer,144ef525-85e9-40c3-8335-02c32d0861f3,John Mayer,alternative rock,1,2.145887,2019,2025,exact_normalized_name,matched
John Mayer,144ef525-85e9-40c3-8335-02c32d0861f3,John Mayer,alternative/indie rock,1,2.145887,2019,2025,exact_normalized_name,matched
John Mayer,144ef525-85e9-40c3-8335-02c32d0861f3,John Mayer,americana,1,2.145887,2019,2025,exact_normalized_name,matched
John Mayer,144ef525-85e9-40c3-8335-02c32d0861f3,John Mayer,blue-eyed soul,1,2.145887,2019,2025,exact_normalized_name,matched
John Mayer,144ef525-85e9-40c3-8335-02c32d0861f3,John Mayer,contemporary pop/rock,1,2.145887,2019,2025,exact_normalized_name,matched
John Mayer,144ef525-85e9-40c3-8335-02c32d0861f3,John Mayer,contemporary singer/songwriter,1,2.145887,2019,2025,exact_normalized_name,matched
John Mayer,144ef525-85e9-40c3-8335-02c32d0861f3,John Mayer,country,1,2.145887,2019,2025,exact_normalized_name,matched
John Mayer,144ef525-85e9-40c3-8335-02c32d0861f3,John Mayer,country rock,1,2.145887,2019,2025,exact_normalized_name,matched
John Mayer,144ef525-85e9-40c3-8335-02c32d0861f3,John Mayer,folk music,1,2.145887,2019,2025,exact_normalized_name,matched
John Mayer,144ef525-85e9-40c3-8335-02c32d0861f3,John Mayer,indie rock,1,2.145887,2019,2025,exact_normalized_name,matched
John Mayer,144ef525-85e9-40c3-8335-02c32d0861f3,John Mayer,pop,1,2.145887,2019,2025,exact_normalized_name,matched
John Mayer,144ef525-85e9-40c3-8335-02c32d0861f3,John Mayer,rock,1,2.145887,2019,2025,exact_normalized_name,matched
John Mayer,144ef525-85e9-40c3-8335-02c32d0861f3,John Mayer,soul,1,2.145887,2019,2025,exact_normalized_name,matched
John Mayer,144ef525-85e9-40c3-8335-02c32d0861f3,John Mayer,alternative,0,2.145887,2019,2025,exact_normalized_name,matched
John Mayer,144ef525-85e9-40c3-8335-02c32d0861f3,John Mayer,jazz,0,2.145887,2019,2025,exact_normalized_name,matched
John Mayer,144ef525-85e9-40c3-8335-02c32d0861f3,John Mayer,john mayer,0,2.145887,2019,2025,exact_normalized_name,matched
John Mayer,144ef525-85e9-40c3-8335-02c32d0861f3,John Mayer,production music,-1,2.145887,2019,2025,exact_normalized_name,matched
Leo Mattioli,5ca859f2-a9d9-4f71-8221-47c9b89232b7,Leo Mattioli,cumbia argentina,1,2.142476,2019,2025,exact_normalized_name,matched
Leo Mattioli,5ca859f2-a9d9-4f71-8221-47c9b89232b7,Leo Mattioli,cumbia santafesina,1,2.142476,2019,2025,exact_normalized_name,matched
Jona Mix,,,,,2.135206,2019,2024,no_result,not_found
Billie Holiday,d59c4cda-11d9-48db-8bfe-b557ee602aed,Billie Holiday,jazz,13,2.124761,2021,2025,exact_normalized_name,matched
Billie Holiday,d59c4cda-11d9-48db-8bfe-b557ee602aed,Billie Holiday,blues,3,2.124761,2021,2025,exact_normalized_name,matched
Billie Holiday,d59c4cda-11d9-48db-8bfe-b557ee602aed,Billie Holiday,vocal jazz,3,2.124761,2021,2025,exact_normalized_name,matched
Billie Holiday,d59c4cda-11d9-48db-8bfe-b557ee602aed,Billie Holiday,2008 universal fire victim,1,2.124761,2021,2025,exact_normalized_name,matched
Billie Holiday,d59c4cda-11d9-48db-8bfe-b557ee602aed,Billie Holiday,cotm candidate,1,2.124761,2021,2025,exact_normalized_name,matched
Billie Holiday,d59c4cda-11d9-48db-8bfe-b557ee602aed,Billie Holiday,eddie rubin,1,2.124761,2021,2025,exact_normalized_name,matched
Billie Holiday,d59c4cda-11d9-48db-8bfe-b557ee602aed,Billie Holiday,legends,1,2.124761,2021,2025,exact_normalized_name,matched
Billie Holiday,d59c4cda-11d9-48db-8bfe-b557ee602aed,Billie Holiday,standards,1,2.124761,2021,2025,exact_normalized_name,matched
Billie Holiday,d59c4cda-11d9-48db-8bfe-b557ee602aed,Billie Holiday,swing,1,2.124761,2021,2025,exact_normalized_name,matched
Billie Holiday,d59c4cda-11d9-48db-8bfe-b557ee602aed,Billie Holiday,traditional pop,1,2.124761,2021,2025,exact_normalized_name,matched
Billie Holiday,d59c4cda-11d9-48db-8bfe-b557ee602aed,Billie Holiday,vocalist,1,2.124761,2021,2025,exact_normalized_name,matched
Billie Holiday,d59c4cda-11d9-48db-8bfe-b557ee602aed,Billie Holiday,1933,0,2.124761,2021,2025,exact_normalized_name,matched
Billie Holiday,d59c4cda-11d9-48db-8bfe-b557ee602aed,Billie Holiday,10 cd,-1,2.124761,2021,2025,exact_normalized_name,matched
Billie Holiday,d59c4cda-11d9-48db-8bfe-b557ee602aed,Billie Holiday,rock and indie,-1,2.124761,2021,2025,exact_normalized_name,matched
Billie Holiday,d59c4cda-11d9-48db-8bfe-b557ee602aed,Billie Holiday,death by cirrhosis,-2,2.124761,2021,2025,exact_normalized_name,matched
Nick Warren,a433a331-d643-468e-a0aa-afc7386a678c,Nick Warren,electronica,1,2.124363,2020,2025,exact_normalized_name,matched
Nick Warren,a433a331-d643-468e-a0aa-afc7386a678c,Nick Warren,house,1,2.124363,2020,2025,exact_normalized_name,matched
Nick Warren,a433a331-d643-468e-a0aa-afc7386a678c,Nick Warren,progressive house,1,2.124363,2020,2025,exact_normalized_name,matched
Elton John,b83bc61f-8451-4a5d-8b8e-7e9ed295e822,Elton John,pop,17,2.112891,2017,2025,exact_normalized_name,matched
Elton John,b83bc61f-8451-4a5d-8b8e-7e9ed295e822,Elton John,pop rock,11,2.112891,2017,2025,exact_normalized_name,matched
Elton John,b83bc61f-8451-4a5d-8b8e-7e9ed295e822,Elton John,piano rock,10,2.112891,2017,2025,exact_normalized_name,matched
Elton John,b83bc61f-8451-4a5d-8b8e-7e9ed295e822,Elton John,rock,9,2.112891,2017,2025,exact_normalized_name,matched
Elton John,b83bc61f-8451-4a5d-8b8e-7e9ed295e822,Elton John,soft rock,6,2.112891,2017,2025,exact_normalized_name,matched
Elton John,b83bc61f-8451-4a5d-8b8e-7e9ed295e822,Elton John,adult contemporary,5,2.112891,2017,2025,exact_normalized_name,matched
Elton John,b83bc61f-8451-4a5d-8b8e-7e9ed295e822,Elton John,rock and roll,5,2.112891,2017,2025,exact_normalized_name,matched
Elton John,b83bc61f-8451-4a5d-8b8e-7e9ed295e822,Elton John,singer-songwriter,5,2.112891,2017,2025,exact_normalized_name,matched
Elton John,b83bc61f-8451-4a5d-8b8e-7e9ed295e822,Elton John,singer/songwriter,3,2.112891,2017,2025,exact_normalized_name,matched
Elton John,b83bc61f-8451-4a5d-8b8e-7e9ed295e822,Elton John,album rock,2,2.112891,2017,2025,exact_normalized_name,matched
Elton John,b83bc61f-8451-4a5d-8b8e-7e9ed295e822,Elton John,am pop,2,2.112891,2017,2025,exact_normalized_name,matched
Elton John,b83bc61f-8451-4a5d-8b8e-7e9ed295e822,Elton John,british,2,2.112891,2017,2025,exact_normalized_name,matched
Elton John,b83bc61f-8451-4a5d-8b8e-7e9ed295e822,Elton John,classic rock,2,2.112891,2017,2025,exact_normalized_name,matched
Elton John,b83bc61f-8451-4a5d-8b8e-7e9ed295e822,Elton John,contemporary pop/rock,2,2.112891,2017,2025,exact_normalized_name,matched
Elton John,b83bc61f-8451-4a5d-8b8e-7e9ed295e822,Elton John,film score,2,2.112891,2017,2025,exact_normalized_name,matched
Elton John,b83bc61f-8451-4a5d-8b8e-7e9ed295e822,Elton John,show/musical,2,2.112891,2017,2025,exact_normalized_name,matched
Elton John,b83bc61f-8451-4a5d-8b8e-7e9ed295e822,Elton John,2008 universal fire victim,1,2.112891,2017,2025,exact_normalized_name,matched
Elton John,b83bc61f-8451-4a5d-8b8e-7e9ed295e822,Elton John,country,1,2.112891,2017,2025,exact_normalized_name,matched
Elton John,b83bc61f-8451-4a5d-8b8e-7e9ed295e822,Elton John,dance,1,2.112891,2017,2025,exact_normalized_name,matched
Elton John,b83bc61f-8451-4a5d-8b8e-7e9ed295e822,Elton John,disco,1,2.112891,2017,2025,exact_normalized_name,matched
Elton John,b83bc61f-8451-4a5d-8b8e-7e9ed295e822,Elton John,electronica,1,2.112891,2017,2025,exact_normalized_name,matched
Elton John,b83bc61f-8451-4a5d-8b8e-7e9ed295e822,Elton John,english,1,2.112891,2017,2025,exact_normalized_name,matched
Elton John,b83bc61f-8451-4a5d-8b8e-7e9ed295e822,Elton John,folk rock,1,2.112891,2017,2025,exact_normalized_name,matched
Elton John,b83bc61f-8451-4a5d-8b8e-7e9ed295e822,Elton John,glam rock,1,2.112891,2017,2025,exact_normalized_name,matched
Elton John,b83bc61f-8451-4a5d-8b8e-7e9ed295e822,Elton John,hip hop,1,2.112891,2017,2025,exact_normalized_name,matched
Elton John,b83bc61f-8451-4a5d-8b8e-7e9ed295e822,Elton John,house,1,2.112891,2017,2025,exact_normalized_name,matched
Elton John,b83bc61f-8451-4a5d-8b8e-7e9ed295e822,Elton John,indie dance,1,2.112891,2017,2025,exact_normalized_name,matched
Elton John,b83bc61f-8451-4a5d-8b8e-7e9ed295e822,Elton John,pop music,1,2.112891,2017,2025,exact_normalized_name,matched
Elton John,b83bc61f-8451-4a5d-8b8e-7e9ed295e822,Elton John,progressive rock,1,2.112891,2017,2025,exact_normalized_name,matched
Elton John,b83bc61f-8451-4a5d-8b8e-7e9ed295e822,Elton John,psychedelic rock,1,2.112891,2017,2025,exact_normalized_name,matched
Elton John,b83bc61f-8451-4a5d-8b8e-7e9ed295e822,Elton John,r&b,1,2.112891,2017,2025,exact_normalized_name,matched
Elton John,b83bc61f-8451-4a5d-8b8e-7e9ed295e822,Elton John,uk,1,2.112891,2017,2025,exact_normalized_name,matched
Elton John,b83bc61f-8451-4a5d-8b8e-7e9ed295e822,Elton John,classic pop and rock,0,2.112891,2017,2025,exact_normalized_name,matched
Elton John,b83bc61f-8451-4a5d-8b8e-7e9ed295e822,Elton John,greatest hits 1970–2002,0,2.112891,2017,2025,exact_normalized_name,matched
Elton John,b83bc61f-8451-4a5d-8b8e-7e9ed295e822,Elton John,pop/rock,0,2.112891,2017,2025,exact_normalized_name,matched
Elton John,b83bc61f-8451-4a5d-8b8e-7e9ed295e822,Elton John,barcode:0602507159085,-2,2.112891,2017,2025,exact_normalized_name,matched
Elton John,b83bc61f-8451-4a5d-8b8e-7e9ed295e822,Elton John,elton-john,-2,2.112891,2017,2025,exact_normalized_name,matched
Snoop Dogg,f90e8b26-9e52-4669-a5c9-e28529c47894,Snoop Dogg,hip hop,21,2.098531,2017,2025,exact_normalized_name,matched
Snoop Dogg,f90e8b26-9e52-4669-a5c9-e28529c47894,Snoop Dogg,gangsta rap,12,2.098531,2017,2025,exact_normalized_name,matched
Snoop Dogg,f90e8b26-9e52-4669-a5c9-e28529c47894,Snoop Dogg,g-funk,9,2.098531,2017,2025,exact_normalized_name,matched
Snoop Dogg,f90e8b26-9e52-4669-a5c9-e28529c47894,Snoop Dogg,west coast hip hop,6,2.098531,2017,2025,exact_normalized_name,matched
Snoop Dogg,f90e8b26-9e52-4669-a5c9-e28529c47894,Snoop Dogg,afro house,1,2.098531,2017,2025,exact_normalized_name,matched
Snoop Dogg,f90e8b26-9e52-4669-a5c9-e28529c47894,Snoop Dogg,austin city limits,1,2.098531,2017,2025,exact_normalized_name,matched
Snoop Dogg,f90e8b26-9e52-4669-a5c9-e28529c47894,Snoop Dogg,california,1,2.098531,2017,2025,exact_normalized_name,matched
Snoop Dogg,f90e8b26-9e52-4669-a5c9-e28529c47894,Snoop Dogg,california music,1,2.098531,2017,2025,exact_normalized_name,matched
Snoop Dogg,f90e8b26-9e52-4669-a5c9-e28529c47894,Snoop Dogg,christian hip hop,1,2.098531,2017,2025,exact_normalized_name,matched
Snoop Dogg,f90e8b26-9e52-4669-a5c9-e28529c47894,Snoop Dogg,christian rap,1,2.098531,2017,2025,exact_normalized_name,matched
Snoop Dogg,f90e8b26-9e52-4669-a5c9-e28529c47894,Snoop Dogg,contemporary gospel,1,2.098531,2017,2025,exact_normalized_name,matched
Snoop Dogg,f90e8b26-9e52-4669-a5c9-e28529c47894,Snoop Dogg,dance,1,2.098531,2017,2025,exact_normalized_name,matched
Snoop Dogg,f90e8b26-9e52-4669-a5c9-e28529c47894,Snoop Dogg,drum and bass,1,2.098531,2017,2025,exact_normalized_name,matched
Snoop Dogg,f90e8b26-9e52-4669-a5c9-e28529c47894,Snoop Dogg,electronica,1,2.098531,2017,2025,exact_normalized_name,matched
Snoop Dogg,f90e8b26-9e52-4669-a5c9-e28529c47894,Snoop Dogg,funk,1,2.098531,2017,2025,exact_normalized_name,matched
Snoop Dogg,f90e8b26-9e52-4669-a5c9-e28529c47894,Snoop Dogg,funk brasileiro,1,2.098531,2017,2025,exact_normalized_name,matched
Snoop Dogg,f90e8b26-9e52-4669-a5c9-e28529c47894,Snoop Dogg,god,1,2.098531,2017,2025,exact_normalized_name,matched
Snoop Dogg,f90e8b26-9e52-4669-a5c9-e28529c47894,Snoop Dogg,gospel rap,1,2.098531,2017,2025,exact_normalized_name,matched
Snoop Dogg,f90e8b26-9e52-4669-a5c9-e28529c47894,Snoop Dogg,house,1,2.098531,2017,2025,exact_normalized_name,matched
Snoop Dogg,f90e8b26-9e52-4669-a5c9-e28529c47894,Snoop Dogg,old school hip hop,1,2.098531,2017,2025,exact_normalized_name,matched
Snoop Dogg,f90e8b26-9e52-4669-a5c9-e28529c47894,Snoop Dogg,pop,1,2.098531,2017,2025,exact_normalized_name,matched
Snoop Dogg,f90e8b26-9e52-4669-a5c9-e28529c47894,Snoop Dogg,pop rap,1,2.098531,2017,2025,exact_normalized_name,matched
Snoop Dogg,f90e8b26-9e52-4669-a5c9-e28529c47894,Snoop Dogg,r&b,1,2.098531,2017,2025,exact_normalized_name,matched
Snoop Dogg,f90e8b26-9e52-4669-a5c9-e28529c47894,Snoop Dogg,rap,1,2.098531,2017,2025,exact_normalized_name,matched
Snoop Dogg,f90e8b26-9e52-4669-a5c9-e28529c47894,Snoop Dogg,religious,1,2.098531,2017,2025,exact_normalized_name,matched
Snoop Dogg,f90e8b26-9e52-4669-a5c9-e28529c47894,Snoop Dogg,rock,1,2.098531,2017,2025,exact_normalized_name,matched
Snoop Dogg,f90e8b26-9e52-4669-a5c9-e28529c47894,Snoop Dogg,self made millionaire,1,2.098531,2017,2025,exact_normalized_name,matched
Snoop Dogg,f90e8b26-9e52-4669-a5c9-e28529c47894,Snoop Dogg,sxsw,1,2.098531,2017,2025,exact_normalized_name,matched
Snoop Dogg,f90e8b26-9e52-4669-a5c9-e28529c47894,Snoop Dogg,top 100,1,2.098531,2017,2025,exact_normalized_name,matched
Snoop Dogg,f90e8b26-9e52-4669-a5c9-e28529c47894,Snoop Dogg,2008 universal fire victim,0,2.098531,2017,2025,exact_normalized_name,matched
Snoop Dogg,f90e8b26-9e52-4669-a5c9-e28529c47894,Snoop Dogg,contemporary christian,0,2.098531,2017,2025,exact_normalized_name,matched
Snoop Dogg,f90e8b26-9e52-4669-a5c9-e28529c47894,Snoop Dogg,criminal,0,2.098531,2017,2025,exact_normalized_name,matched
Snoop Dogg,f90e8b26-9e52-4669-a5c9-e28529c47894,Snoop Dogg,hip hop rnb and dance hall,0,2.098531,2017,2025,exact_normalized_name,matched
Snoop Dogg,f90e8b26-9e52-4669-a5c9-e28529c47894,Snoop Dogg,kevin haden,0,2.098531,2017,2025,exact_normalized_name,matched
Snoop Dogg,f90e8b26-9e52-4669-a5c9-e28529c47894,Snoop Dogg,pro trump,0,2.098531,2017,2025,exact_normalized_name,matched
Snoop Dogg,f90e8b26-9e52-4669-a5c9-e28529c47894,Snoop Dogg,reggae,0,2.098531,2017,2025,exact_normalized_name,matched
Snoop Dogg,f90e8b26-9e52-4669-a5c9-e28529c47894,Snoop Dogg,relic inn,0,2.098531,2017,2025,exact_normalized_name,matched
Snoop Dogg,f90e8b26-9e52-4669-a5c9-e28529c47894,Snoop Dogg,american,-1,2.098531,2017,2025,exact_normalized_name,matched
Snoop Dogg,f90e8b26-9e52-4669-a5c9-e28529c47894,Snoop Dogg,hip-hop,-1,2.098531,2017,2025,exact_normalized_name,matched
Snoop Dogg,f90e8b26-9e52-4669-a5c9-e28529c47894,Snoop Dogg,west coast hip-hop,-1,2.098531,2017,2025,exact_normalized_name,matched
B.J. Thomas,42a19448-ff60-4fd2-9d10-959bf2000729,B.J. Thomas,contemporary christian,2,2.094802,2022,2025,exact_normalized_name,matched
B.J. Thomas,42a19448-ff60-4fd2-9d10-959bf2000729,B.J. Thomas,country,2,2.094802,2022,2025,exact_normalized_name,matched
B.J. Thomas,42a19448-ff60-4fd2-9d10-959bf2000729,B.J. Thomas,pop,2,2.094802,2022,2025,exact_normalized_name,matched
B.J. Thomas,42a19448-ff60-4fd2-9d10-959bf2000729,B.J. Thomas,2008 universal fire victim,1,2.094802,2022,2025,exact_normalized_name,matched
B.J. Thomas,42a19448-ff60-4fd2-9d10-959bf2000729,B.J. Thomas,adult contemporary,1,2.094802,2022,2025,exact_normalized_name,matched
B.J. Thomas,42a19448-ff60-4fd2-9d10-959bf2000729,B.J. Thomas,blue-eyed soul,1,2.094802,2022,2025,exact_normalized_name,matched
B.J. Thomas,42a19448-ff60-4fd2-9d10-959bf2000729,B.J. Thomas,country pop,1,2.094802,2022,2025,exact_normalized_name,matched
B.J. Thomas,42a19448-ff60-4fd2-9d10-959bf2000729,B.J. Thomas,rock,1,2.094802,2022,2025,exact_normalized_name,matched
B.J. Thomas,42a19448-ff60-4fd2-9d10-959bf2000729,B.J. Thomas,soft rock,1,2.094802,2022,2025,exact_normalized_name,matched
Queen,0383dadf-2a4e-4d10-a46a-e9e041da8eb3,Queen,rock,43,2.084067,2017,2025,exact_normalized_name,matched
Queen,0383dadf-2a4e-4d10-a46a-e9e041da8eb3,Queen,glam rock,24,2.084067,2017,2025,exact_normalized_name,matched
Queen,0383dadf-2a4e-4d10-a46a-e9e041da8eb3,Queen,hard rock,21,2.084067,2017,2025,exact_normalized_name,matched
Queen,0383dadf-2a4e-4d10-a46a-e9e041da8eb3,Queen,art rock,15,2.084067,2017,2025,exact_normalized_name,matched
Queen,0383dadf-2a4e-4d10-a46a-e9e041da8eb3,Queen,british,15,2.084067,2017,2025,exact_normalized_name,matched
Queen,0383dadf-2a4e-4d10-a46a-e9e041da8eb3,Queen,pop rock,11,2.084067,2017,2025,exact_normalized_name,matched
Queen,0383dadf-2a4e-4d10-a46a-e9e041da8eb3,Queen,classic rock,7,2.084067,2017,2025,exact_normalized_name,matched
Queen,0383dadf-2a4e-4d10-a46a-e9e041da8eb3,Queen,symphonic rock,6,2.084067,2017,2025,exact_normalized_name,matched
Queen,0383dadf-2a4e-4d10-a46a-e9e041da8eb3,Queen,progressive rock,5,2.084067,2017,2025,exact_normalized_name,matched
Queen,0383dadf-2a4e-4d10-a46a-e9e041da8eb3,Queen,uk,5,2.084067,2017,2025,exact_normalized_name,matched
Queen,0383dadf-2a4e-4d10-a46a-e9e041da8eb3,Queen,glorious,3,2.084067,2017,2025,exact_normalized_name,matched
Queen,0383dadf-2a4e-4d10-a46a-e9e041da8eb3,Queen,70's,2,2.084067,2017,2025,exact_normalized_name,matched
Queen,0383dadf-2a4e-4d10-a46a-e9e041da8eb3,Queen,beholder,2,2.084067,2017,2025,exact_normalized_name,matched
Queen,0383dadf-2a4e-4d10-a46a-e9e041da8eb3,Queen,80's,1,2.084067,2017,2025,exact_normalized_name,matched
Queen,0383dadf-2a4e-4d10-a46a-e9e041da8eb3,Queen,80s,1,2.084067,2017,2025,exact_normalized_name,matched
Queen,0383dadf-2a4e-4d10-a46a-e9e041da8eb3,Queen,baroque pop,1,2.084067,2017,2025,exact_normalized_name,matched
Queen,0383dadf-2a4e-4d10-a46a-e9e041da8eb3,Queen,disco,1,2.084067,2017,2025,exact_normalized_name,matched
Queen,0383dadf-2a4e-4d10-a46a-e9e041da8eb3,Queen,eclectic,1,2.084067,2017,2025,exact_normalized_name,matched
Queen,0383dadf-2a4e-4d10-a46a-e9e041da8eb3,Queen,film soundtrack,1,2.084067,2017,2025,exact_normalized_name,matched
Queen,0383dadf-2a4e-4d10-a46a-e9e041da8eb3,Queen,medley,1,2.084067,2017,2025,exact_normalized_name,matched
Queen,0383dadf-2a4e-4d10-a46a-e9e041da8eb3,Queen,queer,1,2.084067,2017,2025,exact_normalized_name,matched
Queen,0383dadf-2a4e-4d10-a46a-e9e041da8eb3,Queen,united kingdom,1,2.084067,2017,2025,exact_normalized_name,matched
Queen,0383dadf-2a4e-4d10-a46a-e9e041da8eb3,Queen,vyrzukhisuc-artiest,1,2.084067,2017,2025,exact_normalized_name,matched
Queen,0383dadf-2a4e-4d10-a46a-e9e041da8eb3,Queen,70s,0,2.084067,2017,2025,exact_normalized_name,matched
Queen,0383dadf-2a4e-4d10-a46a-e9e041da8eb3,Queen,90's,0,2.084067,2017,2025,exact_normalized_name,matched
Queen,0383dadf-2a4e-4d10-a46a-e9e041da8eb3,Queen,90s,0,2.084067,2017,2025,exact_normalized_name,matched
Queen,0383dadf-2a4e-4d10-a46a-e9e041da8eb3,Queen,anthemic,0,2.084067,2017,2025,exact_normalized_name,matched
Queen,0383dadf-2a4e-4d10-a46a-e9e041da8eb3,Queen,awesome,0,2.084067,2017,2025,exact_normalized_name,matched
Queen,0383dadf-2a4e-4d10-a46a-e9e041da8eb3,Queen,band,0,2.084067,2017,2025,exact_normalized_name,matched
Queen,0383dadf-2a4e-4d10-a46a-e9e041da8eb3,Queen,britannique,0,2.084067,2017,2025,exact_normalized_name,matched
Queen,0383dadf-2a4e-4d10-a46a-e9e041da8eb3,Queen,energetic,0,2.084067,2017,2025,exact_normalized_name,matched
Queen,0383dadf-2a4e-4d10-a46a-e9e041da8eb3,Queen,england,0,2.084067,2017,2025,exact_normalized_name,matched
Queen,0383dadf-2a4e-4d10-a46a-e9e041da8eb3,Queen,english,0,2.084067,2017,2025,exact_normalized_name,matched
Queen,0383dadf-2a4e-4d10-a46a-e9e041da8eb3,Queen,fantasy,0,2.084067,2017,2025,exact_normalized_name,matched
Queen,0383dadf-2a4e-4d10-a46a-e9e041da8eb3,Queen,heavy metal,0,2.084067,2017,2025,exact_normalized_name,matched
Queen,0383dadf-2a4e-4d10-a46a-e9e041da8eb3,Queen,kind of magic,0,2.084067,2017,2025,exact_normalized_name,matched
Queen,0383dadf-2a4e-4d10-a46a-e9e041da8eb3,Queen,mainstream rock,0,2.084067,2017,2025,exact_normalized_name,matched
Queen,0383dadf-2a4e-4d10-a46a-e9e041da8eb3,Queen,melodic,0,2.084067,2017,2025,exact_normalized_name,matched
Queen,0383dadf-2a4e-4d10-a46a-e9e041da8eb3,Queen,playful,0,2.084067,2017,2025,exact_normalized_name,matched
Queen,0383dadf-2a4e-4d10-a46a-e9e041da8eb3,Queen,pop,0,2.084067,2017,2025,exact_normalized_name,matched
Queen,0383dadf-2a4e-4d10-a46a-e9e041da8eb3,Queen,queen,0,2.084067,2017,2025,exact_normalized_name,matched
Queen,0383dadf-2a4e-4d10-a46a-e9e041da8eb3,Queen,rx27,0,2.084067,2017,2025,exact_normalized_name,matched
Queen,0383dadf-2a4e-4d10-a46a-e9e041da8eb3,Queen,sa-town anthem,0,2.084067,2017,2025,exact_normalized_name,matched
Queen,0383dadf-2a4e-4d10-a46a-e9e041da8eb3,Queen,server name,0,2.084067,2017,2025,exact_normalized_name,matched
Queen,0383dadf-2a4e-4d10-a46a-e9e041da8eb3,Queen,arena rock,-1,2.084067,2017,2025,exact_normalized_name,matched
Queen,0383dadf-2a4e-4d10-a46a-e9e041da8eb3,Queen,awe︎some,-1,2.084067,2017,2025,exact_normalized_name,matched
Queen,0383dadf-2a4e-4d10-a46a-e9e041da8eb3,Queen,bombastic,-1,2.084067,2017,2025,exact_normalized_name,matched
Queen,0383dadf-2a4e-4d10-a46a-e9e041da8eb3,Queen,classic pop and rock,-1,2.084067,2017,2025,exact_normalized_name,matched
Queen,0383dadf-2a4e-4d10-a46a-e9e041da8eb3,Queen,langham 1 studio bbc,-1,2.084067,2017,2025,exact_normalized_name,matched
Queen,0383dadf-2a4e-4d10-a46a-e9e041da8eb3,Queen,platinum,-1,2.084067,2017,2025,exact_normalized_name,matched
Queen,0383dadf-2a4e-4d10-a46a-e9e041da8eb3,Queen,pop/rock,-1,2.084067,2017,2025,exact_normalized_name,matched
Queen,0383dadf-2a4e-4d10-a46a-e9e041da8eb3,Queen,queen family,-1,2.084067,2017,2025,exact_normalized_name,matched
Queen,0383dadf-2a4e-4d10-a46a-e9e041da8eb3,Queen,rhythmic,-1,2.084067,2017,2025,exact_normalized_name,matched
Queen,0383dadf-2a4e-4d10-a46a-e9e041da8eb3,Queen,uplifting,-1,2.084067,2017,2025,exact_normalized_name,matched
Queen,0383dadf-2a4e-4d10-a46a-e9e041da8eb3,Queen,pop-rock,-2,2.084067,2017,2025,exact_normalized_name,matched
Einmusik,a951f565-f3d0-4324-a3f9-3ab24617075b,Einmusik,melodic house,3,2.082433,2020,2025,exact_normalized_name,matched
Einmusik,a951f565-f3d0-4324-a3f9-3ab24617075b,Einmusik,melodic techno,3,2.082433,2020,2025,exact_normalized_name,matched
Einmusik,a951f565-f3d0-4324-a3f9-3ab24617075b,Einmusik,progressive house,3,2.082433,2020,2025,exact_normalized_name,matched
Einmusik,a951f565-f3d0-4324-a3f9-3ab24617075b,Einmusik,deep house,2,2.082433,2020,2025,exact_normalized_name,matched
Einmusik,a951f565-f3d0-4324-a3f9-3ab24617075b,Einmusik,house,2,2.082433,2020,2025,exact_normalized_name,matched
Einmusik,a951f565-f3d0-4324-a3f9-3ab24617075b,Einmusik,techno,2,2.082433,2020,2025,exact_normalized_name,matched
Einmusik,a951f565-f3d0-4324-a3f9-3ab24617075b,Einmusik,afro house,1,2.082433,2020,2025,exact_normalized_name,matched
Einmusik,a951f565-f3d0-4324-a3f9-3ab24617075b,Einmusik,dance,1,2.082433,2020,2025,exact_normalized_name,matched
Einmusik,a951f565-f3d0-4324-a3f9-3ab24617075b,Einmusik,edm,1,2.082433,2020,2025,exact_normalized_name,matched
Einmusik,a951f565-f3d0-4324-a3f9-3ab24617075b,Einmusik,electronic,1,2.082433,2020,2025,exact_normalized_name,matched
Einmusik,a951f565-f3d0-4324-a3f9-3ab24617075b,Einmusik,electronica,1,2.082433,2020,2025,exact_normalized_name,matched
Einmusik,a951f565-f3d0-4324-a3f9-3ab24617075b,Einmusik,minimal techno,1,2.082433,2020,2025,exact_normalized_name,matched
Einmusik,a951f565-f3d0-4324-a3f9-3ab24617075b,Einmusik,pop,1,2.082433,2020,2025,exact_normalized_name,matched
Einmusik,a951f565-f3d0-4324-a3f9-3ab24617075b,Einmusik,tech house,1,2.082433,2020,2025,exact_normalized_name,matched
Sam Paganini,f081ae3d-f05a-4124-94e7-fd801635837e,Sam Paganini,,,2.039266,2017,2025,exact_normalized_name,matched
Aventura,5f2cb99a-7e59-429f-a44d-3a880edccfb1,Aventura,bachata,2,2.037734,2018,2025,exact_normalized_name,matched
Aventura,5f2cb99a-7e59-429f-a44d-3a880edccfb1,Aventura,latin,2,2.037734,2018,2025,exact_normalized_name,matched
Aventura,5f2cb99a-7e59-429f-a44d-3a880edccfb1,Aventura,wisin y yandel,0,2.037734,2018,2025,exact_normalized_name,matched
"Wise ""the Gold Pen""",,,,,1.99552,2018,2025,no_result,not_found
Latmun,81691ab7-64b4-4152-9ded-69e3a94a8a1c,Latmun,,,1.991481,2018,2022,exact_normalized_name,matched
Wes Montgomery,663f8232-8c46-4851-803f-a91d31593b14,Wes Montgomery,jazz,7,1.971081,2024,2025,exact_normalized_name,matched
Wes Montgomery,663f8232-8c46-4851-803f-a91d31593b14,Wes Montgomery,hard bop,3,1.971081,2024,2025,exact_normalized_name,matched
Wes Montgomery,663f8232-8c46-4851-803f-a91d31593b14,Wes Montgomery,soul jazz,3,1.971081,2024,2025,exact_normalized_name,matched
Wes Montgomery,663f8232-8c46-4851-803f-a91d31593b14,Wes Montgomery,jazz pop,2,1.971081,2024,2025,exact_normalized_name,matched
Wes Montgomery,663f8232-8c46-4851-803f-a91d31593b14,Wes Montgomery,2008 universal fire victim,1,1.971081,2024,2025,exact_normalized_name,matched
Wes Montgomery,663f8232-8c46-4851-803f-a91d31593b14,Wes Montgomery,big band,1,1.971081,2024,2025,exact_normalized_name,matched
Wes Montgomery,663f8232-8c46-4851-803f-a91d31593b14,Wes Montgomery,latin jazz,1,1.971081,2024,2025,exact_normalized_name,matched
Wes Montgomery,663f8232-8c46-4851-803f-a91d31593b14,Wes Montgomery,american,0,1.971081,2024,2025,exact_normalized_name,matched
Wes Montgomery,663f8232-8c46-4851-803f-a91d31593b14,Wes Montgomery,contemporary jazz,0,1.971081,2024,2025,exact_normalized_name,matched
Wes Montgomery,663f8232-8c46-4851-803f-a91d31593b14,Wes Montgomery,crossover jazz,0,1.971081,2024,2025,exact_normalized_name,matched
Wes Montgomery,663f8232-8c46-4851-803f-a91d31593b14,Wes Montgomery,mainstream jazz,0,1.971081,2024,2025,exact_normalized_name,matched
Wes Montgomery,663f8232-8c46-4851-803f-a91d31593b14,Wes Montgomery,death by heart attack,-1,1.971081,2024,2025,exact_normalized_name,matched
Louis Armstrong,eea8a864-fcda-4602-9569-38ab446decd6,Louis Armstrong,jazz,12,1.970106,2023,2025,exact_normalized_name,matched
Louis Armstrong,eea8a864-fcda-4602-9569-38ab446decd6,Louis Armstrong,dixieland,5,1.970106,2023,2025,exact_normalized_name,matched
Louis Armstrong,eea8a864-fcda-4602-9569-38ab446decd6,Louis Armstrong,swing,4,1.970106,2023,2025,exact_normalized_name,matched
Louis Armstrong,eea8a864-fcda-4602-9569-38ab446decd6,Louis Armstrong,vocal jazz,3,1.970106,2023,2025,exact_normalized_name,matched
Louis Armstrong,eea8a864-fcda-4602-9569-38ab446decd6,Louis Armstrong,gospel,2,1.970106,2023,2025,exact_normalized_name,matched
Louis Armstrong,eea8a864-fcda-4602-9569-38ab446decd6,Louis Armstrong,traditional pop,2,1.970106,2023,2025,exact_normalized_name,matched
Louis Armstrong,eea8a864-fcda-4602-9569-38ab446decd6,Louis Armstrong,2008 universal fire victim,1,1.970106,2023,2025,exact_normalized_name,matched
Louis Armstrong,eea8a864-fcda-4602-9569-38ab446decd6,Louis Armstrong,pop,1,1.970106,2023,2025,exact_normalized_name,matched
Louis Armstrong,eea8a864-fcda-4602-9569-38ab446decd6,Louis Armstrong,aa0003000,0,1.970106,2023,2025,exact_normalized_name,matched
Louis Armstrong,eea8a864-fcda-4602-9569-38ab446decd6,Louis Armstrong,american,0,1.970106,2023,2025,exact_normalized_name,matched
Louis Armstrong,eea8a864-fcda-4602-9569-38ab446decd6,Louis Armstrong,classic pop and rock,0,1.970106,2023,2025,exact_normalized_name,matched
Louis Armstrong,eea8a864-fcda-4602-9569-38ab446decd6,Louis Armstrong,sm,0,1.970106,2023,2025,exact_normalized_name,matched
Louis Armstrong,eea8a864-fcda-4602-9569-38ab446decd6,Louis Armstrong,death by heart attack,-1,1.970106,2023,2025,exact_normalized_name,matched
Club Atlético Boca Juniors FanChants,,,,,1.956718,2018,2023,no_result,not_found
Kaiserdisco,ac4840b8-dd65-48d1-9d4a-8db33b94c54a,Kaiserdisco,,,1.954366,2018,2023,exact_normalized_name,matched
Guy Gerber,69c075c0-3c49-4143-8aa8-fdfbacac3b08,Guy Gerber,house,2,1.951887,2020,2025,exact_normalized_name,matched
Guy Gerber,69c075c0-3c49-4143-8aa8-fdfbacac3b08,Guy Gerber,techno,2,1.951887,2020,2025,exact_normalized_name,matched
Alex Gargolas,8adad0ba-68b3-40d2-853a-1e17604cec12,Alex Gárgolas,latin,1,1.950351,2020,2025,exact_normalized_name,matched
Alex Gargolas,8adad0ba-68b3-40d2-853a-1e17604cec12,Alex Gárgolas,reggaeton,1,1.950351,2020,2025,exact_normalized_name,matched
Ivan Armesto,e8261ac6-ba71-4598-8354-f4d901101ce0,Ivan Armesto,,,1.94732,2021,2024,exact_normalized_name,matched
Jennifer Lopez,f0602f55-1770-483d-89bd-4bae0d0ac086,Jennifer Lopez,pop,7,1.924322,2017,2024,exact_normalized_name,matched
Jennifer Lopez,f0602f55-1770-483d-89bd-4bae0d0ac086,Jennifer Lopez,latin pop,3,1.924322,2017,2024,exact_normalized_name,matched
Jennifer Lopez,f0602f55-1770-483d-89bd-4bae0d0ac086,Jennifer Lopez,contemporary r&b,1,1.924322,2017,2024,exact_normalized_name,matched
Jennifer Lopez,f0602f55-1770-483d-89bd-4bae0d0ac086,Jennifer Lopez,dance,1,1.924322,2017,2024,exact_normalized_name,matched
Jennifer Lopez,f0602f55-1770-483d-89bd-4bae0d0ac086,Jennifer Lopez,dance-pop,1,1.924322,2017,2024,exact_normalized_name,matched
Jennifer Lopez,f0602f55-1770-483d-89bd-4bae0d0ac086,Jennifer Lopez,electro house,1,1.924322,2017,2024,exact_normalized_name,matched
Jennifer Lopez,f0602f55-1770-483d-89bd-4bae0d0ac086,Jennifer Lopez,electronic,1,1.924322,2017,2024,exact_normalized_name,matched
Jennifer Lopez,f0602f55-1770-483d-89bd-4bae0d0ac086,Jennifer Lopez,latin,1,1.924322,2017,2024,exact_normalized_name,matched
Jennifer Lopez,f0602f55-1770-483d-89bd-4bae0d0ac086,Jennifer Lopez,pop rap,1,1.924322,2017,2024,exact_normalized_name,matched
Jennifer Lopez,f0602f55-1770-483d-89bd-4bae0d0ac086,Jennifer Lopez,reggaeton,1,1.924322,2017,2024,exact_normalized_name,matched
Jennifer Lopez,f0602f55-1770-483d-89bd-4bae0d0ac086,Jennifer Lopez,pop and chart,0,1.924322,2017,2024,exact_normalized_name,matched
Ice Cube,1d11e2a1-4531-4d61-a8c7-7b5c6a608fd2,Ice Cube,hip hop,7,1.908976,2017,2025,exact_normalized_name,matched
Ice Cube,1d11e2a1-4531-4d61-a8c7-7b5c6a608fd2,Ice Cube,gangsta rap,6,1.908976,2017,2025,exact_normalized_name,matched
Ice Cube,1d11e2a1-4531-4d61-a8c7-7b5c6a608fd2,Ice Cube,hardcore hip hop,5,1.908976,2017,2025,exact_normalized_name,matched
Ice Cube,1d11e2a1-4531-4d61-a8c7-7b5c6a608fd2,Ice Cube,west coast hip hop,5,1.908976,2017,2025,exact_normalized_name,matched
Ice Cube,1d11e2a1-4531-4d61-a8c7-7b5c6a608fd2,Ice Cube,political hip hop,1,1.908976,2017,2025,exact_normalized_name,matched
Ice Cube,1d11e2a1-4531-4d61-a8c7-7b5c6a608fd2,Ice Cube,american,0,1.908976,2017,2025,exact_normalized_name,matched
Ice Cube,1d11e2a1-4531-4d61-a8c7-7b5c6a608fd2,Ice Cube,boom bap,0,1.908976,2017,2025,exact_normalized_name,matched
Ice Cube,1d11e2a1-4531-4d61-a8c7-7b5c6a608fd2,Ice Cube,hip-hop,0,1.908976,2017,2025,exact_normalized_name,matched
Ice Cube,1d11e2a1-4531-4d61-a8c7-7b5c6a608fd2,Ice Cube,political rap,0,1.908976,2017,2025,exact_normalized_name,matched
Ice Cube,1d11e2a1-4531-4d61-a8c7-7b5c6a608fd2,Ice Cube,pop rap,0,1.908976,2017,2025,exact_normalized_name,matched
Ice Cube,1d11e2a1-4531-4d61-a8c7-7b5c6a608fd2,Ice Cube,relic inn,0,1.908976,2017,2025,exact_normalized_name,matched
Ice Cube,1d11e2a1-4531-4d61-a8c7-7b5c6a608fd2,Ice Cube,west coast hip-hop,0,1.908976,2017,2025,exact_normalized_name,matched
Ice Cube,1d11e2a1-4531-4d61-a8c7-7b5c6a608fd2,Ice Cube,hip hop rnb and dance hall,-1,1.908976,2017,2025,exact_normalized_name,matched
Patricio Rey y sus Redonditos de Ricota,956301d0-4b3c-4ffc-9898-b39305d25112,Patricio Rey y sus Redonditos de Ricota,rock,6,1.907832,2017,2025,exact_normalized_name,matched
Patricio Rey y sus Redonditos de Ricota,956301d0-4b3c-4ffc-9898-b39305d25112,Patricio Rey y sus Redonditos de Ricota,post-punk,4,1.907832,2017,2025,exact_normalized_name,matched
Patricio Rey y sus Redonditos de Ricota,956301d0-4b3c-4ffc-9898-b39305d25112,Patricio Rey y sus Redonditos de Ricota,alternative rock,3,1.907832,2017,2025,exact_normalized_name,matched
Patricio Rey y sus Redonditos de Ricota,956301d0-4b3c-4ffc-9898-b39305d25112,Patricio Rey y sus Redonditos de Ricota,blues rock,3,1.907832,2017,2025,exact_normalized_name,matched
Patricio Rey y sus Redonditos de Ricota,956301d0-4b3c-4ffc-9898-b39305d25112,Patricio Rey y sus Redonditos de Ricota,hard rock,2,1.907832,2017,2025,exact_normalized_name,matched
Patricio Rey y sus Redonditos de Ricota,956301d0-4b3c-4ffc-9898-b39305d25112,Patricio Rey y sus Redonditos de Ricota,latin rock,1,1.907832,2017,2025,exact_normalized_name,matched
Patricio Rey y sus Redonditos de Ricota,956301d0-4b3c-4ffc-9898-b39305d25112,Patricio Rey y sus Redonditos de Ricota,new wave,1,1.907832,2017,2025,exact_normalized_name,matched
Chemical Surf,d8010a8d-64d6-49b8-8977-1996c63e680e,Chemical Surf,,,1.907097,2018,2024,exact_normalized_name,matched
Kollektiv Turmstrasse,68205877-7c7b-45c7-adb6-2edb9b380e2f,Kollektiv Turmstrasse,electronic,1,1.895992,2019,2025,exact_normalized_name,matched
Kollektiv Turmstrasse,68205877-7c7b-45c7-adb6-2edb9b380e2f,Kollektiv Turmstrasse,electronica,1,1.895992,2019,2025,exact_normalized_name,matched
Kollektiv Turmstrasse,68205877-7c7b-45c7-adb6-2edb9b380e2f,Kollektiv Turmstrasse,techno,1,1.895992,2019,2025,exact_normalized_name,matched
The Who,9fdaa16b-a6c4-4831-b87c-bc9ca8ce7eaa,The Who,rock,22,1.870522,2017,2025,exact_normalized_name,matched
The Who,9fdaa16b-a6c4-4831-b87c-bc9ca8ce7eaa,The Who,hard rock,14,1.870522,2017,2025,exact_normalized_name,matched
The Who,9fdaa16b-a6c4-4831-b87c-bc9ca8ce7eaa,The Who,classic rock,11,1.870522,2017,2025,exact_normalized_name,matched
The Who,9fdaa16b-a6c4-4831-b87c-bc9ca8ce7eaa,The Who,mod,9,1.870522,2017,2025,exact_normalized_name,matched
The Who,9fdaa16b-a6c4-4831-b87c-bc9ca8ce7eaa,The Who,art rock,7,1.870522,2017,2025,exact_normalized_name,matched
The Who,9fdaa16b-a6c4-4831-b87c-bc9ca8ce7eaa,The Who,british,7,1.870522,2017,2025,exact_normalized_name,matched
The Who,9fdaa16b-a6c4-4831-b87c-bc9ca8ce7eaa,The Who,freakbeat,4,1.870522,2017,2025,exact_normalized_name,matched
The Who,9fdaa16b-a6c4-4831-b87c-bc9ca8ce7eaa,The Who,pop rock,4,1.870522,2017,2025,exact_normalized_name,matched
The Who,9fdaa16b-a6c4-4831-b87c-bc9ca8ce7eaa,The Who,rock opera,4,1.870522,2017,2025,exact_normalized_name,matched
The Who,9fdaa16b-a6c4-4831-b87c-bc9ca8ce7eaa,The Who,british invasion,2,1.870522,2017,2025,exact_normalized_name,matched
The Who,9fdaa16b-a6c4-4831-b87c-bc9ca8ce7eaa,The Who,british rhythm & blues,1,1.870522,2017,2025,exact_normalized_name,matched
The Who,9fdaa16b-a6c4-4831-b87c-bc9ca8ce7eaa,The Who,rock groups,1,1.870522,2017,2025,exact_normalized_name,matched
The Who,9fdaa16b-a6c4-4831-b87c-bc9ca8ce7eaa,The Who,2008 universal fire victim,0,1.870522,2017,2025,exact_normalized_name,matched
The Who,9fdaa16b-a6c4-4831-b87c-bc9ca8ce7eaa,The Who,art pop,0,1.870522,2017,2025,exact_normalized_name,matched
The Who,9fdaa16b-a6c4-4831-b87c-bc9ca8ce7eaa,The Who,beat music,0,1.870522,2017,2025,exact_normalized_name,matched
The Who,9fdaa16b-a6c4-4831-b87c-bc9ca8ce7eaa,The Who,classic pop and rock,0,1.870522,2017,2025,exact_normalized_name,matched
The Who,9fdaa16b-a6c4-4831-b87c-bc9ca8ce7eaa,The Who,english,0,1.870522,2017,2025,exact_normalized_name,matched
The Who,9fdaa16b-a6c4-4831-b87c-bc9ca8ce7eaa,The Who,garage rock,0,1.870522,2017,2025,exact_normalized_name,matched
The Who,9fdaa16b-a6c4-4831-b87c-bc9ca8ce7eaa,The Who,power pop,0,1.870522,2017,2025,exact_normalized_name,matched
The Who,9fdaa16b-a6c4-4831-b87c-bc9ca8ce7eaa,The Who,proto-prog,0,1.870522,2017,2025,exact_normalized_name,matched
The Who,9fdaa16b-a6c4-4831-b87c-bc9ca8ce7eaa,The Who,rock and roll,0,1.870522,2017,2025,exact_normalized_name,matched
The Who,9fdaa16b-a6c4-4831-b87c-bc9ca8ce7eaa,The Who,uk,0,1.870522,2017,2025,exact_normalized_name,matched
The Who,9fdaa16b-a6c4-4831-b87c-bc9ca8ce7eaa,The Who,britannique,-1,1.870522,2017,2025,exact_normalized_name,matched
The Who,9fdaa16b-a6c4-4831-b87c-bc9ca8ce7eaa,The Who,merseybeat,-1,1.870522,2017,2025,exact_normalized_name,matched
The Who,9fdaa16b-a6c4-4831-b87c-bc9ca8ce7eaa,The Who,psychedelic pop,-1,1.870522,2017,2025,exact_normalized_name,matched
The Who,9fdaa16b-a6c4-4831-b87c-bc9ca8ce7eaa,The Who,psychedelic rock,-1,1.870522,2017,2025,exact_normalized_name,matched
Oliver Schories,3d6c0a65-1cab-455c-9a18-52c6724f2029,Oliver Schories,deep house,1,1.860716,2020,2023,exact_normalized_name,matched
Oliver Schories,3d6c0a65-1cab-455c-9a18-52c6724f2029,Oliver Schories,house,1,1.860716,2020,2023,exact_normalized_name,matched
Oliver Schories,3d6c0a65-1cab-455c-9a18-52c6724f2029,Oliver Schories,melodic house,1,1.860716,2020,2023,exact_normalized_name,matched
Oliver Schories,3d6c0a65-1cab-455c-9a18-52c6724f2029,Oliver Schories,melodic techno,1,1.860716,2020,2023,exact_normalized_name,matched
Oliver Schories,3d6c0a65-1cab-455c-9a18-52c6724f2029,Oliver Schories,peak time techno,1,1.860716,2020,2023,exact_normalized_name,matched
Oliver Schories,3d6c0a65-1cab-455c-9a18-52c6724f2029,Oliver Schories,tech house,1,1.860716,2020,2023,exact_normalized_name,matched
Oliver Schories,3d6c0a65-1cab-455c-9a18-52c6724f2029,Oliver Schories,techno,1,1.860716,2020,2023,exact_normalized_name,matched
Martin Ikin,2e9daf40-e1df-4e6c-8a3d-796cfd890cce,Martin Ikin,,,1.859776,2019,2025,exact_normalized_name,matched
Claude VonStroke,c5439b13-b62b-4377-a2fb-1888ae85d498,Claude VonStroke,minimal,2,1.857435,2018,2025,exact_normalized_name,matched
Claude VonStroke,c5439b13-b62b-4377-a2fb-1888ae85d498,Claude VonStroke,tech house,2,1.857435,2018,2025,exact_normalized_name,matched
Claude VonStroke,c5439b13-b62b-4377-a2fb-1888ae85d498,Claude VonStroke,deep house,1,1.857435,2018,2025,exact_normalized_name,matched
Claude VonStroke,c5439b13-b62b-4377-a2fb-1888ae85d498,Claude VonStroke,house,1,1.857435,2018,2025,exact_normalized_name,matched
Claude VonStroke,c5439b13-b62b-4377-a2fb-1888ae85d498,Claude VonStroke,ghettotech,0,1.857435,2018,2025,exact_normalized_name,matched
Kölsch,556ee13f-1ef3-4cf0-a11e-1c71aff962d4,Kölsch,edm,1,1.851826,2022,2025,exact_normalized_name,matched
Kölsch,556ee13f-1ef3-4cf0-a11e-1c71aff962d4,Kölsch,house,1,1.851826,2022,2025,exact_normalized_name,matched
Scorpions,c3cceeed-3332-4cf0-8c4c-bbde425147b6,Scorpions,hard rock,23,1.851534,2017,2025,exact_normalized_name,matched
Scorpions,c3cceeed-3332-4cf0-8c4c-bbde425147b6,Scorpions,heavy metal,11,1.851534,2017,2025,exact_normalized_name,matched
Scorpions,c3cceeed-3332-4cf0-8c4c-bbde425147b6,Scorpions,german,4,1.851534,2017,2025,exact_normalized_name,matched
Scorpions,c3cceeed-3332-4cf0-8c4c-bbde425147b6,Scorpions,rock,4,1.851534,2017,2025,exact_normalized_name,matched
Scorpions,c3cceeed-3332-4cf0-8c4c-bbde425147b6,Scorpions,classic rock,3,1.851534,2017,2025,exact_normalized_name,matched
Scorpions,c3cceeed-3332-4cf0-8c4c-bbde425147b6,Scorpions,aor,2,1.851534,2017,2025,exact_normalized_name,matched
Scorpions,c3cceeed-3332-4cf0-8c4c-bbde425147b6,Scorpions,krautrock,1,1.851534,2017,2025,exact_normalized_name,matched
Scorpions,c3cceeed-3332-4cf0-8c4c-bbde425147b6,Scorpions,glam metal,0,1.851534,2017,2025,exact_normalized_name,matched
Scorpions,c3cceeed-3332-4cf0-8c4c-bbde425147b6,Scorpions,metal,0,1.851534,2017,2025,exact_normalized_name,matched
Scorpions,c3cceeed-3332-4cf0-8c4c-bbde425147b6,Scorpions,progressive rock,0,1.851534,2017,2025,exact_normalized_name,matched
Scorpions,c3cceeed-3332-4cf0-8c4c-bbde425147b6,Scorpions,70's,-1,1.851534,2017,2025,exact_normalized_name,matched
Scorpions,c3cceeed-3332-4cf0-8c4c-bbde425147b6,Scorpions,80's,-1,1.851534,2017,2025,exact_normalized_name,matched
Scorpions,c3cceeed-3332-4cf0-8c4c-bbde425147b6,Scorpions,acoustic rock,-1,1.851534,2017,2025,exact_normalized_name,matched
Scorpions,c3cceeed-3332-4cf0-8c4c-bbde425147b6,Scorpions,alemanha,-1,1.851534,2017,2025,exact_normalized_name,matched
Scorpions,c3cceeed-3332-4cf0-8c4c-bbde425147b6,Scorpions,aln-sh,-1,1.851534,2017,2025,exact_normalized_name,matched
Scorpions,c3cceeed-3332-4cf0-8c4c-bbde425147b6,Scorpions,european,-1,1.851534,2017,2025,exact_normalized_name,matched
Scorpions,c3cceeed-3332-4cf0-8c4c-bbde425147b6,Scorpions,hairmetal,-1,1.851534,2017,2025,exact_normalized_name,matched
Scorpions,c3cceeed-3332-4cf0-8c4c-bbde425147b6,Scorpions,loriel,-1,1.851534,2017,2025,exact_normalized_name,matched
Scorpions,c3cceeed-3332-4cf0-8c4c-bbde425147b6,Scorpions,pop rock,-1,1.851534,2017,2025,exact_normalized_name,matched
Scorpions,c3cceeed-3332-4cf0-8c4c-bbde425147b6,Scorpions,power metal,-1,1.851534,2017,2025,exact_normalized_name,matched
Scorpions,c3cceeed-3332-4cf0-8c4c-bbde425147b6,Scorpions,70s,-2,1.851534,2017,2025,exact_normalized_name,matched
Scorpions,c3cceeed-3332-4cf0-8c4c-bbde425147b6,Scorpions,80s,-2,1.851534,2017,2025,exact_normalized_name,matched
Dimmish,4fe466aa-a958-45ec-8e5a-e731ee42a6f7,Dimmish,,,1.848279,2019,2025,exact_normalized_name,matched
Radiohead,a74b1b7f-71a5-4011-9441-d0b5e4122711,Radiohead,alternative rock,42,1.846093,2017,2025,exact_normalized_name,matched
Radiohead,a74b1b7f-71a5-4011-9441-d0b5e4122711,Radiohead,art rock,29,1.846093,2017,2025,exact_normalized_name,matched
Radiohead,a74b1b7f-71a5-4011-9441-d0b5e4122711,Radiohead,rock,18,1.846093,2017,2025,exact_normalized_name,matched
Radiohead,a74b1b7f-71a5-4011-9441-d0b5e4122711,Radiohead,british,14,1.846093,2017,2025,exact_normalized_name,matched
Radiohead,a74b1b7f-71a5-4011-9441-d0b5e4122711,Radiohead,experimental rock,14,1.846093,2017,2025,exact_normalized_name,matched
Radiohead,a74b1b7f-71a5-4011-9441-d0b5e4122711,Radiohead,electronic,13,1.846093,2017,2025,exact_normalized_name,matched
Radiohead,a74b1b7f-71a5-4011-9441-d0b5e4122711,Radiohead,indie rock,4,1.846093,2017,2025,exact_normalized_name,matched
Radiohead,a74b1b7f-71a5-4011-9441-d0b5e4122711,Radiohead,art pop,3,1.846093,2017,2025,exact_normalized_name,matched
Radiohead,a74b1b7f-71a5-4011-9441-d0b5e4122711,Radiohead,alternative,2,1.846093,2017,2025,exact_normalized_name,matched
Radiohead,a74b1b7f-71a5-4011-9441-d0b5e4122711,Radiohead,alternative rock music,2,1.846093,2017,2025,exact_normalized_name,matched
Radiohead,a74b1b7f-71a5-4011-9441-d0b5e4122711,Radiohead,electronica,2,1.846093,2017,2025,exact_normalized_name,matched
Radiohead,a74b1b7f-71a5-4011-9441-d0b5e4122711,Radiohead,experimental,2,1.846093,2017,2025,exact_normalized_name,matched
Radiohead,a74b1b7f-71a5-4011-9441-d0b5e4122711,Radiohead,post-britpop,2,1.846093,2017,2025,exact_normalized_name,matched
Radiohead,a74b1b7f-71a5-4011-9441-d0b5e4122711,Radiohead,progressive rock music,2,1.846093,2017,2025,exact_normalized_name,matched
Radiohead,a74b1b7f-71a5-4011-9441-d0b5e4122711,Radiohead,ambient pop,1,1.846093,2017,2025,exact_normalized_name,matched
Radiohead,a74b1b7f-71a5-4011-9441-d0b5e4122711,Radiohead,britpop,1,1.846093,2017,2025,exact_normalized_name,matched
Radiohead,a74b1b7f-71a5-4011-9441-d0b5e4122711,Radiohead,britrock,1,1.846093,2017,2025,exact_normalized_name,matched
Radiohead,a74b1b7f-71a5-4011-9441-d0b5e4122711,Radiohead,chamber pop,1,1.846093,2017,2025,exact_normalized_name,matched
Radiohead,a74b1b7f-71a5-4011-9441-d0b5e4122711,Radiohead,crossover prog,1,1.846093,2017,2025,exact_normalized_name,matched
Radiohead,a74b1b7f-71a5-4011-9441-d0b5e4122711,Radiohead,electronic rock,1,1.846093,2017,2025,exact_normalized_name,matched
Radiohead,a74b1b7f-71a5-4011-9441-d0b5e4122711,Radiohead,english,1,1.846093,2017,2025,exact_normalized_name,matched
Radiohead,a74b1b7f-71a5-4011-9441-d0b5e4122711,Radiohead,idm,1,1.846093,2017,2025,exact_normalized_name,matched
Radiohead,a74b1b7f-71a5-4011-9441-d0b5e4122711,Radiohead,indietronica,1,1.846093,2017,2025,exact_normalized_name,matched
Radiohead,a74b1b7f-71a5-4011-9441-d0b5e4122711,Radiohead,oxford,1,1.846093,2017,2025,exact_normalized_name,matched
Radiohead,a74b1b7f-71a5-4011-9441-d0b5e4122711,Radiohead,post-grunge,1,1.846093,2017,2025,exact_normalized_name,matched
Radiohead,a74b1b7f-71a5-4011-9441-d0b5e4122711,Radiohead,uk,1,1.846093,2017,2025,exact_normalized_name,matched
Radiohead,a74b1b7f-71a5-4011-9441-d0b5e4122711,Radiohead,vyrzukhisuc-artiest,1,1.846093,2017,2025,exact_normalized_name,matched
Radiohead,a74b1b7f-71a5-4011-9441-d0b5e4122711,Radiohead,bootleg,0,1.846093,2017,2025,exact_normalized_name,matched
Radiohead,a74b1b7f-71a5-4011-9441-d0b5e4122711,Radiohead,britannique,0,1.846093,2017,2025,exact_normalized_name,matched
Radiohead,a74b1b7f-71a5-4011-9441-d0b5e4122711,Radiohead,grunge,0,1.846093,2017,2025,exact_normalized_name,matched
Radiohead,a74b1b7f-71a5-4011-9441-d0b5e4122711,Radiohead,lolicore,0,1.846093,2017,2025,exact_normalized_name,matched
Radiohead,a74b1b7f-71a5-4011-9441-d0b5e4122711,Radiohead,melancholic,0,1.846093,2017,2025,exact_normalized_name,matched
Radiohead,a74b1b7f-71a5-4011-9441-d0b5e4122711,Radiohead,new grave,0,1.846093,2017,2025,exact_normalized_name,matched
Radiohead,a74b1b7f-71a5-4011-9441-d0b5e4122711,Radiohead,nude,0,1.846093,2017,2025,exact_normalized_name,matched
Radiohead,a74b1b7f-71a5-4011-9441-d0b5e4122711,Radiohead,parlophone,0,1.846093,2017,2025,exact_normalized_name,matched
Radiohead,a74b1b7f-71a5-4011-9441-d0b5e4122711,Radiohead,post-rock,0,1.846093,2017,2025,exact_normalized_name,matched
Radiohead,a74b1b7f-71a5-4011-9441-d0b5e4122711,Radiohead,rock and indie,0,1.846093,2017,2025,exact_normalized_name,matched
Radiohead,a74b1b7f-71a5-4011-9441-d0b5e4122711,Radiohead,trap edm,0,1.846093,2017,2025,exact_normalized_name,matched
Radiohead,a74b1b7f-71a5-4011-9441-d0b5e4122711,Radiohead,1992-1998,-1,1.846093,2017,2025,exact_normalized_name,matched
Radiohead,a74b1b7f-71a5-4011-9441-d0b5e4122711,Radiohead,c’était mieux avant,-1,1.846093,2017,2025,exact_normalized_name,matched
Radiohead,a74b1b7f-71a5-4011-9441-d0b5e4122711,Radiohead,england,-1,1.846093,2017,2025,exact_normalized_name,matched
Radiohead,a74b1b7f-71a5-4011-9441-d0b5e4122711,Radiohead,sacred cows,-1,1.846093,2017,2025,exact_normalized_name,matched
Popof,8843506e-5cdb-4daa-856b-3613762e31bd,Popof,techno,1,1.845564,2018,2024,exact_normalized_name,matched
KHEA,f222364e-abef-48a2-b440-5525ee985cb5,KHEA,trap latino,1,1.842623,2018,2024,exact_normalized_name,matched
Led Zeppelin,678d88b2-87b0-403b-b63d-5da7465aecc3,Led Zeppelin,hard rock,35,1.839281,2017,2025,exact_normalized_name,matched
Led Zeppelin,678d88b2-87b0-403b-b63d-5da7465aecc3,Led Zeppelin,rock,24,1.839281,2017,2025,exact_normalized_name,matched
Led Zeppelin,678d88b2-87b0-403b-b63d-5da7465aecc3,Led Zeppelin,blues rock,19,1.839281,2017,2025,exact_normalized_name,matched
Led Zeppelin,678d88b2-87b0-403b-b63d-5da7465aecc3,Led Zeppelin,classic rock,9,1.839281,2017,2025,exact_normalized_name,matched
Led Zeppelin,678d88b2-87b0-403b-b63d-5da7465aecc3,Led Zeppelin,folk rock,6,1.839281,2017,2025,exact_normalized_name,matched
Led Zeppelin,678d88b2-87b0-403b-b63d-5da7465aecc3,Led Zeppelin,british,5,1.839281,2017,2025,exact_normalized_name,matched
Led Zeppelin,678d88b2-87b0-403b-b63d-5da7465aecc3,Led Zeppelin,heavy metal,5,1.839281,2017,2025,exact_normalized_name,matched
Led Zeppelin,678d88b2-87b0-403b-b63d-5da7465aecc3,Led Zeppelin,arena rock,3,1.839281,2017,2025,exact_normalized_name,matched
Led Zeppelin,678d88b2-87b0-403b-b63d-5da7465aecc3,Led Zeppelin,album rock,1,1.839281,2017,2025,exact_normalized_name,matched
Led Zeppelin,678d88b2-87b0-403b-b63d-5da7465aecc3,Led Zeppelin,blues-rock,1,1.839281,2017,2025,exact_normalized_name,matched
Led Zeppelin,678d88b2-87b0-403b-b63d-5da7465aecc3,Led Zeppelin,british metal,1,1.839281,2017,2025,exact_normalized_name,matched
Led Zeppelin,678d88b2-87b0-403b-b63d-5da7465aecc3,Led Zeppelin,pop,1,1.839281,2017,2025,exact_normalized_name,matched
Led Zeppelin,678d88b2-87b0-403b-b63d-5da7465aecc3,Led Zeppelin,progressive rock,1,1.839281,2017,2025,exact_normalized_name,matched
Led Zeppelin,678d88b2-87b0-403b-b63d-5da7465aecc3,Led Zeppelin,regional blues,1,1.839281,2017,2025,exact_normalized_name,matched
Led Zeppelin,678d88b2-87b0-403b-b63d-5da7465aecc3,Led Zeppelin,rock and roll,1,1.839281,2017,2025,exact_normalized_name,matched
Led Zeppelin,678d88b2-87b0-403b-b63d-5da7465aecc3,Led Zeppelin,blues,0,1.839281,2017,2025,exact_normalized_name,matched
Led Zeppelin,678d88b2-87b0-403b-b63d-5da7465aecc3,Led Zeppelin,british blues,0,1.839281,2017,2025,exact_normalized_name,matched
Led Zeppelin,678d88b2-87b0-403b-b63d-5da7465aecc3,Led Zeppelin,prog related,0,1.839281,2017,2025,exact_normalized_name,matched
Led Zeppelin,678d88b2-87b0-403b-b63d-5da7465aecc3,Led Zeppelin,reino unido,0,1.839281,2017,2025,exact_normalized_name,matched
Led Zeppelin,678d88b2-87b0-403b-b63d-5da7465aecc3,Led Zeppelin,classic pop and rock,-1,1.839281,2017,2025,exact_normalized_name,matched
Led Zeppelin,678d88b2-87b0-403b-b63d-5da7465aecc3,Led Zeppelin,english,-1,1.839281,2017,2025,exact_normalized_name,matched
Led Zeppelin,678d88b2-87b0-403b-b63d-5da7465aecc3,Led Zeppelin,folk,-1,1.839281,2017,2025,exact_normalized_name,matched
Led Zeppelin,678d88b2-87b0-403b-b63d-5da7465aecc3,Led Zeppelin,metal,-1,1.839281,2017,2025,exact_normalized_name,matched
Led Zeppelin,678d88b2-87b0-403b-b63d-5da7465aecc3,Led Zeppelin,uk,-1,1.839281,2017,2025,exact_normalized_name,matched
Led Zeppelin,678d88b2-87b0-403b-b63d-5da7465aecc3,Led Zeppelin,zoo,-1,1.839281,2017,2025,exact_normalized_name,matched
Led Zeppelin,678d88b2-87b0-403b-b63d-5da7465aecc3,Led Zeppelin,band,-2,1.839281,2017,2025,exact_normalized_name,matched
Led Zeppelin,678d88b2-87b0-403b-b63d-5da7465aecc3,Led Zeppelin,led zeppelin,-2,1.839281,2017,2025,exact_normalized_name,matched
Led Zeppelin,678d88b2-87b0-403b-b63d-5da7465aecc3,Led Zeppelin,persistence,-2,1.839281,2017,2025,exact_normalized_name,matched
Led Zeppelin,678d88b2-87b0-403b-b63d-5da7465aecc3,Led Zeppelin,want to listen,-2,1.839281,2017,2025,exact_normalized_name,matched
Led Zeppelin,678d88b2-87b0-403b-b63d-5da7465aecc3,Led Zeppelin,usa,-3,1.839281,2017,2025,exact_normalized_name,matched
Led Zeppelin,678d88b2-87b0-403b-b63d-5da7465aecc3,Led Zeppelin,american,-4,1.839281,2017,2025,exact_normalized_name,matched
Led Zeppelin,678d88b2-87b0-403b-b63d-5da7465aecc3,Led Zeppelin,film soundtrack,-4,1.839281,2017,2025,exact_normalized_name,matched
Led Zeppelin,678d88b2-87b0-403b-b63d-5da7465aecc3,Led Zeppelin,pop rock,-4,1.839281,2017,2025,exact_normalized_name,matched
Led Zeppelin,678d88b2-87b0-403b-b63d-5da7465aecc3,Led Zeppelin,américain,-5,1.839281,2017,2025,exact_normalized_name,matched
Mirco Caruso,7f4382c5-b493-4e31-971f-afd1b27dc7d9,Mirco Caruso,,,1.830367,2017,2024,exact_normalized_name,matched
Wisin & Yandel,3deeb747-c228-4d33-9892-f0aa081783c3,Wisin & Yandel,reggaeton,2,1.824361,2017,2025,exact_normalized_name,matched
Wisin & Yandel,3deeb747-c228-4d33-9892-f0aa081783c3,Wisin & Yandel,latin,1,1.824361,2017,2025,exact_normalized_name,matched
Wisin & Yandel,3deeb747-c228-4d33-9892-f0aa081783c3,Wisin & Yandel,latin urban,1,1.824361,2017,2025,exact_normalized_name,matched
Wisin & Yandel,3deeb747-c228-4d33-9892-f0aa081783c3,Wisin & Yandel,reggaetón,0,1.824361,2017,2025,exact_normalized_name,matched
Mario Luis,6973d31a-bf86-42c0-907c-6f336fbee0fb,Mario Luis,cumbia,1,1.808634,2018,2025,exact_normalized_name,matched
Ten Walls,c167313f-1922-485a-960e-72614ea93006,Ten Walls,electronic,1,1.802347,2020,2025,exact_normalized_name,matched
Jamiroquai,f4857fb9-e255-4dc6-bd01-e4ca7cc68544,Jamiroquai,acid jazz,11,1.802206,2017,2025,exact_normalized_name,matched
Jamiroquai,f4857fb9-e255-4dc6-bd01-e4ca7cc68544,Jamiroquai,funk,6,1.802206,2017,2025,exact_normalized_name,matched
Jamiroquai,f4857fb9-e255-4dc6-bd01-e4ca7cc68544,Jamiroquai,british,1,1.802206,2017,2025,exact_normalized_name,matched
Jamiroquai,f4857fb9-e255-4dc6-bd01-e4ca7cc68544,Jamiroquai,disco,1,1.802206,2017,2025,exact_normalized_name,matched
Jamiroquai,f4857fb9-e255-4dc6-bd01-e4ca7cc68544,Jamiroquai,house,1,1.802206,2017,2025,exact_normalized_name,matched
Jamiroquai,f4857fb9-e255-4dc6-bd01-e4ca7cc68544,Jamiroquai,nuno,1,1.802206,2017,2025,exact_normalized_name,matched
Jamiroquai,f4857fb9-e255-4dc6-bd01-e4ca7cc68544,Jamiroquai,r&b,1,1.802206,2017,2025,exact_normalized_name,matched
Jamiroquai,f4857fb9-e255-4dc6-bd01-e4ca7cc68544,Jamiroquai,rhythm and blues music,1,1.802206,2017,2025,exact_normalized_name,matched
Jamiroquai,f4857fb9-e255-4dc6-bd01-e4ca7cc68544,Jamiroquai,rock music,1,1.802206,2017,2025,exact_normalized_name,matched
Jamiroquai,f4857fb9-e255-4dc6-bd01-e4ca7cc68544,Jamiroquai,classic pop and rock,0,1.802206,2017,2025,exact_normalized_name,matched
Jamiroquai,f4857fb9-e255-4dc6-bd01-e4ca7cc68544,Jamiroquai,dance-pop,0,1.802206,2017,2025,exact_normalized_name,matched
Jamiroquai,f4857fb9-e255-4dc6-bd01-e4ca7cc68544,Jamiroquai,electro-disco,0,1.802206,2017,2025,exact_normalized_name,matched
Jamiroquai,f4857fb9-e255-4dc6-bd01-e4ca7cc68544,Jamiroquai,electronic,0,1.802206,2017,2025,exact_normalized_name,matched
Jamiroquai,f4857fb9-e255-4dc6-bd01-e4ca7cc68544,Jamiroquai,electronica,0,1.802206,2017,2025,exact_normalized_name,matched
Jamiroquai,f4857fb9-e255-4dc6-bd01-e4ca7cc68544,Jamiroquai,english,0,1.802206,2017,2025,exact_normalized_name,matched
Jamiroquai,f4857fb9-e255-4dc6-bd01-e4ca7cc68544,Jamiroquai,nu disco,0,1.802206,2017,2025,exact_normalized_name,matched
Jamiroquai,f4857fb9-e255-4dc6-bd01-e4ca7cc68544,Jamiroquai,rock,0,1.802206,2017,2025,exact_normalized_name,matched
Jamiroquai,f4857fb9-e255-4dc6-bd01-e4ca7cc68544,Jamiroquai,soul,0,1.802206,2017,2025,exact_normalized_name,matched
Jamiroquai,f4857fb9-e255-4dc6-bd01-e4ca7cc68544,Jamiroquai,synth funk,0,1.802206,2017,2025,exact_normalized_name,matched
Jamiroquai,f4857fb9-e255-4dc6-bd01-e4ca7cc68544,Jamiroquai,uk,0,1.802206,2017,2025,exact_normalized_name,matched
Jamiroquai,f4857fb9-e255-4dc6-bd01-e4ca7cc68544,Jamiroquai,jazz,-1,1.802206,2017,2025,exact_normalized_name,matched
Jamiroquai,f4857fb9-e255-4dc6-bd01-e4ca7cc68544,Jamiroquai,pop,-1,1.802206,2017,2025,exact_normalized_name,matched
Robbie Williams,db4624cf-0e44-481e-a9dc-2142b833ec2f,Robbie Williams,pop,11,1.768698,2017,2025,exact_normalized_name,matched
Robbie Williams,db4624cf-0e44-481e-a9dc-2142b833ec2f,Robbie Williams,britpop,6,1.768698,2017,2025,exact_normalized_name,matched
Robbie Williams,db4624cf-0e44-481e-a9dc-2142b833ec2f,Robbie Williams,pop rock,3,1.768698,2017,2025,exact_normalized_name,matched
Robbie Williams,db4624cf-0e44-481e-a9dc-2142b833ec2f,Robbie Williams,rock,3,1.768698,2017,2025,exact_normalized_name,matched
Robbie Williams,db4624cf-0e44-481e-a9dc-2142b833ec2f,Robbie Williams,adult contemporary,2,1.768698,2017,2025,exact_normalized_name,matched
Robbie Williams,db4624cf-0e44-481e-a9dc-2142b833ec2f,Robbie Williams,swing,2,1.768698,2017,2025,exact_normalized_name,matched
Robbie Williams,db4624cf-0e44-481e-a9dc-2142b833ec2f,Robbie Williams,alternative rock,1,1.768698,2017,2025,exact_normalized_name,matched
Robbie Williams,db4624cf-0e44-481e-a9dc-2142b833ec2f,Robbie Williams,british,1,1.768698,2017,2025,exact_normalized_name,matched
Robbie Williams,db4624cf-0e44-481e-a9dc-2142b833ec2f,Robbie Williams,dance-pop,1,1.768698,2017,2025,exact_normalized_name,matched
Robbie Williams,db4624cf-0e44-481e-a9dc-2142b833ec2f,Robbie Williams,male vocalists,1,1.768698,2017,2025,exact_normalized_name,matched
Robbie Williams,db4624cf-0e44-481e-a9dc-2142b833ec2f,Robbie Williams,singer-songwriter,1,1.768698,2017,2025,exact_normalized_name,matched
Robbie Williams,db4624cf-0e44-481e-a9dc-2142b833ec2f,Robbie Williams,standards,1,1.768698,2017,2025,exact_normalized_name,matched
Robbie Williams,db4624cf-0e44-481e-a9dc-2142b833ec2f,Robbie Williams,dance,0,1.768698,2017,2025,exact_normalized_name,matched
Robbie Williams,db4624cf-0e44-481e-a9dc-2142b833ec2f,Robbie Williams,pop and chart,0,1.768698,2017,2025,exact_normalized_name,matched
Pearl Jam,83b9cbe7-9857-49e2-ab8e-b57b01038103,Pearl Jam,grunge,32,1.755611,2017,2025,exact_normalized_name,matched
Pearl Jam,83b9cbe7-9857-49e2-ab8e-b57b01038103,Pearl Jam,alternative rock,19,1.755611,2017,2025,exact_normalized_name,matched
Pearl Jam,83b9cbe7-9857-49e2-ab8e-b57b01038103,Pearl Jam,rock,8,1.755611,2017,2025,exact_normalized_name,matched
Pearl Jam,83b9cbe7-9857-49e2-ab8e-b57b01038103,Pearl Jam,hard rock,7,1.755611,2017,2025,exact_normalized_name,matched
Pearl Jam,83b9cbe7-9857-49e2-ab8e-b57b01038103,Pearl Jam,seattle,7,1.755611,2017,2025,exact_normalized_name,matched
Pearl Jam,83b9cbe7-9857-49e2-ab8e-b57b01038103,Pearl Jam,usa,4,1.755611,2017,2025,exact_normalized_name,matched
Pearl Jam,83b9cbe7-9857-49e2-ab8e-b57b01038103,Pearl Jam,classic rock,2,1.755611,2017,2025,exact_normalized_name,matched
Pearl Jam,83b9cbe7-9857-49e2-ab8e-b57b01038103,Pearl Jam,experimental rock,2,1.755611,2017,2025,exact_normalized_name,matched
Pearl Jam,83b9cbe7-9857-49e2-ab8e-b57b01038103,Pearl Jam,funk rock,2,1.755611,2017,2025,exact_normalized_name,matched
Pearl Jam,83b9cbe7-9857-49e2-ab8e-b57b01038103,Pearl Jam,indie rock,2,1.755611,2017,2025,exact_normalized_name,matched
Pearl Jam,83b9cbe7-9857-49e2-ab8e-b57b01038103,Pearl Jam,pop rock,2,1.755611,2017,2025,exact_normalized_name,matched
Pearl Jam,83b9cbe7-9857-49e2-ab8e-b57b01038103,Pearl Jam,rock and indie,2,1.755611,2017,2025,exact_normalized_name,matched
Pearl Jam,83b9cbe7-9857-49e2-ab8e-b57b01038103,Pearl Jam,acoustic rock,1,1.755611,2017,2025,exact_normalized_name,matched
Pearl Jam,83b9cbe7-9857-49e2-ab8e-b57b01038103,Pearl Jam,art rock,1,1.755611,2017,2025,exact_normalized_name,matched
Pearl Jam,83b9cbe7-9857-49e2-ab8e-b57b01038103,Pearl Jam,bridge,1,1.755611,2017,2025,exact_normalized_name,matched
Pearl Jam,83b9cbe7-9857-49e2-ab8e-b57b01038103,Pearl Jam,christmas singles,1,1.755611,2017,2025,exact_normalized_name,matched
Pearl Jam,83b9cbe7-9857-49e2-ab8e-b57b01038103,Pearl Jam,estados unidos,1,1.755611,2017,2025,exact_normalized_name,matched
Pearl Jam,83b9cbe7-9857-49e2-ab8e-b57b01038103,Pearl Jam,post-grunge,1,1.755611,2017,2025,exact_normalized_name,matched
Pearl Jam,83b9cbe7-9857-49e2-ab8e-b57b01038103,Pearl Jam,american,0,1.755611,2017,2025,exact_normalized_name,matched
Pearl Jam,83b9cbe7-9857-49e2-ab8e-b57b01038103,Pearl Jam,immortality,0,1.755611,2017,2025,exact_normalized_name,matched
Pearl Jam,83b9cbe7-9857-49e2-ab8e-b57b01038103,Pearl Jam,twenty,0,1.755611,2017,2025,exact_normalized_name,matched
Pearl Jam,83b9cbe7-9857-49e2-ab8e-b57b01038103,Pearl Jam,vyrzukhisuc-artiest,0,1.755611,2017,2025,exact_normalized_name,matched
Durante,d768017f-0c79-48d3-93db-2c3f742db618,Durante,progressive house,2,1.742153,2020,2025,exact_normalized_name,matched
Durante,d768017f-0c79-48d3-93db-2c3f742db618,Durante,dance,0,1.742153,2020,2025,exact_normalized_name,matched
Durante,d768017f-0c79-48d3-93db-2c3f742db618,Durante,deep house,0,1.742153,2020,2025,exact_normalized_name,matched
Durante,d768017f-0c79-48d3-93db-2c3f742db618,Durante,downtempo,0,1.742153,2020,2025,exact_normalized_name,matched
Durante,d768017f-0c79-48d3-93db-2c3f742db618,Durante,edm,0,1.742153,2020,2025,exact_normalized_name,matched
Durante,d768017f-0c79-48d3-93db-2c3f742db618,Durante,electronica,0,1.742153,2020,2025,exact_normalized_name,matched
Durante,d768017f-0c79-48d3-93db-2c3f742db618,Durante,house,0,1.742153,2020,2025,exact_normalized_name,matched
Durante,d768017f-0c79-48d3-93db-2c3f742db618,Durante,indie dance,0,1.742153,2020,2025,exact_normalized_name,matched
Durante,d768017f-0c79-48d3-93db-2c3f742db618,Durante,melodic house,0,1.742153,2020,2025,exact_normalized_name,matched
Durante,d768017f-0c79-48d3-93db-2c3f742db618,Durante,melodic techno,0,1.742153,2020,2025,exact_normalized_name,matched
Durante,d768017f-0c79-48d3-93db-2c3f742db618,Durante,organic house,0,1.742153,2020,2025,exact_normalized_name,matched
Durante,d768017f-0c79-48d3-93db-2c3f742db618,Durante,pop,0,1.742153,2020,2025,exact_normalized_name,matched
Durante,d768017f-0c79-48d3-93db-2c3f742db618,Durante,tech house,0,1.742153,2020,2025,exact_normalized_name,matched
Durante,d768017f-0c79-48d3-93db-2c3f742db618,Durante,techno,0,1.742153,2020,2025,exact_normalized_name,matched
TREASURE SERIES,2e7589c1-7149-418a-9644-26408bd26457,TREASURE SERIES,,,1.734969,2022,2025,exact_normalized_name,matched
Calle 13,5be7d200-5499-4bba-b29b-1ac554199d23,Calle 13,hip hop,2,1.728336,2017,2025,exact_normalized_name,matched
Calle 13,5be7d200-5499-4bba-b29b-1ac554199d23,Calle 13,alternative hip hop,0,1.728336,2017,2025,exact_normalized_name,matched
Calle 13,5be7d200-5499-4bba-b29b-1ac554199d23,Calle 13,comedy hip hop,0,1.728336,2017,2025,exact_normalized_name,matched
Calle 13,5be7d200-5499-4bba-b29b-1ac554199d23,Calle 13,latin,0,1.728336,2017,2025,exact_normalized_name,matched
Calle 13,5be7d200-5499-4bba-b29b-1ac554199d23,Calle 13,rock,0,1.728336,2017,2025,exact_normalized_name,matched
Julian Jeweil,8355538f-34f1-4347-a090-5f1bd259c41a,Julian Jeweil,,,1.715137,2017,2022,exact_normalized_name,matched
Yotto,7355a02a-b14a-4719-aa09-477b1964b2a3,YOTTO,deep house,2,1.708574,2020,2025,exact_normalized_name,matched
Yotto,7355a02a-b14a-4719-aa09-477b1964b2a3,YOTTO,house,2,1.708574,2020,2025,exact_normalized_name,matched
Yotto,7355a02a-b14a-4719-aa09-477b1964b2a3,YOTTO,progressive house,2,1.708574,2020,2025,exact_normalized_name,matched
Yotto,7355a02a-b14a-4719-aa09-477b1964b2a3,YOTTO,dance,1,1.708574,2020,2025,exact_normalized_name,matched
Yotto,7355a02a-b14a-4719-aa09-477b1964b2a3,YOTTO,downtempo,1,1.708574,2020,2025,exact_normalized_name,matched
Yotto,7355a02a-b14a-4719-aa09-477b1964b2a3,YOTTO,edm,1,1.708574,2020,2025,exact_normalized_name,matched
Yotto,7355a02a-b14a-4719-aa09-477b1964b2a3,YOTTO,electronica,1,1.708574,2020,2025,exact_normalized_name,matched
Yotto,7355a02a-b14a-4719-aa09-477b1964b2a3,YOTTO,fixme,1,1.708574,2020,2025,exact_normalized_name,matched
Yotto,7355a02a-b14a-4719-aa09-477b1964b2a3,YOTTO,melodic house,1,1.708574,2020,2025,exact_normalized_name,matched
Yotto,7355a02a-b14a-4719-aa09-477b1964b2a3,YOTTO,melodic techno,1,1.708574,2020,2025,exact_normalized_name,matched
Yotto,7355a02a-b14a-4719-aa09-477b1964b2a3,YOTTO,organic house,1,1.708574,2020,2025,exact_normalized_name,matched
Yotto,7355a02a-b14a-4719-aa09-477b1964b2a3,YOTTO,pop,1,1.708574,2020,2025,exact_normalized_name,matched
Yotto,7355a02a-b14a-4719-aa09-477b1964b2a3,YOTTO,techno,1,1.708574,2020,2025,exact_normalized_name,matched
Yotto,7355a02a-b14a-4719-aa09-477b1964b2a3,YOTTO,trance,1,1.708574,2020,2025,exact_normalized_name,matched
Bizarrap,3b6abaef-febf-4cfe-943f-6a20cf0afdad,Bizarrap,trap latino,2,1.70771,2018,2023,exact_normalized_name,matched
Bizarrap,3b6abaef-febf-4cfe-943f-6a20cf0afdad,Bizarrap,argentine trap,1,1.70771,2018,2023,exact_normalized_name,matched
Bizarrap,3b6abaef-febf-4cfe-943f-6a20cf0afdad,Bizarrap,hip hop,1,1.70771,2018,2023,exact_normalized_name,matched
Bizarrap,3b6abaef-febf-4cfe-943f-6a20cf0afdad,Bizarrap,latin,1,1.70771,2018,2023,exact_normalized_name,matched
Bizarrap,3b6abaef-febf-4cfe-943f-6a20cf0afdad,Bizarrap,latin dance,1,1.70771,2018,2023,exact_normalized_name,matched
Bizarrap,3b6abaef-febf-4cfe-943f-6a20cf0afdad,Bizarrap,pop,1,1.70771,2018,2023,exact_normalized_name,matched
Bizarrap,3b6abaef-febf-4cfe-943f-6a20cf0afdad,Bizarrap,reggaeton,1,1.70771,2018,2023,exact_normalized_name,matched
Bizarrap,3b6abaef-febf-4cfe-943f-6a20cf0afdad,Bizarrap,trap,1,1.70771,2018,2023,exact_normalized_name,matched
Bizarrap,3b6abaef-febf-4cfe-943f-6a20cf0afdad,Bizarrap,trap (latin),1,1.70771,2018,2023,exact_normalized_name,matched
Bizarrap,3b6abaef-febf-4cfe-943f-6a20cf0afdad,Bizarrap,trap edm,1,1.70771,2018,2023,exact_normalized_name,matched
Bizarrap,3b6abaef-febf-4cfe-943f-6a20cf0afdad,Bizarrap,urbano latino,1,1.70771,2018,2023,exact_normalized_name,matched
La Sonora Master,25687e74-287a-4114-ae10-482bd12c2304,La Sonora Master,,,1.702086,2020,2025,exact_normalized_name,matched
Samuli Kemppi,ed442b01-8de1-4f0b-9188-e68b2960f050,Samuli Kemppi,,,1.668763,2018,2024,exact_normalized_name,matched
Reykon,70c46891-9f86-4363-b97e-bbf420938cf5,Reykon,latin,1,1.667749,2017,2025,exact_normalized_name,matched
Reykon,70c46891-9f86-4363-b97e-bbf420938cf5,Reykon,latin urban,1,1.667749,2017,2025,exact_normalized_name,matched
Reykon,70c46891-9f86-4363-b97e-bbf420938cf5,Reykon,reggaeton,1,1.667749,2017,2025,exact_normalized_name,matched
Ben Böhmer,e4f12dfc-1ee7-4250-8e24-549b6d46676d,Ben Böhmer,,,1.662461,2020,2025,exact_normalized_name,matched
Las Pastillas del Abuelo,b9fbe42f-b54b-4b6a-a107-138c010dbe98,Las Pastillas del Abuelo,,,1.657247,2017,2025,exact_normalized_name,matched
Steve Ouimette,d4c6618c-e2f3-447d-8a08-2f68e975d887,Steve Ouimette,_edit,1,1.653408,2021,2025,exact_normalized_name,matched
Steve Ouimette,d4c6618c-e2f3-447d-8a08-2f68e975d887,Steve Ouimette,instrumental guitar,1,1.653408,2021,2025,exact_normalized_name,matched
Steve Ouimette,d4c6618c-e2f3-447d-8a08-2f68e975d887,Steve Ouimette,rock,1,1.653408,2021,2025,exact_normalized_name,matched
Tomi DJ,,,,,1.651171,2019,2024,no_result,not_found
Argy,ace06a49-c395-40f6-acaf-3964a8e06431,Argy,minimal house,1,1.631023,2022,2025,exact_normalized_name,matched
Argy,ace06a49-c395-40f6-acaf-3964a8e06431,Argy,tech house,1,1.631023,2022,2025,exact_normalized_name,matched
The Doors,9efff43b-3b29-4082-824e-bc82f646f93d,The Doors,psychedelic rock,21,1.627805,2017,2025,exact_normalized_name,matched
The Doors,9efff43b-3b29-4082-824e-bc82f646f93d,The Doors,blues rock,18,1.627805,2017,2025,exact_normalized_name,matched
The Doors,9efff43b-3b29-4082-824e-bc82f646f93d,The Doors,acid rock,11,1.627805,2017,2025,exact_normalized_name,matched
The Doors,9efff43b-3b29-4082-824e-bc82f646f93d,The Doors,rock,10,1.627805,2017,2025,exact_normalized_name,matched
The Doors,9efff43b-3b29-4082-824e-bc82f646f93d,The Doors,classic rock,8,1.627805,2017,2025,exact_normalized_name,matched
The Doors,9efff43b-3b29-4082-824e-bc82f646f93d,The Doors,hard rock,4,1.627805,2017,2025,exact_normalized_name,matched
The Doors,9efff43b-3b29-4082-824e-bc82f646f93d,The Doors,art rock,1,1.627805,2017,2025,exact_normalized_name,matched
The Doors,9efff43b-3b29-4082-824e-bc82f646f93d,The Doors,gothic,1,1.627805,2017,2025,exact_normalized_name,matched
The Doors,9efff43b-3b29-4082-824e-bc82f646f93d,The Doors,gothic rock,1,1.627805,2017,2025,exact_normalized_name,matched
The Doors,9efff43b-3b29-4082-824e-bc82f646f93d,The Doors,pop,1,1.627805,2017,2025,exact_normalized_name,matched
The Doors,9efff43b-3b29-4082-824e-bc82f646f93d,The Doors,proto-punk,1,1.627805,2017,2025,exact_normalized_name,matched
The Doors,9efff43b-3b29-4082-824e-bc82f646f93d,The Doors,psychedelic,1,1.627805,2017,2025,exact_normalized_name,matched
The Doors,9efff43b-3b29-4082-824e-bc82f646f93d,The Doors,rock and roll,1,1.627805,2017,2025,exact_normalized_name,matched
The Doors,9efff43b-3b29-4082-824e-bc82f646f93d,The Doors,album rock,0,1.627805,2017,2025,exact_normalized_name,matched
The Doors,9efff43b-3b29-4082-824e-bc82f646f93d,The Doors,am pop,0,1.627805,2017,2025,exact_normalized_name,matched
The Doors,9efff43b-3b29-4082-824e-bc82f646f93d,The Doors,contemporary pop/rock,0,1.627805,2017,2025,exact_normalized_name,matched
The Doors,9efff43b-3b29-4082-824e-bc82f646f93d,The Doors,american,-1,1.627805,2017,2025,exact_normalized_name,matched
The Doors,9efff43b-3b29-4082-824e-bc82f646f93d,The Doors,classic pop and rock,-1,1.627805,2017,2025,exact_normalized_name,matched
The Doors,9efff43b-3b29-4082-824e-bc82f646f93d,The Doors,nuno,-1,1.627805,2017,2025,exact_normalized_name,matched
The Doors,9efff43b-3b29-4082-824e-bc82f646f93d,The Doors,psychedelic pop,-1,1.627805,2017,2025,exact_normalized_name,matched
The Doors,9efff43b-3b29-4082-824e-bc82f646f93d,The Doors,true classics,-1,1.627805,2017,2025,exact_normalized_name,matched
The Doors,9efff43b-3b29-4082-824e-bc82f646f93d,The Doors,whisky a go go,-1,1.627805,2017,2025,exact_normalized_name,matched
The Doors,9efff43b-3b29-4082-824e-bc82f646f93d,The Doors,poetry,-2,1.627805,2017,2025,exact_normalized_name,matched
The Doors,9efff43b-3b29-4082-824e-bc82f646f93d,The Doors,pop rock,-2,1.627805,2017,2025,exact_normalized_name,matched
James Cole,7c033643-a710-4e0a-ace8-0b8955e7a03c,James Cole,hip hop,1,1.623279,2024,2024,exact_normalized_name,matched
Los Abuelos De La Nada,4a8caef2-56e4-4358-a66a-f2346bd7dfa5,Los Abuelos de la Nada,new wave,2,1.612069,2017,2025,exact_normalized_name,matched
Los Abuelos De La Nada,4a8caef2-56e4-4358-a66a-f2346bd7dfa5,Los Abuelos de la Nada,pop rock,2,1.612069,2017,2025,exact_normalized_name,matched
Los Abuelos De La Nada,4a8caef2-56e4-4358-a66a-f2346bd7dfa5,Los Abuelos de la Nada,psychedelic rock,2,1.612069,2017,2025,exact_normalized_name,matched
Los Abuelos De La Nada,4a8caef2-56e4-4358-a66a-f2346bd7dfa5,Los Abuelos de la Nada,rock,2,1.612069,2017,2025,exact_normalized_name,matched
Los Abuelos De La Nada,4a8caef2-56e4-4358-a66a-f2346bd7dfa5,Los Abuelos de la Nada,blues rock,1,1.612069,2017,2025,exact_normalized_name,matched
Los Abuelos De La Nada,4a8caef2-56e4-4358-a66a-f2346bd7dfa5,Los Abuelos de la Nada,classic rock,1,1.612069,2017,2025,exact_normalized_name,matched
Los Abuelos De La Nada,4a8caef2-56e4-4358-a66a-f2346bd7dfa5,Los Abuelos de la Nada,latin rock,1,1.612069,2017,2025,exact_normalized_name,matched
Los Abuelos De La Nada,4a8caef2-56e4-4358-a66a-f2346bd7dfa5,Los Abuelos de la Nada,progressive rock,1,1.612069,2017,2025,exact_normalized_name,matched
John Coltrane,b625448e-bf4a-41c3-a421-72ad46cdb831,John Coltrane,jazz,18,1.595791,2018,2025,exact_normalized_name,matched
John Coltrane,b625448e-bf4a-41c3-a421-72ad46cdb831,John Coltrane,free jazz,10,1.595791,2018,2025,exact_normalized_name,matched
John Coltrane,b625448e-bf4a-41c3-a421-72ad46cdb831,John Coltrane,hard bop,10,1.595791,2018,2025,exact_normalized_name,matched
John Coltrane,b625448e-bf4a-41c3-a421-72ad46cdb831,John Coltrane,avant-garde jazz,8,1.595791,2018,2025,exact_normalized_name,matched
John Coltrane,b625448e-bf4a-41c3-a421-72ad46cdb831,John Coltrane,modal jazz,8,1.595791,2018,2025,exact_normalized_name,matched
John Coltrane,b625448e-bf4a-41c3-a421-72ad46cdb831,John Coltrane,post-bop,4,1.595791,2018,2025,exact_normalized_name,matched
John Coltrane,b625448e-bf4a-41c3-a421-72ad46cdb831,John Coltrane,spiritual jazz,3,1.595791,2018,2025,exact_normalized_name,matched
John Coltrane,b625448e-bf4a-41c3-a421-72ad46cdb831,John Coltrane,american,2,1.595791,2018,2025,exact_normalized_name,matched
John Coltrane,b625448e-bf4a-41c3-a421-72ad46cdb831,John Coltrane,saxophonist,2,1.595791,2018,2025,exact_normalized_name,matched
John Coltrane,b625448e-bf4a-41c3-a421-72ad46cdb831,John Coltrane,instrumental jazz,1,1.595791,2018,2025,exact_normalized_name,matched
John Coltrane,b625448e-bf4a-41c3-a421-72ad46cdb831,John Coltrane,2008 universal fire victim,0,1.595791,2018,2025,exact_normalized_name,matched
John Coltrane,b625448e-bf4a-41c3-a421-72ad46cdb831,John Coltrane,américain,0,1.595791,2018,2025,exact_normalized_name,matched
John Coltrane,b625448e-bf4a-41c3-a421-72ad46cdb831,John Coltrane,bebop,0,1.595791,2018,2025,exact_normalized_name,matched
John Coltrane,b625448e-bf4a-41c3-a421-72ad46cdb831,John Coltrane,jazz and blues,0,1.595791,2018,2025,exact_normalized_name,matched
John Coltrane,b625448e-bf4a-41c3-a421-72ad46cdb831,John Coltrane,my favolite,0,1.595791,2018,2025,exact_normalized_name,matched
John Coltrane,b625448e-bf4a-41c3-a421-72ad46cdb831,John Coltrane,post bop,0,1.595791,2018,2025,exact_normalized_name,matched
John Coltrane,b625448e-bf4a-41c3-a421-72ad46cdb831,John Coltrane,united states,0,1.595791,2018,2025,exact_normalized_name,matched
John Coltrane,b625448e-bf4a-41c3-a421-72ad46cdb831,John Coltrane,usa,0,1.595791,2018,2025,exact_normalized_name,matched
Solee,4fccc116-2c65-41e0-905a-d7abd3d4f1c1,Solee,,,1.577184,2020,2024,exact_normalized_name,matched
Hailey Tuck,6706e229-48ae-493f-911c-c310cedc508e,Hailey Tuck,,,1.576035,2024,2025,exact_normalized_name,matched
Tali,260e42e9-71ca-4754-be60-e6e6f218f0ec,Tali,drum and bass,5,1.565689,2017,2023,exact_normalized_name,matched
Tali,260e42e9-71ca-4754-be60-e6e6f218f0ec,Tali,mc,2,1.565689,2017,2023,exact_normalized_name,matched
Tali,260e42e9-71ca-4754-be60-e6e6f218f0ec,Tali,breakbeat,1,1.565689,2017,2023,exact_normalized_name,matched
Tali,260e42e9-71ca-4754-be60-e6e6f218f0ec,Tali,breaks,1,1.565689,2017,2023,exact_normalized_name,matched
Tali,260e42e9-71ca-4754-be60-e6e6f218f0ec,Tali,caribbean,1,1.565689,2017,2023,exact_normalized_name,matched
Tali,260e42e9-71ca-4754-be60-e6e6f218f0ec,Tali,dance,1,1.565689,2017,2023,exact_normalized_name,matched
Tali,260e42e9-71ca-4754-be60-e6e6f218f0ec,Tali,deep dubstep,1,1.565689,2017,2023,exact_normalized_name,matched
Tali,260e42e9-71ca-4754-be60-e6e6f218f0ec,Tali,deep house,1,1.565689,2017,2023,exact_normalized_name,matched
Tali,260e42e9-71ca-4754-be60-e6e6f218f0ec,Tali,electro,1,1.565689,2017,2023,exact_normalized_name,matched
Tali,260e42e9-71ca-4754-be60-e6e6f218f0ec,Tali,electronica,1,1.565689,2017,2023,exact_normalized_name,matched
Tali,260e42e9-71ca-4754-be60-e6e6f218f0ec,Tali,freestyle,1,1.565689,2017,2023,exact_normalized_name,matched
Tali,260e42e9-71ca-4754-be60-e6e6f218f0ec,Tali,grime,1,1.565689,2017,2023,exact_normalized_name,matched
Tali,260e42e9-71ca-4754-be60-e6e6f218f0ec,Tali,house,1,1.565689,2017,2023,exact_normalized_name,matched
Tali,260e42e9-71ca-4754-be60-e6e6f218f0ec,Tali,indie dance,1,1.565689,2017,2023,exact_normalized_name,matched
Tali,260e42e9-71ca-4754-be60-e6e6f218f0ec,Tali,jungle,1,1.565689,2017,2023,exact_normalized_name,matched
Tali,260e42e9-71ca-4754-be60-e6e6f218f0ec,Tali,liquid funk,1,1.565689,2017,2023,exact_normalized_name,matched
Tali,260e42e9-71ca-4754-be60-e6e6f218f0ec,Tali,organic house,1,1.565689,2017,2023,exact_normalized_name,matched
Tali,260e42e9-71ca-4754-be60-e6e6f218f0ec,Tali,pop,1,1.565689,2017,2023,exact_normalized_name,matched
Tali,260e42e9-71ca-4754-be60-e6e6f218f0ec,Tali,psytrance,1,1.565689,2017,2023,exact_normalized_name,matched
Tali,260e42e9-71ca-4754-be60-e6e6f218f0ec,Tali,singer,1,1.565689,2017,2023,exact_normalized_name,matched
Tali,260e42e9-71ca-4754-be60-e6e6f218f0ec,Tali,techno,1,1.565689,2017,2023,exact_normalized_name,matched
Player,7ad4ef1c-4f82-4755-a74b-94cd3096d221,Player,aor,1,1.556571,2023,2025,exact_normalized_name,matched
Player,7ad4ef1c-4f82-4755-a74b-94cd3096d221,Player,classic pop and rock,1,1.556571,2023,2025,exact_normalized_name,matched
Player,7ad4ef1c-4f82-4755-a74b-94cd3096d221,Player,pop rock,1,1.556571,2023,2025,exact_normalized_name,matched
Player,7ad4ef1c-4f82-4755-a74b-94cd3096d221,Player,soft rock,1,1.556571,2023,2025,exact_normalized_name,matched
Khen,9edb8bd9-c63f-4983-868a-55cd221b700d,Khen,,,1.539457,2022,2025,exact_normalized_name,matched
Aerosmith,3d2b98e5-556f-4451-a3ff-c50ea18d57cb,Aerosmith,hard rock,30,1.538782,2017,2025,exact_normalized_name,matched
Aerosmith,3d2b98e5-556f-4451-a3ff-c50ea18d57cb,Aerosmith,blues rock,16,1.538782,2017,2025,exact_normalized_name,matched
Aerosmith,3d2b98e5-556f-4451-a3ff-c50ea18d57cb,Aerosmith,rock,11,1.538782,2017,2025,exact_normalized_name,matched
Aerosmith,3d2b98e5-556f-4451-a3ff-c50ea18d57cb,Aerosmith,classic rock,5,1.538782,2017,2025,exact_normalized_name,matched
Aerosmith,3d2b98e5-556f-4451-a3ff-c50ea18d57cb,Aerosmith,glam metal,4,1.538782,2017,2025,exact_normalized_name,matched
Aerosmith,3d2b98e5-556f-4451-a3ff-c50ea18d57cb,Aerosmith,aor,3,1.538782,2017,2025,exact_normalized_name,matched
Aerosmith,3d2b98e5-556f-4451-a3ff-c50ea18d57cb,Aerosmith,arena rock,3,1.538782,2017,2025,exact_normalized_name,matched
Aerosmith,3d2b98e5-556f-4451-a3ff-c50ea18d57cb,Aerosmith,rock and roll,3,1.538782,2017,2025,exact_normalized_name,matched
Aerosmith,3d2b98e5-556f-4451-a3ff-c50ea18d57cb,Aerosmith,1970s,0,1.538782,2017,2025,exact_normalized_name,matched
Aerosmith,3d2b98e5-556f-4451-a3ff-c50ea18d57cb,Aerosmith,1980s,0,1.538782,2017,2025,exact_normalized_name,matched
Aerosmith,3d2b98e5-556f-4451-a3ff-c50ea18d57cb,Aerosmith,american,0,1.538782,2017,2025,exact_normalized_name,matched
Aerosmith,3d2b98e5-556f-4451-a3ff-c50ea18d57cb,Aerosmith,blues-rock,0,1.538782,2017,2025,exact_normalized_name,matched
Aerosmith,3d2b98e5-556f-4451-a3ff-c50ea18d57cb,Aerosmith,classic pop and rock,0,1.538782,2017,2025,exact_normalized_name,matched
Aerosmith,3d2b98e5-556f-4451-a3ff-c50ea18d57cb,Aerosmith,classic rock. blues rock,0,1.538782,2017,2025,exact_normalized_name,matched
Aerosmith,3d2b98e5-556f-4451-a3ff-c50ea18d57cb,Aerosmith,estados unidos,0,1.538782,2017,2025,exact_normalized_name,matched
Aerosmith,3d2b98e5-556f-4451-a3ff-c50ea18d57cb,Aerosmith,pop rock,0,1.538782,2017,2025,exact_normalized_name,matched
Aerosmith,3d2b98e5-556f-4451-a3ff-c50ea18d57cb,Aerosmith,roots rock,0,1.538782,2017,2025,exact_normalized_name,matched
Aerosmith,3d2b98e5-556f-4451-a3ff-c50ea18d57cb,Aerosmith,2008 universal fire victim,-1,1.538782,2017,2025,exact_normalized_name,matched
Aerosmith,3d2b98e5-556f-4451-a3ff-c50ea18d57cb,Aerosmith,70s,-1,1.538782,2017,2025,exact_normalized_name,matched
Aerosmith,3d2b98e5-556f-4451-a3ff-c50ea18d57cb,Aerosmith,80s,-1,1.538782,2017,2025,exact_normalized_name,matched
Aerosmith,3d2b98e5-556f-4451-a3ff-c50ea18d57cb,Aerosmith,album rock,-1,1.538782,2017,2025,exact_normalized_name,matched
Aerosmith,3d2b98e5-556f-4451-a3ff-c50ea18d57cb,Aerosmith,contemporary pop/rock,-1,1.538782,2017,2025,exact_normalized_name,matched
Aerosmith,3d2b98e5-556f-4451-a3ff-c50ea18d57cb,Aerosmith,heavy metal,-1,1.538782,2017,2025,exact_normalized_name,matched
Aerosmith,3d2b98e5-556f-4451-a3ff-c50ea18d57cb,Aerosmith,medley a b,-1,1.538782,2017,2025,exact_normalized_name,matched
Aerosmith,3d2b98e5-556f-4451-a3ff-c50ea18d57cb,Aerosmith,metal,-1,1.538782,2017,2025,exact_normalized_name,matched
Aerosmith,3d2b98e5-556f-4451-a3ff-c50ea18d57cb,Aerosmith,pop-metal,-1,1.538782,2017,2025,exact_normalized_name,matched
Aerosmith,3d2b98e5-556f-4451-a3ff-c50ea18d57cb,Aerosmith,soft rock,-1,1.538782,2017,2025,exact_normalized_name,matched
Aerosmith,3d2b98e5-556f-4451-a3ff-c50ea18d57cb,Aerosmith,+usa (massachusetts:boston),-2,1.538782,2017,2025,exact_normalized_name,matched
Jupa Necasek,,,,,1.53535,2021,2023,no_result,not_found
Grand Funk Railroad,103241b0-6adf-4b4f-9cff-5c87459f61a4,Grand Funk Railroad,rock,6,1.531686,2017,2025,exact_normalized_name,matched
Grand Funk Railroad,103241b0-6adf-4b4f-9cff-5c87459f61a4,Grand Funk Railroad,hard rock,5,1.531686,2017,2025,exact_normalized_name,matched
Grand Funk Railroad,103241b0-6adf-4b4f-9cff-5c87459f61a4,Grand Funk Railroad,heavy psych,3,1.531686,2017,2025,exact_normalized_name,matched
Grand Funk Railroad,103241b0-6adf-4b4f-9cff-5c87459f61a4,Grand Funk Railroad,pop rock,3,1.531686,2017,2025,exact_normalized_name,matched
Grand Funk Railroad,103241b0-6adf-4b4f-9cff-5c87459f61a4,Grand Funk Railroad,blues rock,2,1.531686,2017,2025,exact_normalized_name,matched
Grand Funk Railroad,103241b0-6adf-4b4f-9cff-5c87459f61a4,Grand Funk Railroad,2008 universal fire victim,1,1.531686,2017,2025,exact_normalized_name,matched
Grand Funk Railroad,103241b0-6adf-4b4f-9cff-5c87459f61a4,Grand Funk Railroad,boogie rock,1,1.531686,2017,2025,exact_normalized_name,matched
Grand Funk Railroad,103241b0-6adf-4b4f-9cff-5c87459f61a4,Grand Funk Railroad,classic rock,1,1.531686,2017,2025,exact_normalized_name,matched
Grand Funk Railroad,103241b0-6adf-4b4f-9cff-5c87459f61a4,Grand Funk Railroad,american,0,1.531686,2017,2025,exact_normalized_name,matched
CamelPhat,61314ff2-7b52-4296-a0b8-af61dc08bdd1,CamelPhat,deep house,2,1.524531,2017,2025,exact_normalized_name,matched
CamelPhat,61314ff2-7b52-4296-a0b8-af61dc08bdd1,CamelPhat,house,2,1.524531,2017,2025,exact_normalized_name,matched
Eloy,bc154a90-890b-409e-b850-53ca299ab0d6,Eloy,progressive rock,8,1.51963,2017,2025,exact_normalized_name,matched
Eloy,bc154a90-890b-409e-b850-53ca299ab0d6,Eloy,space rock,6,1.51963,2017,2025,exact_normalized_name,matched
Eloy,bc154a90-890b-409e-b850-53ca299ab0d6,Eloy,hard rock,3,1.51963,2017,2025,exact_normalized_name,matched
Eloy,bc154a90-890b-409e-b850-53ca299ab0d6,Eloy,symphonic prog,2,1.51963,2017,2025,exact_normalized_name,matched
Eloy,bc154a90-890b-409e-b850-53ca299ab0d6,Eloy,art rock,1,1.51963,2017,2025,exact_normalized_name,matched
Eloy,bc154a90-890b-409e-b850-53ca299ab0d6,Eloy,german,1,1.51963,2017,2025,exact_normalized_name,matched
Eloy,bc154a90-890b-409e-b850-53ca299ab0d6,Eloy,european,0,1.51963,2017,2025,exact_normalized_name,matched
Eloy,bc154a90-890b-409e-b850-53ca299ab0d6,Eloy,film score,0,1.51963,2017,2025,exact_normalized_name,matched
Eloy,bc154a90-890b-409e-b850-53ca299ab0d6,Eloy,krautrock,0,1.51963,2017,2025,exact_normalized_name,matched
Eloy,bc154a90-890b-409e-b850-53ca299ab0d6,Eloy,rock,0,1.51963,2017,2025,exact_normalized_name,matched
Tan Bionica,35e07a06-0e27-4fe4-a5c1-11b315f48d04,Tan Biónica,pop rock,1,1.517756,2017,2025,exact_normalized_name,matched
Ele A El Dominio,66b1c655-f719-4618-9bb0-7e02b153a43b,Ele A el Dominio,hip hop,1,1.512919,2018,2024,exact_normalized_name,matched
Lee Burridge,42f83694-9fcc-496f-815a-aa9d140c56ba,Lee Burridge,breakbeat,1,1.493897,2020,2025,exact_normalized_name,matched
Lee Burridge,42f83694-9fcc-496f-815a-aa9d140c56ba,Lee Burridge,deep house,1,1.493897,2020,2025,exact_normalized_name,matched
Lee Burridge,42f83694-9fcc-496f-815a-aa9d140c56ba,Lee Burridge,electronic dance music,1,1.493897,2020,2025,exact_normalized_name,matched
Lee Burridge,42f83694-9fcc-496f-815a-aa9d140c56ba,Lee Burridge,minimal,1,1.493897,2020,2025,exact_normalized_name,matched
RÜFÜS DU SOL,1cfa6ee5-1189-4ade-97db-8f20a6ba5c76,RÜFÜS DU SOL,alternative dance,5,1.488742,2019,2025,exact_normalized_name,matched
RÜFÜS DU SOL,1cfa6ee5-1189-4ade-97db-8f20a6ba5c76,RÜFÜS DU SOL,dance-pop,3,1.488742,2019,2025,exact_normalized_name,matched
RÜFÜS DU SOL,1cfa6ee5-1189-4ade-97db-8f20a6ba5c76,RÜFÜS DU SOL,edm,3,1.488742,2019,2025,exact_normalized_name,matched
RÜFÜS DU SOL,1cfa6ee5-1189-4ade-97db-8f20a6ba5c76,RÜFÜS DU SOL,house,3,1.488742,2019,2025,exact_normalized_name,matched
RÜFÜS DU SOL,1cfa6ee5-1189-4ade-97db-8f20a6ba5c76,RÜFÜS DU SOL,dance,2,1.488742,2019,2025,exact_normalized_name,matched
RÜFÜS DU SOL,1cfa6ee5-1189-4ade-97db-8f20a6ba5c76,RÜFÜS DU SOL,indie electronic,2,1.488742,2019,2025,exact_normalized_name,matched
RÜFÜS DU SOL,1cfa6ee5-1189-4ade-97db-8f20a6ba5c76,RÜFÜS DU SOL,deep house,1,1.488742,2019,2025,exact_normalized_name,matched
RÜFÜS DU SOL,1cfa6ee5-1189-4ade-97db-8f20a6ba5c76,RÜFÜS DU SOL,electro,1,1.488742,2019,2025,exact_normalized_name,matched
RÜFÜS DU SOL,1cfa6ee5-1189-4ade-97db-8f20a6ba5c76,RÜFÜS DU SOL,electronic,1,1.488742,2019,2025,exact_normalized_name,matched
RÜFÜS DU SOL,1cfa6ee5-1189-4ade-97db-8f20a6ba5c76,RÜFÜS DU SOL,electronica,1,1.488742,2019,2025,exact_normalized_name,matched
RÜFÜS DU SOL,1cfa6ee5-1189-4ade-97db-8f20a6ba5c76,RÜFÜS DU SOL,indie dance,1,1.488742,2019,2025,exact_normalized_name,matched
RÜFÜS DU SOL,1cfa6ee5-1189-4ade-97db-8f20a6ba5c76,RÜFÜS DU SOL,indietronica,1,1.488742,2019,2025,exact_normalized_name,matched
RÜFÜS DU SOL,1cfa6ee5-1189-4ade-97db-8f20a6ba5c76,RÜFÜS DU SOL,melodic house,1,1.488742,2019,2025,exact_normalized_name,matched
RÜFÜS DU SOL,1cfa6ee5-1189-4ade-97db-8f20a6ba5c76,RÜFÜS DU SOL,melodic techno,1,1.488742,2019,2025,exact_normalized_name,matched
RÜFÜS DU SOL,1cfa6ee5-1189-4ade-97db-8f20a6ba5c76,RÜFÜS DU SOL,pop,1,1.488742,2019,2025,exact_normalized_name,matched
RÜFÜS DU SOL,1cfa6ee5-1189-4ade-97db-8f20a6ba5c76,RÜFÜS DU SOL,progressive house,1,1.488742,2019,2025,exact_normalized_name,matched
Lane 8,bd052b81-353a-4bce-8cd8-72ba9d4ce414,Lane 8,deep house,2,1.478775,2020,2024,exact_normalized_name,matched
Lane 8,bd052b81-353a-4bce-8cd8-72ba9d4ce414,Lane 8,club,1,1.478775,2020,2024,exact_normalized_name,matched
Lane 8,bd052b81-353a-4bce-8cd8-72ba9d4ce414,Lane 8,dance,1,1.478775,2020,2024,exact_normalized_name,matched
Lane 8,bd052b81-353a-4bce-8cd8-72ba9d4ce414,Lane 8,disco,1,1.478775,2020,2024,exact_normalized_name,matched
Lane 8,bd052b81-353a-4bce-8cd8-72ba9d4ce414,Lane 8,drum and bass,1,1.478775,2020,2024,exact_normalized_name,matched
Lane 8,bd052b81-353a-4bce-8cd8-72ba9d4ce414,Lane 8,edm,1,1.478775,2020,2024,exact_normalized_name,matched
Lane 8,bd052b81-353a-4bce-8cd8-72ba9d4ce414,Lane 8,electronic,1,1.478775,2020,2024,exact_normalized_name,matched
Lane 8,bd052b81-353a-4bce-8cd8-72ba9d4ce414,Lane 8,house,1,1.478775,2020,2024,exact_normalized_name,matched
Lane 8,bd052b81-353a-4bce-8cd8-72ba9d4ce414,Lane 8,melodic house,1,1.478775,2020,2024,exact_normalized_name,matched
Lane 8,bd052b81-353a-4bce-8cd8-72ba9d4ce414,Lane 8,melodic techno,1,1.478775,2020,2024,exact_normalized_name,matched
Lane 8,bd052b81-353a-4bce-8cd8-72ba9d4ce414,Lane 8,pop,1,1.478775,2020,2024,exact_normalized_name,matched
Lane 8,bd052b81-353a-4bce-8cd8-72ba9d4ce414,Lane 8,progressive house,1,1.478775,2020,2024,exact_normalized_name,matched
Lane 8,bd052b81-353a-4bce-8cd8-72ba9d4ce414,Lane 8,trance,1,1.478775,2020,2024,exact_normalized_name,matched
&ME,ab886374-8565-4407-ac50-f76baadd4c7f,&ME,house,1,1.471455,2020,2024,exact_normalized_name,matched
Drake,9fff2f8a-21e6-47de-a2b8-7f449929d43f,Drake,hip hop,19,1.465986,2017,2025,exact_normalized_name,matched
Drake,9fff2f8a-21e6-47de-a2b8-7f449929d43f,Drake,r&b,8,1.465986,2017,2025,exact_normalized_name,matched
Drake,9fff2f8a-21e6-47de-a2b8-7f449929d43f,Drake,contemporary r&b,7,1.465986,2017,2025,exact_normalized_name,matched
Drake,9fff2f8a-21e6-47de-a2b8-7f449929d43f,Drake,pop rap,7,1.465986,2017,2025,exact_normalized_name,matched
Drake,9fff2f8a-21e6-47de-a2b8-7f449929d43f,Drake,alternative r&b,6,1.465986,2017,2025,exact_normalized_name,matched
Drake,9fff2f8a-21e6-47de-a2b8-7f449929d43f,Drake,hip-hop,3,1.465986,2017,2025,exact_normalized_name,matched
Drake,9fff2f8a-21e6-47de-a2b8-7f449929d43f,Drake,pop,3,1.465986,2017,2025,exact_normalized_name,matched
Drake,9fff2f8a-21e6-47de-a2b8-7f449929d43f,Drake,trap,3,1.465986,2017,2025,exact_normalized_name,matched
Drake,9fff2f8a-21e6-47de-a2b8-7f449929d43f,Drake,top 100,2,1.465986,2017,2025,exact_normalized_name,matched
Drake,9fff2f8a-21e6-47de-a2b8-7f449929d43f,Drake,top 5,2,1.465986,2017,2025,exact_normalized_name,matched
Drake,9fff2f8a-21e6-47de-a2b8-7f449929d43f,Drake,trap rap,2,1.465986,2017,2025,exact_normalized_name,matched
Drake,9fff2f8a-21e6-47de-a2b8-7f449929d43f,Drake,hardcore hip hop,1,1.465986,2017,2025,exact_normalized_name,matched
Drake,9fff2f8a-21e6-47de-a2b8-7f449929d43f,Drake,rap,1,1.465986,2017,2025,exact_normalized_name,matched
Drake,9fff2f8a-21e6-47de-a2b8-7f449929d43f,Drake,southern hip hop,1,1.465986,2017,2025,exact_normalized_name,matched
Drake,9fff2f8a-21e6-47de-a2b8-7f449929d43f,Drake,sxsw,1,1.465986,2017,2025,exact_normalized_name,matched
Drake,9fff2f8a-21e6-47de-a2b8-7f449929d43f,Drake,top 10,1,1.465986,2017,2025,exact_normalized_name,matched
Drake,9fff2f8a-21e6-47de-a2b8-7f449929d43f,Drake,2010s,0,1.465986,2017,2025,exact_normalized_name,matched
Drake,9fff2f8a-21e6-47de-a2b8-7f449929d43f,Drake,2020s,0,1.465986,2017,2025,exact_normalized_name,matched
Drake,9fff2f8a-21e6-47de-a2b8-7f449929d43f,Drake,canadian hip hop,0,1.465986,2017,2025,exact_normalized_name,matched
Drake,9fff2f8a-21e6-47de-a2b8-7f449929d43f,Drake,luxury rap,0,1.465986,2017,2025,exact_normalized_name,matched
Drake,9fff2f8a-21e6-47de-a2b8-7f449929d43f,Drake,pedophilia,0,1.465986,2017,2025,exact_normalized_name,matched
Drake,9fff2f8a-21e6-47de-a2b8-7f449929d43f,Drake,rapper,0,1.465986,2017,2025,exact_normalized_name,matched
Drake,9fff2f8a-21e6-47de-a2b8-7f449929d43f,Drake,relic inn,0,1.465986,2017,2025,exact_normalized_name,matched
Drake,9fff2f8a-21e6-47de-a2b8-7f449929d43f,Drake,cotm candidate,-1,1.465986,2017,2025,exact_normalized_name,matched
Drake,9fff2f8a-21e6-47de-a2b8-7f449929d43f,Drake,hardcore hip,-1,1.465986,2017,2025,exact_normalized_name,matched
Drake,9fff2f8a-21e6-47de-a2b8-7f449929d43f,Drake,lesbian,-1,1.465986,2017,2025,exact_normalized_name,matched
Drake,9fff2f8a-21e6-47de-a2b8-7f449929d43f,Drake,rap us,-1,1.465986,2017,2025,exact_normalized_name,matched
Jerry Di,ba2aa172-7974-44c1-beab-0d9250e4b2e9,Jerry Di,,,1.463861,2020,2021,exact_normalized_name,matched
Lara Louise,834a918e-32dd-4e1c-b40b-c8cfd5fe158c,Lara Louise,jazz,1,1.441085,2024,2025,exact_normalized_name,matched
Lara Louise,834a918e-32dd-4e1c-b40b-c8cfd5fe158c,Lara Louise,vocal jazz,1,1.441085,2024,2025,exact_normalized_name,matched
ANOTR,5f3be62e-d166-453e-a3ea-07b9227fafae,ANOTR,,,1.437916,2019,2025,exact_normalized_name,matched
Danny Serrano,20145f11-2bd6-4755-bd9f-0deee794ac70,Danny Serrano,deep house,1,1.430618,2018,2021,exact_normalized_name,matched
Danny Serrano,20145f11-2bd6-4755-bd9f-0deee794ac70,Danny Serrano,house,1,1.430618,2018,2021,exact_normalized_name,matched
Danny Serrano,20145f11-2bd6-4755-bd9f-0deee794ac70,Danny Serrano,melodic house,1,1.430618,2018,2021,exact_normalized_name,matched
Danny Serrano,20145f11-2bd6-4755-bd9f-0deee794ac70,Danny Serrano,melodic techno,1,1.430618,2018,2021,exact_normalized_name,matched
Danny Serrano,20145f11-2bd6-4755-bd9f-0deee794ac70,Danny Serrano,tech house,1,1.430618,2018,2021,exact_normalized_name,matched
Danny Serrano,20145f11-2bd6-4755-bd9f-0deee794ac70,Danny Serrano,techno,1,1.430618,2018,2021,exact_normalized_name,matched
Sasha,68be8273-cb12-4053-964d-157b7e5cf265,Sasha,breakbeat,2,1.418372,2019,2025,exact_normalized_name,matched
Sasha,68be8273-cb12-4053-964d-157b7e5cf265,Sasha,breaks,2,1.418372,2019,2025,exact_normalized_name,matched
Sasha,68be8273-cb12-4053-964d-157b7e5cf265,Sasha,electro house,2,1.418372,2019,2025,exact_normalized_name,matched
Sasha,68be8273-cb12-4053-964d-157b7e5cf265,Sasha,electronic,2,1.418372,2019,2025,exact_normalized_name,matched
Sasha,68be8273-cb12-4053-964d-157b7e5cf265,Sasha,progressive house,2,1.418372,2019,2025,exact_normalized_name,matched
Sasha,68be8273-cb12-4053-964d-157b7e5cf265,Sasha,ambient,1,1.418372,2019,2025,exact_normalized_name,matched
Sasha,68be8273-cb12-4053-964d-157b7e5cf265,Sasha,bassline,1,1.418372,2019,2025,exact_normalized_name,matched
Sasha,68be8273-cb12-4053-964d-157b7e5cf265,Sasha,club,1,1.418372,2019,2025,exact_normalized_name,matched
Sasha,68be8273-cb12-4053-964d-157b7e5cf265,Sasha,dance,1,1.418372,2019,2025,exact_normalized_name,matched
Sasha,68be8273-cb12-4053-964d-157b7e5cf265,Sasha,dance and electronica,1,1.418372,2019,2025,exact_normalized_name,matched
Sasha,68be8273-cb12-4053-964d-157b7e5cf265,Sasha,dancehall,1,1.418372,2019,2025,exact_normalized_name,matched
Sasha,68be8273-cb12-4053-964d-157b7e5cf265,Sasha,deep house,1,1.418372,2019,2025,exact_normalized_name,matched
Sasha,68be8273-cb12-4053-964d-157b7e5cf265,Sasha,edm,1,1.418372,2019,2025,exact_normalized_name,matched
Sasha,68be8273-cb12-4053-964d-157b7e5cf265,Sasha,electro,1,1.418372,2019,2025,exact_normalized_name,matched
Sasha,68be8273-cb12-4053-964d-157b7e5cf265,Sasha,electronica,1,1.418372,2019,2025,exact_normalized_name,matched
Sasha,68be8273-cb12-4053-964d-157b7e5cf265,Sasha,experimental,1,1.418372,2019,2025,exact_normalized_name,matched
Sasha,68be8273-cb12-4053-964d-157b7e5cf265,Sasha,house,1,1.418372,2019,2025,exact_normalized_name,matched
Sasha,68be8273-cb12-4053-964d-157b7e5cf265,Sasha,house music,1,1.418372,2019,2025,exact_normalized_name,matched
Sasha,68be8273-cb12-4053-964d-157b7e5cf265,Sasha,indie dance,1,1.418372,2019,2025,exact_normalized_name,matched
Sasha,68be8273-cb12-4053-964d-157b7e5cf265,Sasha,latin,1,1.418372,2019,2025,exact_normalized_name,matched
Sasha,68be8273-cb12-4053-964d-157b7e5cf265,Sasha,melodic house,1,1.418372,2019,2025,exact_normalized_name,matched
Sasha,68be8273-cb12-4053-964d-157b7e5cf265,Sasha,melodic techno,1,1.418372,2019,2025,exact_normalized_name,matched
Sasha,68be8273-cb12-4053-964d-157b7e5cf265,Sasha,organic house,1,1.418372,2019,2025,exact_normalized_name,matched
Sasha,68be8273-cb12-4053-964d-157b7e5cf265,Sasha,pop,1,1.418372,2019,2025,exact_normalized_name,matched
Sasha,68be8273-cb12-4053-964d-157b7e5cf265,Sasha,progressive trance,1,1.418372,2019,2025,exact_normalized_name,matched
Sasha,68be8273-cb12-4053-964d-157b7e5cf265,Sasha,psytrance,1,1.418372,2019,2025,exact_normalized_name,matched
Sasha,68be8273-cb12-4053-964d-157b7e5cf265,Sasha,r&b,1,1.418372,2019,2025,exact_normalized_name,matched
Sasha,68be8273-cb12-4053-964d-157b7e5cf265,Sasha,reggae,1,1.418372,2019,2025,exact_normalized_name,matched
Sasha,68be8273-cb12-4053-964d-157b7e5cf265,Sasha,rock,1,1.418372,2019,2025,exact_normalized_name,matched
Sasha,68be8273-cb12-4053-964d-157b7e5cf265,Sasha,tech house,1,1.418372,2019,2025,exact_normalized_name,matched
Sasha,68be8273-cb12-4053-964d-157b7e5cf265,Sasha,techno,1,1.418372,2019,2025,exact_normalized_name,matched
Sasha,68be8273-cb12-4053-964d-157b7e5cf265,Sasha,trance,1,1.418372,2019,2025,exact_normalized_name,matched
Sasha,68be8273-cb12-4053-964d-157b7e5cf265,Sasha,uk garage,1,1.418372,2019,2025,exact_normalized_name,matched
Kungs,a125cd83-a379-4935-a7ec-beaa778bad70,Kungs,deep house,1,1.418222,2017,2024,exact_normalized_name,matched
Kungs,a125cd83-a379-4935-a7ec-beaa778bad70,Kungs,edm,1,1.418222,2017,2024,exact_normalized_name,matched
Kungs,a125cd83-a379-4935-a7ec-beaa778bad70,Kungs,house,1,1.418222,2017,2024,exact_normalized_name,matched
Kungs,a125cd83-a379-4935-a7ec-beaa778bad70,Kungs,tropical house,1,1.418222,2017,2024,exact_normalized_name,matched
Dale Howard,2c752c9f-c7a9-47fe-ab12-965a3179f516,Dale Howard,,,1.413598,2019,2024,exact_normalized_name,matched
Rodrigo Laffertt,bb098b6c-93b6-4125-8d13-da004ac8c144,Rodrigo Laffertt,,,1.409008,2017,2022,exact_normalized_name,matched
Frae Dj,,,,,1.406217,2019,2023,no_result,not_found
Slipknot,a466c2a2-6517-42fb-a160-1087c3bafd9f,Slipknot,nu metal,19,1.402944,2018,2025,exact_normalized_name,matched
Slipknot,a466c2a2-6517-42fb-a160-1087c3bafd9f,Slipknot,alternative metal,10,1.402944,2018,2025,exact_normalized_name,matched
Slipknot,a466c2a2-6517-42fb-a160-1087c3bafd9f,Slipknot,metal,3,1.402944,2018,2025,exact_normalized_name,matched
Slipknot,a466c2a2-6517-42fb-a160-1087c3bafd9f,Slipknot,alternative rock,2,1.402944,2018,2025,exact_normalized_name,matched
Slipknot,a466c2a2-6517-42fb-a160-1087c3bafd9f,Slipknot,heavy metal,2,1.402944,2018,2025,exact_normalized_name,matched
Slipknot,a466c2a2-6517-42fb-a160-1087c3bafd9f,Slipknot,groove metal,0,1.402944,2018,2025,exact_normalized_name,matched
Slipknot,a466c2a2-6517-42fb-a160-1087c3bafd9f,Slipknot,hard alternative,0,1.402944,2018,2025,exact_normalized_name,matched
Slipknot,a466c2a2-6517-42fb-a160-1087c3bafd9f,Slipknot,rock and indie,-1,1.402944,2018,2025,exact_normalized_name,matched
Slipknot,a466c2a2-6517-42fb-a160-1087c3bafd9f,Slipknot,new metal,-2,1.402944,2018,2025,exact_normalized_name,matched
Slipknot,a466c2a2-6517-42fb-a160-1087c3bafd9f,Slipknot,rap metal,-2,1.402944,2018,2025,exact_normalized_name,matched
Cacho Castaña,863cc087-d71d-4831-b660-fe69613cee26,Cacho Castaña,canción melódica,1,1.398645,2021,2025,exact_normalized_name,matched
Cacho Castaña,863cc087-d71d-4831-b660-fe69613cee26,Cacho Castaña,latin ballad,1,1.398645,2021,2025,exact_normalized_name,matched
Cacho Castaña,863cc087-d71d-4831-b660-fe69613cee26,Cacho Castaña,pop,1,1.398645,2021,2025,exact_normalized_name,matched
Cacho Castaña,863cc087-d71d-4831-b660-fe69613cee26,Cacho Castaña,tango,1,1.398645,2021,2025,exact_normalized_name,matched
Chris Isaak,479497d4-e7c2-4e78-972e-56e78fac3995,Chris Isaak,rock,3,1.394108,2023,2025,exact_normalized_name,matched
Chris Isaak,479497d4-e7c2-4e78-972e-56e78fac3995,Chris Isaak,pop rock,1,1.394108,2023,2025,exact_normalized_name,matched
Chris Isaak,479497d4-e7c2-4e78-972e-56e78fac3995,Chris Isaak,rock & roll,1,1.394108,2023,2025,exact_normalized_name,matched
Chris Isaak,479497d4-e7c2-4e78-972e-56e78fac3995,Chris Isaak,rockabilly,1,1.394108,2023,2025,exact_normalized_name,matched
Chris Isaak,479497d4-e7c2-4e78-972e-56e78fac3995,Chris Isaak,roots rock,1,1.394108,2023,2025,exact_normalized_name,matched
Chris Isaak,479497d4-e7c2-4e78-972e-56e78fac3995,Chris Isaak,american,0,1.394108,2023,2025,exact_normalized_name,matched
Chris Isaak,479497d4-e7c2-4e78-972e-56e78fac3995,Chris Isaak,classic pop and rock,0,1.394108,2023,2025,exact_normalized_name,matched
Chris Isaak,479497d4-e7c2-4e78-972e-56e78fac3995,Chris Isaak,pop,0,1.394108,2023,2025,exact_normalized_name,matched
Round Table Knights,0668075a-819e-4efa-88b7-89d03efcf34d,Round Table Knights,,,1.387339,2017,2023,exact_normalized_name,matched
Amar Azul,9f90e7d4-7695-4926-99af-25a02f53461d,Amar Azul,cumbia argentina,2,1.382038,2017,2025,exact_normalized_name,matched
Amar Azul,9f90e7d4-7695-4926-99af-25a02f53461d,Amar Azul,cumbia,1,1.382038,2017,2025,exact_normalized_name,matched
Amar Azul,9f90e7d4-7695-4926-99af-25a02f53461d,Amar Azul,latin,1,1.382038,2017,2025,exact_normalized_name,matched
Bobby Caldwell,139a00a8-6b21-47c3-9315-60ac5ab2c715,Bobby Caldwell,aor,1,1.3811,2024,2025,exact_normalized_name,matched
Bobby Caldwell,139a00a8-6b21-47c3-9315-60ac5ab2c715,Bobby Caldwell,blue-eyed soul,1,1.3811,2024,2025,exact_normalized_name,matched
Bobby Caldwell,139a00a8-6b21-47c3-9315-60ac5ab2c715,Bobby Caldwell,jazz,1,1.3811,2024,2025,exact_normalized_name,matched
Bobby Caldwell,139a00a8-6b21-47c3-9315-60ac5ab2c715,Bobby Caldwell,jazz-funk,1,1.3811,2024,2025,exact_normalized_name,matched
Bobby Caldwell,139a00a8-6b21-47c3-9315-60ac5ab2c715,Bobby Caldwell,r&b,1,1.3811,2024,2025,exact_normalized_name,matched
Bobby Caldwell,139a00a8-6b21-47c3-9315-60ac5ab2c715,Bobby Caldwell,singer-songwriter,1,1.3811,2024,2025,exact_normalized_name,matched
Bobby Caldwell,139a00a8-6b21-47c3-9315-60ac5ab2c715,Bobby Caldwell,soul,1,1.3811,2024,2025,exact_normalized_name,matched
Bobby Caldwell,139a00a8-6b21-47c3-9315-60ac5ab2c715,Bobby Caldwell,white soul,1,1.3811,2024,2025,exact_normalized_name,matched
Charles Ramirez,0d20dea3-a87a-4639-aaa5-4f106f92f54a,Charles Ramirez,,,1.380221,2018,2021,exact_normalized_name,matched
Frann Dj,,,,,1.377606,2019,2019,no_result,not_found
DJ Roman,502f9e7a-31b6-49b2-be3a-7c6ce6eb83f3,DJ Roman,,,1.377155,2021,2023,exact_normalized_name,matched
Cid Inc.,3e20eae5-6037-4445-a5de-bfec0e57e119,Cid Inc,,,1.364863,2020,2025,top_search_result,matched
Joe Cocker,32f2d6bd-c22b-42cf-a7bc-0c4b48cd2bcb,Joe Cocker,rock,6,1.364847,2017,2025,exact_normalized_name,matched
Joe Cocker,32f2d6bd-c22b-42cf-a7bc-0c4b48cd2bcb,Joe Cocker,2008 universal fire victim,1,1.364847,2017,2025,exact_normalized_name,matched
Joe Cocker,32f2d6bd-c22b-42cf-a7bc-0c4b48cd2bcb,Joe Cocker,british,1,1.364847,2017,2025,exact_normalized_name,matched
Joe Cocker,32f2d6bd-c22b-42cf-a7bc-0c4b48cd2bcb,Joe Cocker,pop,1,1.364847,2017,2025,exact_normalized_name,matched
Joe Cocker,32f2d6bd-c22b-42cf-a7bc-0c4b48cd2bcb,Joe Cocker,pop rock,1,1.364847,2017,2025,exact_normalized_name,matched
Joe Cocker,32f2d6bd-c22b-42cf-a7bc-0c4b48cd2bcb,Joe Cocker,rhythm & blues,1,1.364847,2017,2025,exact_normalized_name,matched
Joe Cocker,32f2d6bd-c22b-42cf-a7bc-0c4b48cd2bcb,Joe Cocker,blue eyed soul,0,1.364847,2017,2025,exact_normalized_name,matched
Joe Cocker,32f2d6bd-c22b-42cf-a7bc-0c4b48cd2bcb,Joe Cocker,blue-eyed soul,0,1.364847,2017,2025,exact_normalized_name,matched
Joe Cocker,32f2d6bd-c22b-42cf-a7bc-0c4b48cd2bcb,Joe Cocker,blues,0,1.364847,2017,2025,exact_normalized_name,matched
Joe Cocker,32f2d6bd-c22b-42cf-a7bc-0c4b48cd2bcb,Joe Cocker,blues rock,0,1.364847,2017,2025,exact_normalized_name,matched
Joe Cocker,32f2d6bd-c22b-42cf-a7bc-0c4b48cd2bcb,Joe Cocker,english,0,1.364847,2017,2025,exact_normalized_name,matched
Joe Cocker,32f2d6bd-c22b-42cf-a7bc-0c4b48cd2bcb,Joe Cocker,pop/rock,0,1.364847,2017,2025,exact_normalized_name,matched
Joe Cocker,32f2d6bd-c22b-42cf-a7bc-0c4b48cd2bcb,Joe Cocker,uk,0,1.364847,2017,2025,exact_normalized_name,matched
VITIZE,85ac44e2-637f-4774-8794-ef0f31c612c2,VITIZE,,,1.353569,2018,2021,exact_normalized_name,matched
Cardi B,2f3c4d70-0462-40da-bba3-0aec5772c556,Cardi B,hip hop,13,1.332963,2018,2022,exact_normalized_name,matched
Cardi B,2f3c4d70-0462-40da-bba3-0aec5772c556,Cardi B,east coast hip hop,8,1.332963,2018,2022,exact_normalized_name,matched
Cardi B,2f3c4d70-0462-40da-bba3-0aec5772c556,Cardi B,pop,8,1.332963,2018,2022,exact_normalized_name,matched
Cardi B,2f3c4d70-0462-40da-bba3-0aec5772c556,Cardi B,alternative pop,7,1.332963,2018,2022,exact_normalized_name,matched
Cardi B,2f3c4d70-0462-40da-bba3-0aec5772c556,Cardi B,hardcore hip hop,6,1.332963,2018,2022,exact_normalized_name,matched
Cardi B,2f3c4d70-0462-40da-bba3-0aec5772c556,Cardi B,queer,2,1.332963,2018,2022,exact_normalized_name,matched
Cardi B,2f3c4d70-0462-40da-bba3-0aec5772c556,Cardi B,pop rap,1,1.332963,2018,2022,exact_normalized_name,matched
Cardi B,2f3c4d70-0462-40da-bba3-0aec5772c556,Cardi B,trap,1,1.332963,2018,2022,exact_normalized_name,matched
Cardi B,2f3c4d70-0462-40da-bba3-0aec5772c556,Cardi B,trap soul,1,1.332963,2018,2022,exact_normalized_name,matched
Cardi B,2f3c4d70-0462-40da-bba3-0aec5772c556,Cardi B,awful,0,1.332963,2018,2022,exact_normalized_name,matched
Cardi B,2f3c4d70-0462-40da-bba3-0aec5772c556,Cardi B,englisch,0,1.332963,2018,2022,exact_normalized_name,matched
Cardi B,2f3c4d70-0462-40da-bba3-0aec5772c556,Cardi B,english,0,1.332963,2018,2022,exact_normalized_name,matched
Cardi B,2f3c4d70-0462-40da-bba3-0aec5772c556,Cardi B,late 2010s,0,1.332963,2018,2022,exact_normalized_name,matched
Cardi B,2f3c4d70-0462-40da-bba3-0aec5772c556,Cardi B,lick,0,1.332963,2018,2022,exact_normalized_name,matched
Cardi B,2f3c4d70-0462-40da-bba3-0aec5772c556,Cardi B,rap,0,1.332963,2018,2022,exact_normalized_name,matched
Cardi B,2f3c4d70-0462-40da-bba3-0aec5772c556,Cardi B,relic inn,0,1.332963,2018,2022,exact_normalized_name,matched
Tim Engelhardt,60154106-f0a2-4e8e-b492-b9195db4a337,Tim Engelhardt,deep house,1,1.332227,2020,2025,exact_normalized_name,matched
Tim Engelhardt,60154106-f0a2-4e8e-b492-b9195db4a337,Tim Engelhardt,deep tech,1,1.332227,2020,2025,exact_normalized_name,matched
Tim Engelhardt,60154106-f0a2-4e8e-b492-b9195db4a337,Tim Engelhardt,electronica,1,1.332227,2020,2025,exact_normalized_name,matched
Tim Engelhardt,60154106-f0a2-4e8e-b492-b9195db4a337,Tim Engelhardt,house,1,1.332227,2020,2025,exact_normalized_name,matched
Tim Engelhardt,60154106-f0a2-4e8e-b492-b9195db4a337,Tim Engelhardt,melodic house,1,1.332227,2020,2025,exact_normalized_name,matched
Tim Engelhardt,60154106-f0a2-4e8e-b492-b9195db4a337,Tim Engelhardt,melodic techno,1,1.332227,2020,2025,exact_normalized_name,matched
Tim Engelhardt,60154106-f0a2-4e8e-b492-b9195db4a337,Tim Engelhardt,minimal tech,1,1.332227,2020,2025,exact_normalized_name,matched
Tim Engelhardt,60154106-f0a2-4e8e-b492-b9195db4a337,Tim Engelhardt,peak time techno,1,1.332227,2020,2025,exact_normalized_name,matched
Tim Engelhardt,60154106-f0a2-4e8e-b492-b9195db4a337,Tim Engelhardt,tech house,1,1.332227,2020,2025,exact_normalized_name,matched
Tim Engelhardt,60154106-f0a2-4e8e-b492-b9195db4a337,Tim Engelhardt,techno,1,1.332227,2020,2025,exact_normalized_name,matched
Armen Miran,a10b650c-b305-4943-a412-20b56c122eb2,Armen Miran,,,1.330401,2020,2024,exact_normalized_name,matched
La Joaqui,9942951b-9bf4-4314-9395-1f69d5468d78,La Joaqui,,,1.328148,2022,2024,exact_normalized_name,matched
Tujamo,b54f0842-5a48-4b6d-a8f5-8fa2cb23f9d2,Tujamo,electro house,1,1.326195,2018,2021,exact_normalized_name,matched
Tujamo,b54f0842-5a48-4b6d-a8f5-8fa2cb23f9d2,Tujamo,electronic,1,1.326195,2018,2021,exact_normalized_name,matched
Tujamo,b54f0842-5a48-4b6d-a8f5-8fa2cb23f9d2,Tujamo,house,1,1.326195,2018,2021,exact_normalized_name,matched
Tujamo,b54f0842-5a48-4b6d-a8f5-8fa2cb23f9d2,Tujamo,english,0,1.326195,2018,2021,exact_normalized_name,matched
Tujamo,b54f0842-5a48-4b6d-a8f5-8fa2cb23f9d2,Tujamo,edm,-1,1.326195,2018,2021,exact_normalized_name,matched
Gotye,6f6fd596-76e0-4b82-aa37-f558ac2d337b,Gotye,rock,4,1.32192,2019,2025,exact_normalized_name,matched
Gotye,6f6fd596-76e0-4b82-aa37-f558ac2d337b,Gotye,art pop,3,1.32192,2019,2025,exact_normalized_name,matched
Gotye,6f6fd596-76e0-4b82-aa37-f558ac2d337b,Gotye,indie pop,3,1.32192,2019,2025,exact_normalized_name,matched
Gotye,6f6fd596-76e0-4b82-aa37-f558ac2d337b,Gotye,indie rock,3,1.32192,2019,2025,exact_normalized_name,matched
Gotye,6f6fd596-76e0-4b82-aa37-f558ac2d337b,Gotye,pop,3,1.32192,2019,2025,exact_normalized_name,matched
Gotye,6f6fd596-76e0-4b82-aa37-f558ac2d337b,Gotye,trip hop,3,1.32192,2019,2025,exact_normalized_name,matched
Gotye,6f6fd596-76e0-4b82-aa37-f558ac2d337b,Gotye,chamber pop,2,1.32192,2019,2025,exact_normalized_name,matched
Gotye,6f6fd596-76e0-4b82-aa37-f558ac2d337b,Gotye,indietronica,2,1.32192,2019,2025,exact_normalized_name,matched
Gotye,6f6fd596-76e0-4b82-aa37-f558ac2d337b,Gotye,alternative,1,1.32192,2019,2025,exact_normalized_name,matched
Gotye,6f6fd596-76e0-4b82-aa37-f558ac2d337b,Gotye,alternative pop,1,1.32192,2019,2025,exact_normalized_name,matched
Gotye,6f6fd596-76e0-4b82-aa37-f558ac2d337b,Gotye,alternative rock,1,1.32192,2019,2025,exact_normalized_name,matched
Gotye,6f6fd596-76e0-4b82-aa37-f558ac2d337b,Gotye,alternative/indie rock,1,1.32192,2019,2025,exact_normalized_name,matched
Gotye,6f6fd596-76e0-4b82-aa37-f558ac2d337b,Gotye,downtempo,1,1.32192,2019,2025,exact_normalized_name,matched
Gotye,6f6fd596-76e0-4b82-aa37-f558ac2d337b,Gotye,electronic,1,1.32192,2019,2025,exact_normalized_name,matched
Gotye,6f6fd596-76e0-4b82-aa37-f558ac2d337b,Gotye,electronica,1,1.32192,2019,2025,exact_normalized_name,matched
Gotye,6f6fd596-76e0-4b82-aa37-f558ac2d337b,Gotye,indie electronic,1,1.32192,2019,2025,exact_normalized_name,matched
Gotye,6f6fd596-76e0-4b82-aa37-f558ac2d337b,Gotye,one-hit wonder,1,1.32192,2019,2025,exact_normalized_name,matched
Gotye,6f6fd596-76e0-4b82-aa37-f558ac2d337b,Gotye,singer-songwriter,1,1.32192,2019,2025,exact_normalized_name,matched
Gotye,6f6fd596-76e0-4b82-aa37-f558ac2d337b,Gotye,synthpop,1,1.32192,2019,2025,exact_normalized_name,matched
Gotye,6f6fd596-76e0-4b82-aa37-f558ac2d337b,Gotye,trip-hop,1,1.32192,2019,2025,exact_normalized_name,matched
Fred again..,bca46a0c-25c9-42ca-98c2-e64c8a5e337e,Fred again..,electronic,5,1.319868,2021,2024,exact_normalized_name,matched
Fred again..,bca46a0c-25c9-42ca-98c2-e64c8a5e337e,Fred again..,edm,4,1.319868,2021,2024,exact_normalized_name,matched
Fred again..,bca46a0c-25c9-42ca-98c2-e64c8a5e337e,Fred again..,uk garage,4,1.319868,2021,2024,exact_normalized_name,matched
Fred again..,bca46a0c-25c9-42ca-98c2-e64c8a5e337e,Fred again..,future garage,3,1.319868,2021,2024,exact_normalized_name,matched
Fred again..,bca46a0c-25c9-42ca-98c2-e64c8a5e337e,Fred again..,dance,2,1.319868,2021,2024,exact_normalized_name,matched
Fred again..,bca46a0c-25c9-42ca-98c2-e64c8a5e337e,Fred again..,garage,2,1.319868,2021,2024,exact_normalized_name,matched
Fred again..,bca46a0c-25c9-42ca-98c2-e64c8a5e337e,Fred again..,stutter house,2,1.319868,2021,2024,exact_normalized_name,matched
Fred again..,bca46a0c-25c9-42ca-98c2-e64c8a5e337e,Fred again..,bass house,1,1.319868,2021,2024,exact_normalized_name,matched
Fred again..,bca46a0c-25c9-42ca-98c2-e64c8a5e337e,Fred again..,bassline,1,1.319868,2021,2024,exact_normalized_name,matched
Fred again..,bca46a0c-25c9-42ca-98c2-e64c8a5e337e,Fred again..,breakbeat,1,1.319868,2021,2024,exact_normalized_name,matched
Fred again..,bca46a0c-25c9-42ca-98c2-e64c8a5e337e,Fred again..,breaks,1,1.319868,2021,2024,exact_normalized_name,matched
Fred again..,bca46a0c-25c9-42ca-98c2-e64c8a5e337e,Fred again..,club,1,1.319868,2021,2024,exact_normalized_name,matched
Fred again..,bca46a0c-25c9-42ca-98c2-e64c8a5e337e,Fred again..,deep dubstep,1,1.319868,2021,2024,exact_normalized_name,matched
Fred again..,bca46a0c-25c9-42ca-98c2-e64c8a5e337e,Fred again..,deep house,1,1.319868,2021,2024,exact_normalized_name,matched
Fred again..,bca46a0c-25c9-42ca-98c2-e64c8a5e337e,Fred again..,downtempo,1,1.319868,2021,2024,exact_normalized_name,matched
Fred again..,bca46a0c-25c9-42ca-98c2-e64c8a5e337e,Fred again..,drum and bass,1,1.319868,2021,2024,exact_normalized_name,matched
Fred again..,bca46a0c-25c9-42ca-98c2-e64c8a5e337e,Fred again..,electronica,1,1.319868,2021,2024,exact_normalized_name,matched
Fred again..,bca46a0c-25c9-42ca-98c2-e64c8a5e337e,Fred again..,électronique,1,1.319868,2021,2024,exact_normalized_name,matched
Fred again..,bca46a0c-25c9-42ca-98c2-e64c8a5e337e,Fred again..,future bass,1,1.319868,2021,2024,exact_normalized_name,matched
Fred again..,bca46a0c-25c9-42ca-98c2-e64c8a5e337e,Fred again..,grime,1,1.319868,2021,2024,exact_normalized_name,matched
Fred again..,bca46a0c-25c9-42ca-98c2-e64c8a5e337e,Fred again..,hip hop,1,1.319868,2021,2024,exact_normalized_name,matched
Fred again..,bca46a0c-25c9-42ca-98c2-e64c8a5e337e,Fred again..,house,1,1.319868,2021,2024,exact_normalized_name,matched
Fred again..,bca46a0c-25c9-42ca-98c2-e64c8a5e337e,Fred again..,house music,1,1.319868,2021,2024,exact_normalized_name,matched
Fred again..,bca46a0c-25c9-42ca-98c2-e64c8a5e337e,Fred again..,latin,1,1.319868,2021,2024,exact_normalized_name,matched
Fred again..,bca46a0c-25c9-42ca-98c2-e64c8a5e337e,Fred again..,pop,1,1.319868,2021,2024,exact_normalized_name,matched
Fred again..,bca46a0c-25c9-42ca-98c2-e64c8a5e337e,Fred again..,trap,1,1.319868,2021,2024,exact_normalized_name,matched
Bill Withers,fd1a2d9d-9bb6-44de-83a3-41560658aba9,Bill Withers,soul,4,1.313737,2023,2025,exact_normalized_name,matched
Bill Withers,fd1a2d9d-9bb6-44de-83a3-41560658aba9,Bill Withers,pop soul,2,1.313737,2023,2025,exact_normalized_name,matched
Bill Withers,fd1a2d9d-9bb6-44de-83a3-41560658aba9,Bill Withers,1970s,1,1.313737,2023,2025,exact_normalized_name,matched
Bill Withers,fd1a2d9d-9bb6-44de-83a3-41560658aba9,Bill Withers,deep soul,1,1.313737,2023,2025,exact_normalized_name,matched
Bill Withers,fd1a2d9d-9bb6-44de-83a3-41560658aba9,Bill Withers,funk,1,1.313737,2023,2025,exact_normalized_name,matched
Bill Withers,fd1a2d9d-9bb6-44de-83a3-41560658aba9,Bill Withers,motown,1,1.313737,2023,2025,exact_normalized_name,matched
Bill Withers,fd1a2d9d-9bb6-44de-83a3-41560658aba9,Bill Withers,rhythm & blues,1,1.313737,2023,2025,exact_normalized_name,matched
Bill Withers,fd1a2d9d-9bb6-44de-83a3-41560658aba9,Bill Withers,smooth soul,1,1.313737,2023,2025,exact_normalized_name,matched
Bill Withers,fd1a2d9d-9bb6-44de-83a3-41560658aba9,Bill Withers,classic pop and rock,0,1.313737,2023,2025,exact_normalized_name,matched
Warm Zephyr,,,,,1.303889,2017,2017,no_result,not_found
Brray,7cc8802d-0c05-4f78-ad35-421fea79dd0c,Brray,latin,1,1.298958,2023,2025,exact_normalized_name,matched
Brray,7cc8802d-0c05-4f78-ad35-421fea79dd0c,Brray,latin urban,1,1.298958,2023,2025,exact_normalized_name,matched
Brray,7cc8802d-0c05-4f78-ad35-421fea79dd0c,Brray,reggaeton,1,1.298958,2023,2025,exact_normalized_name,matched
Brray,7cc8802d-0c05-4f78-ad35-421fea79dd0c,Brray,trap latino,1,1.298958,2023,2025,exact_normalized_name,matched
Techno House,1f48780e-1e13-4789-abbb-28a01af6b4fd,Techno House,,,1.28625,2019,2019,exact_normalized_name,matched
Mik,f1686ac4-3f28-4789-88eb-083ccb3a213a,Mik,,,1.280432,2021,2021,exact_normalized_name,matched
Thee Sacred Souls,32b87bbc-2363-457a-97b4-3103a569f3a7,Thee Sacred Souls,smooth soul,2,1.280135,2024,2025,exact_normalized_name,matched
Thee Sacred Souls,32b87bbc-2363-457a-97b4-3103a569f3a7,Thee Sacred Souls,soul,2,1.280135,2024,2025,exact_normalized_name,matched
Thee Sacred Souls,32b87bbc-2363-457a-97b4-3103a569f3a7,Thee Sacred Souls,chicago soul,1,1.280135,2024,2025,exact_normalized_name,matched
Charly García,dd999ced-1dd4-44b8-ab67-ee5ec23e52b7,Charly García,rock,4,1.277225,2017,2025,exact_normalized_name,matched
Charly García,dd999ced-1dd4-44b8-ab67-ee5ec23e52b7,Charly García,latin rock,3,1.277225,2017,2025,exact_normalized_name,matched
Charly García,dd999ced-1dd4-44b8-ab67-ee5ec23e52b7,Charly García,new wave,3,1.277225,2017,2025,exact_normalized_name,matched
Charly García,dd999ced-1dd4-44b8-ab67-ee5ec23e52b7,Charly García,singer-songwriter,3,1.277225,2017,2025,exact_normalized_name,matched
Charly García,dd999ced-1dd4-44b8-ab67-ee5ec23e52b7,Charly García,argentina,2,1.277225,2017,2025,exact_normalized_name,matched
Charly García,dd999ced-1dd4-44b8-ab67-ee5ec23e52b7,Charly García,argentinian rock,2,1.277225,2017,2025,exact_normalized_name,matched
Charly García,dd999ced-1dd4-44b8-ab67-ee5ec23e52b7,Charly García,latin pop,2,1.277225,2017,2025,exact_normalized_name,matched
Charly García,dd999ced-1dd4-44b8-ab67-ee5ec23e52b7,Charly García,alternative rock,1,1.277225,2017,2025,exact_normalized_name,matched
Charly García,dd999ced-1dd4-44b8-ab67-ee5ec23e52b7,Charly García,aor,1,1.277225,2017,2025,exact_normalized_name,matched
Charly García,dd999ced-1dd4-44b8-ab67-ee5ec23e52b7,Charly García,art pop,1,1.277225,2017,2025,exact_normalized_name,matched
Charly García,dd999ced-1dd4-44b8-ab67-ee5ec23e52b7,Charly García,art rock,1,1.277225,2017,2025,exact_normalized_name,matched
Charly García,dd999ced-1dd4-44b8-ab67-ee5ec23e52b7,Charly García,blues rock,1,1.277225,2017,2025,exact_normalized_name,matched
Charly García,dd999ced-1dd4-44b8-ab67-ee5ec23e52b7,Charly García,experimental rock,1,1.277225,2017,2025,exact_normalized_name,matched
Charly García,dd999ced-1dd4-44b8-ab67-ee5ec23e52b7,Charly García,funk,1,1.277225,2017,2025,exact_normalized_name,matched
Charly García,dd999ced-1dd4-44b8-ab67-ee5ec23e52b7,Charly García,funk rock,1,1.277225,2017,2025,exact_normalized_name,matched
Charly García,dd999ced-1dd4-44b8-ab67-ee5ec23e52b7,Charly García,gothic rock,1,1.277225,2017,2025,exact_normalized_name,matched
Charly García,dd999ced-1dd4-44b8-ab67-ee5ec23e52b7,Charly García,hard rock,1,1.277225,2017,2025,exact_normalized_name,matched
Charly García,dd999ced-1dd4-44b8-ab67-ee5ec23e52b7,Charly García,latin american rock,1,1.277225,2017,2025,exact_normalized_name,matched
Charly García,dd999ced-1dd4-44b8-ab67-ee5ec23e52b7,Charly García,opera rock,1,1.277225,2017,2025,exact_normalized_name,matched
Charly García,dd999ced-1dd4-44b8-ab67-ee5ec23e52b7,Charly García,operatic pop,1,1.277225,2017,2025,exact_normalized_name,matched
Charly García,dd999ced-1dd4-44b8-ab67-ee5ec23e52b7,Charly García,pop,1,1.277225,2017,2025,exact_normalized_name,matched
Charly García,dd999ced-1dd4-44b8-ab67-ee5ec23e52b7,Charly García,pop rock,1,1.277225,2017,2025,exact_normalized_name,matched
Charly García,dd999ced-1dd4-44b8-ab67-ee5ec23e52b7,Charly García,progressive pop,1,1.277225,2017,2025,exact_normalized_name,matched
Charly García,dd999ced-1dd4-44b8-ab67-ee5ec23e52b7,Charly García,progressive rock,1,1.277225,2017,2025,exact_normalized_name,matched
Charly García,dd999ced-1dd4-44b8-ab67-ee5ec23e52b7,Charly García,soft rock,1,1.277225,2017,2025,exact_normalized_name,matched
Charly García,dd999ced-1dd4-44b8-ab67-ee5ec23e52b7,Charly García,symphonic rock,1,1.277225,2017,2025,exact_normalized_name,matched
Charly García,dd999ced-1dd4-44b8-ab67-ee5ec23e52b7,Charly García,synth-pop,1,1.277225,2017,2025,exact_normalized_name,matched
Charly García,dd999ced-1dd4-44b8-ab67-ee5ec23e52b7,Charly García,tango rock,1,1.277225,2017,2025,exact_normalized_name,matched
Charly García,dd999ced-1dd4-44b8-ab67-ee5ec23e52b7,Charly García,argentine rock,0,1.277225,2017,2025,exact_normalized_name,matched
Charly García,dd999ced-1dd4-44b8-ab67-ee5ec23e52b7,Charly García,latin pop/rock,0,1.277225,2017,2025,exact_normalized_name,matched
Charly García,dd999ced-1dd4-44b8-ab67-ee5ec23e52b7,Charly García,pop/rock,0,1.277225,2017,2025,exact_normalized_name,matched
Charly García,dd999ced-1dd4-44b8-ab67-ee5ec23e52b7,Charly García,singer/songwriter,0,1.277225,2017,2025,exact_normalized_name,matched
Nina Kraviz,5dd3cf5b-474d-465a-a539-456d7e125ebc,Nina Kraviz,,,1.276066,2020,2024,exact_normalized_name,matched
Brian Cid,fde7b513-b96c-4cb8-bae6-75deac21adb4,Brian Cid,minimal techno,1,1.275528,2022,2025,exact_normalized_name,matched
Brian Cid,fde7b513-b96c-4cb8-bae6-75deac21adb4,Brian Cid,progressive house,1,1.275528,2022,2025,exact_normalized_name,matched
ECKO,62b11553-65f3-4dc3-b398-8de3d3d548bf,Ecko,,,1.274456,2017,2025,exact_normalized_name,matched
Rodriguez Jr.,e2cf5b7b-63fa-4975-8b2d-bcefcd698ceb,Rodriguez Jr.,dance,1,1.271554,2020,2025,exact_normalized_name,matched
Rodriguez Jr.,e2cf5b7b-63fa-4975-8b2d-bcefcd698ceb,Rodriguez Jr.,deep house,1,1.271554,2020,2025,exact_normalized_name,matched
Rodriguez Jr.,e2cf5b7b-63fa-4975-8b2d-bcefcd698ceb,Rodriguez Jr.,electronic,1,1.271554,2020,2025,exact_normalized_name,matched
Rodriguez Jr.,e2cf5b7b-63fa-4975-8b2d-bcefcd698ceb,Rodriguez Jr.,tech house,1,1.271554,2020,2025,exact_normalized_name,matched
Rodriguez Jr.,e2cf5b7b-63fa-4975-8b2d-bcefcd698ceb,Rodriguez Jr.,techno,1,1.271554,2020,2025,exact_normalized_name,matched
Ricketed Faith,,,,,1.267889,2017,2017,no_result,not_found
Kreature,3f2c4482-5782-4e68-a949-c9fb5c90534d,Kreature,,,1.261591,2021,2024,exact_normalized_name,matched
Joyce Muniz,80f85079-89aa-4b52-94ba-f1e6ba8920f6,Joyce Muniz,,,1.255054,2019,2024,exact_normalized_name,matched
Foster The People,e0e1a584-dd0a-4bd1-88d1-c4c62895039d,Foster the People,indie pop,2,1.254684,2017,2025,exact_normalized_name,matched
Foster The People,e0e1a584-dd0a-4bd1-88d1-c4c62895039d,Foster the People,pop,2,1.254684,2017,2025,exact_normalized_name,matched
Foster The People,e0e1a584-dd0a-4bd1-88d1-c4c62895039d,Foster the People,alternative,1,1.254684,2017,2025,exact_normalized_name,matched
Foster The People,e0e1a584-dd0a-4bd1-88d1-c4c62895039d,Foster the People,dance-pop,1,1.254684,2017,2025,exact_normalized_name,matched
Foster The People,e0e1a584-dd0a-4bd1-88d1-c4c62895039d,Foster the People,indie,1,1.254684,2017,2025,exact_normalized_name,matched
Khan,a50084a5-7009-47a1-81b7-1bb18d09bda4,Khan,amapiano,1,1.254123,2022,2024,exact_normalized_name,matched
Khan,a50084a5-7009-47a1-81b7-1bb18d09bda4,Khan,breakbeat,1,1.254123,2022,2024,exact_normalized_name,matched
Khan,a50084a5-7009-47a1-81b7-1bb18d09bda4,Khan,breaks,1,1.254123,2022,2024,exact_normalized_name,matched
Khan,a50084a5-7009-47a1-81b7-1bb18d09bda4,Khan,dance,1,1.254123,2022,2024,exact_normalized_name,matched
Khan,a50084a5-7009-47a1-81b7-1bb18d09bda4,Khan,deep house,1,1.254123,2022,2024,exact_normalized_name,matched
Khan,a50084a5-7009-47a1-81b7-1bb18d09bda4,Khan,deep tech,1,1.254123,2022,2024,exact_normalized_name,matched
Khan,a50084a5-7009-47a1-81b7-1bb18d09bda4,Khan,dj tools / acapellas,1,1.254123,2022,2024,exact_normalized_name,matched
Khan,a50084a5-7009-47a1-81b7-1bb18d09bda4,Khan,downtempo,1,1.254123,2022,2024,exact_normalized_name,matched
Khan,a50084a5-7009-47a1-81b7-1bb18d09bda4,Khan,drum and bass,1,1.254123,2022,2024,exact_normalized_name,matched
Khan,a50084a5-7009-47a1-81b7-1bb18d09bda4,Khan,dubstep,1,1.254123,2022,2024,exact_normalized_name,matched
Khan,a50084a5-7009-47a1-81b7-1bb18d09bda4,Khan,edm,1,1.254123,2022,2024,exact_normalized_name,matched
Khan,a50084a5-7009-47a1-81b7-1bb18d09bda4,Khan,electronica,1,1.254123,2022,2024,exact_normalized_name,matched
Khan,a50084a5-7009-47a1-81b7-1bb18d09bda4,Khan,future bass,1,1.254123,2022,2024,exact_normalized_name,matched
Khan,a50084a5-7009-47a1-81b7-1bb18d09bda4,Khan,hip hop,1,1.254123,2022,2024,exact_normalized_name,matched
Khan,a50084a5-7009-47a1-81b7-1bb18d09bda4,Khan,house,1,1.254123,2022,2024,exact_normalized_name,matched
Khan,a50084a5-7009-47a1-81b7-1bb18d09bda4,Khan,indie dance,1,1.254123,2022,2024,exact_normalized_name,matched
Khan,a50084a5-7009-47a1-81b7-1bb18d09bda4,Khan,melodic house,1,1.254123,2022,2024,exact_normalized_name,matched
Khan,a50084a5-7009-47a1-81b7-1bb18d09bda4,Khan,melodic techno,1,1.254123,2022,2024,exact_normalized_name,matched
Khan,a50084a5-7009-47a1-81b7-1bb18d09bda4,Khan,organic house,1,1.254123,2022,2024,exact_normalized_name,matched
Khan,a50084a5-7009-47a1-81b7-1bb18d09bda4,Khan,pop,1,1.254123,2022,2024,exact_normalized_name,matched
Khan,a50084a5-7009-47a1-81b7-1bb18d09bda4,Khan,progressive house,1,1.254123,2022,2024,exact_normalized_name,matched
Khan,a50084a5-7009-47a1-81b7-1bb18d09bda4,Khan,tech house,1,1.254123,2022,2024,exact_normalized_name,matched
Khan,a50084a5-7009-47a1-81b7-1bb18d09bda4,Khan,techno,1,1.254123,2022,2024,exact_normalized_name,matched
Khan,a50084a5-7009-47a1-81b7-1bb18d09bda4,Khan,trap,1,1.254123,2022,2024,exact_normalized_name,matched
Chris Lake,fca94d64-9ada-4264-9373-4158e2f7c7e7,Chris Lake,house,4,1.253401,2018,2025,exact_normalized_name,matched
Chris Lake,fca94d64-9ada-4264-9373-4158e2f7c7e7,Chris Lake,edm,2,1.253401,2018,2025,exact_normalized_name,matched
Chris Lake,fca94d64-9ada-4264-9373-4158e2f7c7e7,Chris Lake,electro house,2,1.253401,2018,2025,exact_normalized_name,matched
Chris Lake,fca94d64-9ada-4264-9373-4158e2f7c7e7,Chris Lake,electronic,2,1.253401,2018,2025,exact_normalized_name,matched
Chris Lake,fca94d64-9ada-4264-9373-4158e2f7c7e7,Chris Lake,tech house,2,1.253401,2018,2025,exact_normalized_name,matched
Chris Lake,fca94d64-9ada-4264-9373-4158e2f7c7e7,Chris Lake,bass,1,1.253401,2018,2025,exact_normalized_name,matched
Chris Lake,fca94d64-9ada-4264-9373-4158e2f7c7e7,Chris Lake,bass house,1,1.253401,2018,2025,exact_normalized_name,matched
Chris Lake,fca94d64-9ada-4264-9373-4158e2f7c7e7,Chris Lake,bassline,1,1.253401,2018,2025,exact_normalized_name,matched
Chris Lake,fca94d64-9ada-4264-9373-4158e2f7c7e7,Chris Lake,club,1,1.253401,2018,2025,exact_normalized_name,matched
Chris Lake,fca94d64-9ada-4264-9373-4158e2f7c7e7,Chris Lake,dance,1,1.253401,2018,2025,exact_normalized_name,matched
Chris Lake,fca94d64-9ada-4264-9373-4158e2f7c7e7,Chris Lake,dance-pop,1,1.253401,2018,2025,exact_normalized_name,matched
Chris Lake,fca94d64-9ada-4264-9373-4158e2f7c7e7,Chris Lake,deep house,1,1.253401,2018,2025,exact_normalized_name,matched
Chris Lake,fca94d64-9ada-4264-9373-4158e2f7c7e7,Chris Lake,drum and bass,1,1.253401,2018,2025,exact_normalized_name,matched
Chris Lake,fca94d64-9ada-4264-9373-4158e2f7c7e7,Chris Lake,electronica,1,1.253401,2018,2025,exact_normalized_name,matched
Chris Lake,fca94d64-9ada-4264-9373-4158e2f7c7e7,Chris Lake,future bass,1,1.253401,2018,2025,exact_normalized_name,matched
Chris Lake,fca94d64-9ada-4264-9373-4158e2f7c7e7,Chris Lake,house music,1,1.253401,2018,2025,exact_normalized_name,matched
Chris Lake,fca94d64-9ada-4264-9373-4158e2f7c7e7,Chris Lake,melodic house,1,1.253401,2018,2025,exact_normalized_name,matched
Chris Lake,fca94d64-9ada-4264-9373-4158e2f7c7e7,Chris Lake,melodic techno,1,1.253401,2018,2025,exact_normalized_name,matched
Chris Lake,fca94d64-9ada-4264-9373-4158e2f7c7e7,Chris Lake,pop,1,1.253401,2018,2025,exact_normalized_name,matched
Chris Lake,fca94d64-9ada-4264-9373-4158e2f7c7e7,Chris Lake,progressive house,1,1.253401,2018,2025,exact_normalized_name,matched
Chris Lake,fca94d64-9ada-4264-9373-4158e2f7c7e7,Chris Lake,tech-house,1,1.253401,2018,2025,exact_normalized_name,matched
Chris Lake,fca94d64-9ada-4264-9373-4158e2f7c7e7,Chris Lake,techno,1,1.253401,2018,2025,exact_normalized_name,matched
Chris Lake,fca94d64-9ada-4264-9373-4158e2f7c7e7,Chris Lake,trance,1,1.253401,2018,2025,exact_normalized_name,matched
Chris Lake,fca94d64-9ada-4264-9373-4158e2f7c7e7,Chris Lake,trap,1,1.253401,2018,2025,exact_normalized_name,matched
Chris Lake,fca94d64-9ada-4264-9373-4158e2f7c7e7,Chris Lake,uk garage,1,1.253401,2018,2025,exact_normalized_name,matched
Manuel Turizo,30a57b7b-47c9-4234-86fd-9b8ff660e7cb,Manuel Turizo,latin,1,1.248755,2018,2024,exact_normalized_name,matched
Manuel Turizo,30a57b7b-47c9-4234-86fd-9b8ff660e7cb,Manuel Turizo,latin pop,1,1.248755,2018,2024,exact_normalized_name,matched
Manuel Turizo,30a57b7b-47c9-4234-86fd-9b8ff660e7cb,Manuel Turizo,latin urban,1,1.248755,2018,2024,exact_normalized_name,matched
Manuel Turizo,30a57b7b-47c9-4234-86fd-9b8ff660e7cb,Manuel Turizo,reggaeton,1,1.248755,2018,2024,exact_normalized_name,matched
6ix9ine,2282c539-05a2-477c-82b7-fe40798d37f3,Tekashi 6ix9ine,hip hop,2,1.241069,2018,2025,top_search_result,matched
6ix9ine,2282c539-05a2-477c-82b7-fe40798d37f3,Tekashi 6ix9ine,trap,2,1.241069,2018,2025,top_search_result,matched
6ix9ine,2282c539-05a2-477c-82b7-fe40798d37f3,Tekashi 6ix9ine,2010s,1,1.241069,2018,2025,top_search_result,matched
6ix9ine,2282c539-05a2-477c-82b7-fe40798d37f3,Tekashi 6ix9ine,criminal,1,1.241069,2018,2025,top_search_result,matched
6ix9ine,2282c539-05a2-477c-82b7-fe40798d37f3,Tekashi 6ix9ine,drill,1,1.241069,2018,2025,top_search_result,matched
6ix9ine,2282c539-05a2-477c-82b7-fe40798d37f3,Tekashi 6ix9ine,east coast hip hop,1,1.241069,2018,2025,top_search_result,matched
6ix9ine,2282c539-05a2-477c-82b7-fe40798d37f3,Tekashi 6ix9ine,hardcore hip hop,1,1.241069,2018,2025,top_search_result,matched
6ix9ine,2282c539-05a2-477c-82b7-fe40798d37f3,Tekashi 6ix9ine,rap,0,1.241069,2018,2025,top_search_result,matched
WhoMadeWho,e731ab08-45c4-4e98-a1e4-7a16462c9cfb,WhoMadeWho,,,1.234302,2020,2025,exact_normalized_name,matched
Julie London,e7ee5f13-baf5-4a87-b58b-f871c137d4f5,Julie London,traditional pop,3,1.232626,2024,2025,exact_normalized_name,matched
Julie London,e7ee5f13-baf5-4a87-b58b-f871c137d4f5,Julie London,jazz,2,1.232626,2024,2025,exact_normalized_name,matched
Julie London,e7ee5f13-baf5-4a87-b58b-f871c137d4f5,Julie London,easy listening,1,1.232626,2024,2025,exact_normalized_name,matched
Julie London,e7ee5f13-baf5-4a87-b58b-f871c137d4f5,Julie London,vocal jazz,1,1.232626,2024,2025,exact_normalized_name,matched
Julie London,e7ee5f13-baf5-4a87-b58b-f871c137d4f5,Julie London,bossa nova,0,1.232626,2024,2025,exact_normalized_name,matched
Julie London,e7ee5f13-baf5-4a87-b58b-f871c137d4f5,Julie London,standards,0,1.232626,2024,2025,exact_normalized_name,matched
Sainte Vie,8b01dc2e-22f4-4929-bce6-aa6404f3c0ce,Sainte Vie,,,1.231213,2020,2025,exact_normalized_name,matched
No Doubt,fbd2a255-1d57-4d31-ac11-65b671c19958,No Doubt,ska punk,9,1.229647,2023,2025,exact_normalized_name,matched
No Doubt,fbd2a255-1d57-4d31-ac11-65b671c19958,No Doubt,pop rock,5,1.229647,2023,2025,exact_normalized_name,matched
No Doubt,fbd2a255-1d57-4d31-ac11-65b671c19958,No Doubt,alternative rock,4,1.229647,2023,2025,exact_normalized_name,matched
No Doubt,fbd2a255-1d57-4d31-ac11-65b671c19958,No Doubt,third wave ska,3,1.229647,2023,2025,exact_normalized_name,matched
No Doubt,fbd2a255-1d57-4d31-ac11-65b671c19958,No Doubt,pop,2,1.229647,2023,2025,exact_normalized_name,matched
No Doubt,fbd2a255-1d57-4d31-ac11-65b671c19958,No Doubt,rock,2,1.229647,2023,2025,exact_normalized_name,matched
No Doubt,fbd2a255-1d57-4d31-ac11-65b671c19958,No Doubt,ska,2,1.229647,2023,2025,exact_normalized_name,matched
No Doubt,fbd2a255-1d57-4d31-ac11-65b671c19958,No Doubt,2008 universal fire victim,1,1.229647,2023,2025,exact_normalized_name,matched
No Doubt,fbd2a255-1d57-4d31-ac11-65b671c19958,No Doubt,pop reggae,1,1.229647,2023,2025,exact_normalized_name,matched
No Doubt,fbd2a255-1d57-4d31-ac11-65b671c19958,No Doubt,power pop,1,1.229647,2023,2025,exact_normalized_name,matched
No Doubt,fbd2a255-1d57-4d31-ac11-65b671c19958,No Doubt,rock and indie,1,1.229647,2023,2025,exact_normalized_name,matched
No Doubt,fbd2a255-1d57-4d31-ac11-65b671c19958,No Doubt,united states,1,1.229647,2023,2025,exact_normalized_name,matched
No Doubt,fbd2a255-1d57-4d31-ac11-65b671c19958,No Doubt,american,0,1.229647,2023,2025,exact_normalized_name,matched
No Doubt,fbd2a255-1d57-4d31-ac11-65b671c19958,No Doubt,c’était mieux avant,0,1.229647,2023,2025,exact_normalized_name,matched
No Doubt,fbd2a255-1d57-4d31-ac11-65b671c19958,No Doubt,gwen stefani,-1,1.229647,2023,2025,exact_normalized_name,matched
No Te Va Gustar,bbd05acc-33f0-4db6-bc01-41c8b4bfe2df,No Te Va Gustar,,,1.223733,2019,2025,exact_normalized_name,matched
Dinah Washington,d385947d-c00d-4311-9cf1-a032a1d4040b,Dinah Washington,blues,3,1.214196,2024,2025,exact_normalized_name,matched
Dinah Washington,d385947d-c00d-4311-9cf1-a032a1d4040b,Dinah Washington,jazz,3,1.214196,2024,2025,exact_normalized_name,matched
Dinah Washington,d385947d-c00d-4311-9cf1-a032a1d4040b,Dinah Washington,vocal jazz,2,1.214196,2024,2025,exact_normalized_name,matched
Dinah Washington,d385947d-c00d-4311-9cf1-a032a1d4040b,Dinah Washington,r&b,1,1.214196,2024,2025,exact_normalized_name,matched
Dinah Washington,d385947d-c00d-4311-9cf1-a032a1d4040b,Dinah Washington,rhythm & blues,1,1.214196,2024,2025,exact_normalized_name,matched
Dinah Washington,d385947d-c00d-4311-9cf1-a032a1d4040b,Dinah Washington,standards,1,1.214196,2024,2025,exact_normalized_name,matched
Dinah Washington,d385947d-c00d-4311-9cf1-a032a1d4040b,Dinah Washington,traditional pop,1,1.214196,2024,2025,exact_normalized_name,matched
Dinah Washington,d385947d-c00d-4311-9cf1-a032a1d4040b,Dinah Washington,american,0,1.214196,2024,2025,exact_normalized_name,matched
Dinah Washington,d385947d-c00d-4311-9cf1-a032a1d4040b,Dinah Washington,classic pop and rock,0,1.214196,2024,2025,exact_normalized_name,matched
Dinah Washington,d385947d-c00d-4311-9cf1-a032a1d4040b,Dinah Washington,rnb,0,1.214196,2024,2025,exact_normalized_name,matched
Dinah Washington,d385947d-c00d-4311-9cf1-a032a1d4040b,Dinah Washington,death by overdose,-1,1.214196,2024,2025,exact_normalized_name,matched
Dinah Washington,d385947d-c00d-4311-9cf1-a032a1d4040b,Dinah Washington,death by sleeping pills,-1,1.214196,2024,2025,exact_normalized_name,matched
Maya Jane Coles,9a6d2343-6595-4bf2-b3d0-efbbd7a8dfd0,Maya Jane Coles,deep house,2,1.21249,2020,2024,exact_normalized_name,matched
Maya Jane Coles,9a6d2343-6595-4bf2-b3d0-efbbd7a8dfd0,Maya Jane Coles,bass,1,1.21249,2020,2024,exact_normalized_name,matched
Maya Jane Coles,9a6d2343-6595-4bf2-b3d0-efbbd7a8dfd0,Maya Jane Coles,bass house,1,1.21249,2020,2024,exact_normalized_name,matched
Maya Jane Coles,9a6d2343-6595-4bf2-b3d0-efbbd7a8dfd0,Maya Jane Coles,bassline,1,1.21249,2020,2024,exact_normalized_name,matched
Maya Jane Coles,9a6d2343-6595-4bf2-b3d0-efbbd7a8dfd0,Maya Jane Coles,breakbeat,1,1.21249,2020,2024,exact_normalized_name,matched
Maya Jane Coles,9a6d2343-6595-4bf2-b3d0-efbbd7a8dfd0,Maya Jane Coles,breaks,1,1.21249,2020,2024,exact_normalized_name,matched
Maya Jane Coles,9a6d2343-6595-4bf2-b3d0-efbbd7a8dfd0,Maya Jane Coles,club,1,1.21249,2020,2024,exact_normalized_name,matched
Maya Jane Coles,9a6d2343-6595-4bf2-b3d0-efbbd7a8dfd0,Maya Jane Coles,dance,1,1.21249,2020,2024,exact_normalized_name,matched
Maya Jane Coles,9a6d2343-6595-4bf2-b3d0-efbbd7a8dfd0,Maya Jane Coles,deep dubstep,1,1.21249,2020,2024,exact_normalized_name,matched
Maya Jane Coles,9a6d2343-6595-4bf2-b3d0-efbbd7a8dfd0,Maya Jane Coles,downtempo,1,1.21249,2020,2024,exact_normalized_name,matched
Maya Jane Coles,9a6d2343-6595-4bf2-b3d0-efbbd7a8dfd0,Maya Jane Coles,dubstep,1,1.21249,2020,2024,exact_normalized_name,matched
Maya Jane Coles,9a6d2343-6595-4bf2-b3d0-efbbd7a8dfd0,Maya Jane Coles,edm,1,1.21249,2020,2024,exact_normalized_name,matched
Maya Jane Coles,9a6d2343-6595-4bf2-b3d0-efbbd7a8dfd0,Maya Jane Coles,electronic,1,1.21249,2020,2024,exact_normalized_name,matched
Maya Jane Coles,9a6d2343-6595-4bf2-b3d0-efbbd7a8dfd0,Maya Jane Coles,electronica,1,1.21249,2020,2024,exact_normalized_name,matched
Maya Jane Coles,9a6d2343-6595-4bf2-b3d0-efbbd7a8dfd0,Maya Jane Coles,future bass,1,1.21249,2020,2024,exact_normalized_name,matched
Maya Jane Coles,9a6d2343-6595-4bf2-b3d0-efbbd7a8dfd0,Maya Jane Coles,grime,1,1.21249,2020,2024,exact_normalized_name,matched
Maya Jane Coles,9a6d2343-6595-4bf2-b3d0-efbbd7a8dfd0,Maya Jane Coles,house,1,1.21249,2020,2024,exact_normalized_name,matched
Maya Jane Coles,9a6d2343-6595-4bf2-b3d0-efbbd7a8dfd0,Maya Jane Coles,melodic house,1,1.21249,2020,2024,exact_normalized_name,matched
Maya Jane Coles,9a6d2343-6595-4bf2-b3d0-efbbd7a8dfd0,Maya Jane Coles,melodic techno,1,1.21249,2020,2024,exact_normalized_name,matched
Maya Jane Coles,9a6d2343-6595-4bf2-b3d0-efbbd7a8dfd0,Maya Jane Coles,organic house,1,1.21249,2020,2024,exact_normalized_name,matched
Maya Jane Coles,9a6d2343-6595-4bf2-b3d0-efbbd7a8dfd0,Maya Jane Coles,pop,1,1.21249,2020,2024,exact_normalized_name,matched
Maya Jane Coles,9a6d2343-6595-4bf2-b3d0-efbbd7a8dfd0,Maya Jane Coles,rock,1,1.21249,2020,2024,exact_normalized_name,matched
Maya Jane Coles,9a6d2343-6595-4bf2-b3d0-efbbd7a8dfd0,Maya Jane Coles,tech house,1,1.21249,2020,2024,exact_normalized_name,matched
Maya Jane Coles,9a6d2343-6595-4bf2-b3d0-efbbd7a8dfd0,Maya Jane Coles,tech-house,1,1.21249,2020,2024,exact_normalized_name,matched
Maya Jane Coles,9a6d2343-6595-4bf2-b3d0-efbbd7a8dfd0,Maya Jane Coles,techno,1,1.21249,2020,2024,exact_normalized_name,matched
Maya Jane Coles,9a6d2343-6595-4bf2-b3d0-efbbd7a8dfd0,Maya Jane Coles,trap,1,1.21249,2020,2024,exact_normalized_name,matched
Maya Jane Coles,9a6d2343-6595-4bf2-b3d0-efbbd7a8dfd0,Maya Jane Coles,trip hop,1,1.21249,2020,2024,exact_normalized_name,matched
Maya Jane Coles,9a6d2343-6595-4bf2-b3d0-efbbd7a8dfd0,Maya Jane Coles,uk garage,1,1.21249,2020,2024,exact_normalized_name,matched
Yankee Dj,,,,,1.202836,2022,2024,no_result,not_found
Mambo Kingz,64c99354-b025-4f3d-8232-f1490007cad6,Mambo Kingz,trap latino,2,1.199854,2019,2025,exact_normalized_name,matched
Mambo Kingz,64c99354-b025-4f3d-8232-f1490007cad6,Mambo Kingz,latin,1,1.199854,2019,2025,exact_normalized_name,matched
Mambo Kingz,64c99354-b025-4f3d-8232-f1490007cad6,Mambo Kingz,latin trap,1,1.199854,2019,2025,exact_normalized_name,matched
Mambo Kingz,64c99354-b025-4f3d-8232-f1490007cad6,Mambo Kingz,latin urban,1,1.199854,2019,2025,exact_normalized_name,matched
Mambo Kingz,64c99354-b025-4f3d-8232-f1490007cad6,Mambo Kingz,reggaeton,1,1.199854,2019,2025,exact_normalized_name,matched
Lynyrd Skynyrd,c544ed4d-2390-4442-a83e-1ea2883b09c8,Lynyrd Skynyrd,southern rock,12,1.199766,2017,2025,exact_normalized_name,matched
Lynyrd Skynyrd,c544ed4d-2390-4442-a83e-1ea2883b09c8,Lynyrd Skynyrd,hard rock,9,1.199766,2017,2025,exact_normalized_name,matched
Lynyrd Skynyrd,c544ed4d-2390-4442-a83e-1ea2883b09c8,Lynyrd Skynyrd,rock,5,1.199766,2017,2025,exact_normalized_name,matched
Lynyrd Skynyrd,c544ed4d-2390-4442-a83e-1ea2883b09c8,Lynyrd Skynyrd,acoustic rock,1,1.199766,2017,2025,exact_normalized_name,matched
Lynyrd Skynyrd,c544ed4d-2390-4442-a83e-1ea2883b09c8,Lynyrd Skynyrd,blues rock,1,1.199766,2017,2025,exact_normalized_name,matched
Lynyrd Skynyrd,c544ed4d-2390-4442-a83e-1ea2883b09c8,Lynyrd Skynyrd,boogie rock,1,1.199766,2017,2025,exact_normalized_name,matched
Lynyrd Skynyrd,c544ed4d-2390-4442-a83e-1ea2883b09c8,Lynyrd Skynyrd,classic rock,1,1.199766,2017,2025,exact_normalized_name,matched
Lynyrd Skynyrd,c544ed4d-2390-4442-a83e-1ea2883b09c8,Lynyrd Skynyrd,2008 universal fire victim,0,1.199766,2017,2025,exact_normalized_name,matched
Lynyrd Skynyrd,c544ed4d-2390-4442-a83e-1ea2883b09c8,Lynyrd Skynyrd,american,0,1.199766,2017,2025,exact_normalized_name,matched
Lynyrd Skynyrd,c544ed4d-2390-4442-a83e-1ea2883b09c8,Lynyrd Skynyrd,americana,0,1.199766,2017,2025,exact_normalized_name,matched
Lynyrd Skynyrd,c544ed4d-2390-4442-a83e-1ea2883b09c8,Lynyrd Skynyrd,christmas music,0,1.199766,2017,2025,exact_normalized_name,matched
Lynyrd Skynyrd,c544ed4d-2390-4442-a83e-1ea2883b09c8,Lynyrd Skynyrd,classic pop and rock,0,1.199766,2017,2025,exact_normalized_name,matched
Lynyrd Skynyrd,c544ed4d-2390-4442-a83e-1ea2883b09c8,Lynyrd Skynyrd,estados unidos,0,1.199766,2017,2025,exact_normalized_name,matched
Lynyrd Skynyrd,c544ed4d-2390-4442-a83e-1ea2883b09c8,Lynyrd Skynyrd,lynyrd skynyrd,0,1.199766,2017,2025,exact_normalized_name,matched
Reality Overdue,,,,,1.199111,2017,2017,no_result,not_found
Los Palmeras,692ea437-1333-40ee-bf00-35e74790041c,Los Palmeras,,,1.19331,2018,2025,exact_normalized_name,matched
Mano Le Tough,bf002b6a-ea40-45fa-baa0-6218846292b6,Mano Le Tough,,,1.192316,2021,2024,exact_normalized_name,matched
Billy Idol,47c8f88b-987a-4b64-9175-2b1b57809727,Billy Idol,rock,8,1.190339,2017,2025,exact_normalized_name,matched
Billy Idol,47c8f88b-987a-4b64-9175-2b1b57809727,Billy Idol,new wave,5,1.190339,2017,2025,exact_normalized_name,matched
Billy Idol,47c8f88b-987a-4b64-9175-2b1b57809727,Billy Idol,hard rock,4,1.190339,2017,2025,exact_normalized_name,matched
Billy Idol,47c8f88b-987a-4b64-9175-2b1b57809727,Billy Idol,pop rock,3,1.190339,2017,2025,exact_normalized_name,matched
Billy Idol,47c8f88b-987a-4b64-9175-2b1b57809727,Billy Idol,alternative dance,2,1.190339,2017,2025,exact_normalized_name,matched
Billy Idol,47c8f88b-987a-4b64-9175-2b1b57809727,Billy Idol,classic rock,2,1.190339,2017,2025,exact_normalized_name,matched
Billy Idol,47c8f88b-987a-4b64-9175-2b1b57809727,Billy Idol,electronic,2,1.190339,2017,2025,exact_normalized_name,matched
Billy Idol,47c8f88b-987a-4b64-9175-2b1b57809727,Billy Idol,punk rock,2,1.190339,2017,2025,exact_normalized_name,matched
Billy Idol,47c8f88b-987a-4b64-9175-2b1b57809727,Billy Idol,british,0,1.190339,2017,2025,exact_normalized_name,matched
Billy Idol,47c8f88b-987a-4b64-9175-2b1b57809727,Billy Idol,classic pop and rock,0,1.190339,2017,2025,exact_normalized_name,matched
Billy Idol,47c8f88b-987a-4b64-9175-2b1b57809727,Billy Idol,england,0,1.190339,2017,2025,exact_normalized_name,matched
Billy Idol,47c8f88b-987a-4b64-9175-2b1b57809727,Billy Idol,english,0,1.190339,2017,2025,exact_normalized_name,matched
Billy Idol,47c8f88b-987a-4b64-9175-2b1b57809727,Billy Idol,punk,0,1.190339,2017,2025,exact_normalized_name,matched
Billy Idol,47c8f88b-987a-4b64-9175-2b1b57809727,Billy Idol,seen live,0,1.190339,2017,2025,exact_normalized_name,matched
Billy Idol,47c8f88b-987a-4b64-9175-2b1b57809727,Billy Idol,uk,0,1.190339,2017,2025,exact_normalized_name,matched
Julian Nates,43e8ef9d-3301-400e-bbfb-00094717c1ac,Julian Nates,,,1.181342,2025,2025,exact_normalized_name,matched
Lisa Ono,,,,,1.180844,2025,2025,no_result,not_found
Albert Collins,73b8dddb-ec29-4d11-b449-d97fde73f07b,Albert Collins,blues,3,1.178956,2020,2025,exact_normalized_name,matched
Albert Collins,73b8dddb-ec29-4d11-b449-d97fde73f07b,Albert Collins,electric blues,2,1.178956,2020,2025,exact_normalized_name,matched
Albert Collins,73b8dddb-ec29-4d11-b449-d97fde73f07b,Albert Collins,texas blues,2,1.178956,2020,2025,exact_normalized_name,matched
Albert Collins,73b8dddb-ec29-4d11-b449-d97fde73f07b,Albert Collins,1960s,1,1.178956,2020,2025,exact_normalized_name,matched
Albert Collins,73b8dddb-ec29-4d11-b449-d97fde73f07b,Albert Collins,1970s,1,1.178956,2020,2025,exact_normalized_name,matched
Albert Collins,73b8dddb-ec29-4d11-b449-d97fde73f07b,Albert Collins,1980s,1,1.178956,2020,2025,exact_normalized_name,matched
Albert Collins,73b8dddb-ec29-4d11-b449-d97fde73f07b,Albert Collins,electric texas blues,1,1.178956,2020,2025,exact_normalized_name,matched
Mister Remix,,,,,1.177909,2019,2025,no_result,not_found
Moral Damage,,,,,1.173889,2017,2017,no_result,not_found
DJ Yayo,e1b2ee25-d21f-46be-9498-779b27864da3,DJ Yayo,,,1.17385,2017,2023,exact_normalized_name,matched
Carl Cox,8f614665-3418-4ca8-aa6a-737b4636b995,Carl Cox,uk,3,1.156742,2018,2023,exact_normalized_name,matched
Carl Cox,8f614665-3418-4ca8-aa6a-737b4636b995,Carl Cox,techno,2,1.156742,2018,2023,exact_normalized_name,matched
Carl Cox,8f614665-3418-4ca8-aa6a-737b4636b995,Carl Cox,british,1,1.156742,2018,2023,exact_normalized_name,matched
Carl Cox,8f614665-3418-4ca8-aa6a-737b4636b995,Carl Cox,english,1,1.156742,2018,2023,exact_normalized_name,matched
Babasonicos,e6e1e76f-afee-4990-aad0-056199d94918,Babasónicos,alternative rock,1,1.155495,2017,2025,exact_normalized_name,matched
Babasonicos,e6e1e76f-afee-4990-aad0-056199d94918,Babasónicos,argentinian,1,1.155495,2017,2025,exact_normalized_name,matched
Babasonicos,e6e1e76f-afee-4990-aad0-056199d94918,Babasónicos,psychedelic pop,1,1.155495,2017,2025,exact_normalized_name,matched
Justin Bieber,e0140a67-e4d1-4f13-8a01-364355bee46e,Justin Bieber,pop,22,1.154391,2017,2025,exact_normalized_name,matched
Justin Bieber,e0140a67-e4d1-4f13-8a01-364355bee46e,Justin Bieber,teen pop,11,1.154391,2017,2025,exact_normalized_name,matched
Justin Bieber,e0140a67-e4d1-4f13-8a01-364355bee46e,Justin Bieber,2010s,3,1.154391,2017,2025,exact_normalized_name,matched
Justin Bieber,e0140a67-e4d1-4f13-8a01-364355bee46e,Justin Bieber,2020s,2,1.154391,2017,2025,exact_normalized_name,matched
Justin Bieber,e0140a67-e4d1-4f13-8a01-364355bee46e,Justin Bieber,dance-pop,2,1.154391,2017,2025,exact_normalized_name,matched
Justin Bieber,e0140a67-e4d1-4f13-8a01-364355bee46e,Justin Bieber,contemporary country,1,1.154391,2017,2025,exact_normalized_name,matched
Justin Bieber,e0140a67-e4d1-4f13-8a01-364355bee46e,Justin Bieber,pop rap,1,1.154391,2017,2025,exact_normalized_name,matched
Justin Bieber,e0140a67-e4d1-4f13-8a01-364355bee46e,Justin Bieber,r&b,1,1.154391,2017,2025,exact_normalized_name,matched
Justin Bieber,e0140a67-e4d1-4f13-8a01-364355bee46e,Justin Bieber,reggaeton,1,1.154391,2017,2025,exact_normalized_name,matched
Justin Bieber,e0140a67-e4d1-4f13-8a01-364355bee46e,Justin Bieber,tropical house,1,1.154391,2017,2025,exact_normalized_name,matched
Justin Bieber,e0140a67-e4d1-4f13-8a01-364355bee46e,Justin Bieber,awful,0,1.154391,2017,2025,exact_normalized_name,matched
Justin Bieber,e0140a67-e4d1-4f13-8a01-364355bee46e,Justin Bieber,contemporary r&b,0,1.154391,2017,2025,exact_normalized_name,matched
Justin Bieber,e0140a67-e4d1-4f13-8a01-364355bee46e,Justin Bieber,english,0,1.154391,2017,2025,exact_normalized_name,matched
Justin Bieber,e0140a67-e4d1-4f13-8a01-364355bee46e,Justin Bieber,hip hop,0,1.154391,2017,2025,exact_normalized_name,matched
Justin Bieber,e0140a67-e4d1-4f13-8a01-364355bee46e,Justin Bieber,reggea,0,1.154391,2017,2025,exact_normalized_name,matched
Justin Bieber,e0140a67-e4d1-4f13-8a01-364355bee46e,Justin Bieber,terrible,0,1.154391,2017,2025,exact_normalized_name,matched
Justin Bieber,e0140a67-e4d1-4f13-8a01-364355bee46e,Justin Bieber,black metal,-1,1.154391,2017,2025,exact_normalized_name,matched
Justin Bieber,e0140a67-e4d1-4f13-8a01-364355bee46e,Justin Bieber,christmas music,-1,1.154391,2017,2025,exact_normalized_name,matched
Justin Bieber,e0140a67-e4d1-4f13-8a01-364355bee46e,Justin Bieber,electropop,-1,1.154391,2017,2025,exact_normalized_name,matched
Justin Bieber,e0140a67-e4d1-4f13-8a01-364355bee46e,Justin Bieber,gay,-2,1.154391,2017,2025,exact_normalized_name,matched
Justin Bieber,e0140a67-e4d1-4f13-8a01-364355bee46e,Justin Bieber,amazing,-3,1.154391,2017,2025,exact_normalized_name,matched
"Gotay ""El Autentiko""",ecf8aae0-6217-4984-b3fa-a9c5bd8225f5,Gotay el Auténtiko,reggaeton,2,1.145619,2018,2023,top_search_result,matched
"Gotay ""El Autentiko""",ecf8aae0-6217-4984-b3fa-a9c5bd8225f5,Gotay el Auténtiko,latin,1,1.145619,2018,2023,top_search_result,matched
"Gotay ""El Autentiko""",ecf8aae0-6217-4984-b3fa-a9c5bd8225f5,Gotay el Auténtiko,latin urban,1,1.145619,2018,2023,top_search_result,matched
"Gotay ""El Autentiko""",ecf8aae0-6217-4984-b3fa-a9c5bd8225f5,Gotay el Auténtiko,arcangel,0,1.145619,2018,2023,top_search_result,matched
"Gotay ""El Autentiko""",ecf8aae0-6217-4984-b3fa-a9c5bd8225f5,Gotay el Auténtiko,nengo flow,0,1.145619,2018,2023,top_search_result,matched
Reindependence,,,,,1.143556,2017,2017,no_result,not_found
Paul Anka,420c6768-0885-415a-bb59-d6a275121125,Paul Anka,jazz,2,1.141049,2017,2025,exact_normalized_name,matched
Paul Anka,420c6768-0885-415a-bb59-d6a275121125,Paul Anka,pop,2,1.141049,2017,2025,exact_normalized_name,matched
Paul Anka,420c6768-0885-415a-bb59-d6a275121125,Paul Anka,2008 universal fire victim,1,1.141049,2017,2025,exact_normalized_name,matched
Paul Anka,420c6768-0885-415a-bb59-d6a275121125,Paul Anka,canadian,1,1.141049,2017,2025,exact_normalized_name,matched
Paul Anka,420c6768-0885-415a-bb59-d6a275121125,Paul Anka,vocal jazz,1,1.141049,2017,2025,exact_normalized_name,matched
Paul Anka,420c6768-0885-415a-bb59-d6a275121125,Paul Anka,easy listening soundtracks and musicals,0,1.141049,2017,2025,exact_normalized_name,matched
Sebastian Yatra,151d9c35-43b8-49b9-a69a-5db6525dbcd2,Sebastián Yatra,latin pop,3,1.139612,2017,2024,exact_normalized_name,matched
Sebastian Yatra,151d9c35-43b8-49b9-a69a-5db6525dbcd2,Sebastián Yatra,latin,2,1.139612,2017,2024,exact_normalized_name,matched
Sebastian Yatra,151d9c35-43b8-49b9-a69a-5db6525dbcd2,Sebastián Yatra,reggaeton,2,1.139612,2017,2024,exact_normalized_name,matched
Sebastian Yatra,151d9c35-43b8-49b9-a69a-5db6525dbcd2,Sebastián Yatra,colombian,1,1.139612,2017,2024,exact_normalized_name,matched
Sebastian Yatra,151d9c35-43b8-49b9-a69a-5db6525dbcd2,Sebastián Yatra,colombian pop,1,1.139612,2017,2024,exact_normalized_name,matched
Sebastian Yatra,151d9c35-43b8-49b9-a69a-5db6525dbcd2,Sebastián Yatra,edm,1,1.139612,2017,2024,exact_normalized_name,matched
Sebastian Yatra,151d9c35-43b8-49b9-a69a-5db6525dbcd2,Sebastián Yatra,international,1,1.139612,2017,2024,exact_normalized_name,matched
Sebastian Yatra,151d9c35-43b8-49b9-a69a-5db6525dbcd2,Sebastián Yatra,latin ballad,1,1.139612,2017,2024,exact_normalized_name,matched
Sebastian Yatra,151d9c35-43b8-49b9-a69a-5db6525dbcd2,Sebastián Yatra,latin urban,1,1.139612,2017,2024,exact_normalized_name,matched
Sebastian Yatra,151d9c35-43b8-49b9-a69a-5db6525dbcd2,Sebastián Yatra,pop,1,1.139612,2017,2024,exact_normalized_name,matched
Sebastian Yatra,151d9c35-43b8-49b9-a69a-5db6525dbcd2,Sebastián Yatra,r&b,1,1.139612,2017,2024,exact_normalized_name,matched
Sebastian Yatra,151d9c35-43b8-49b9-a69a-5db6525dbcd2,Sebastián Yatra,teen pop,1,1.139612,2017,2024,exact_normalized_name,matched
Massano,e330895d-3862-4ef0-815e-be76dbdaec1f,Massano,melodic techno,2,1.138216,2022,2025,exact_normalized_name,matched
Massano,e330895d-3862-4ef0-815e-be76dbdaec1f,Massano,house,1,1.138216,2022,2025,exact_normalized_name,matched
Massano,e330895d-3862-4ef0-815e-be76dbdaec1f,Massano,melodic house,1,1.138216,2022,2025,exact_normalized_name,matched
Super Flu,456375db-a43f-49e0-82c6-fc7075cb1a20,Super Flu,,,1.132963,2020,2025,exact_normalized_name,matched
BLOND:ISH,598ded27-65cd-481b-b1d1-173f03e459de,BLOND:ISH,deep house,3,1.128142,2020,2025,exact_normalized_name,matched
BLOND:ISH,598ded27-65cd-481b-b1d1-173f03e459de,BLOND:ISH,house,3,1.128142,2020,2025,exact_normalized_name,matched
BLOND:ISH,598ded27-65cd-481b-b1d1-173f03e459de,BLOND:ISH,dance,1,1.128142,2020,2025,exact_normalized_name,matched
La Poderosa Sonora Master,,,,,1.127181,2018,2018,no_result,not_found
DJ Kessler,,,,,1.122417,2019,2022,no_result,not_found
Lilly Wood and The Prick,1b72331b-3a97-4981-a81c-eeee9c275d28,Lilly Wood and The Prick,alternative rock,2,1.120072,2017,2024,exact_normalized_name,matched
Lilly Wood and The Prick,1b72331b-3a97-4981-a81c-eeee9c275d28,Lilly Wood and The Prick,folk,2,1.120072,2017,2024,exact_normalized_name,matched
Lilly Wood and The Prick,1b72331b-3a97-4981-a81c-eeee9c275d28,Lilly Wood and The Prick,pop,1,1.120072,2017,2024,exact_normalized_name,matched
Liu Bei,5595828c-6d72-40ce-80f3-09370b768dcc,Liu Bei,,,1.106575,2022,2024,exact_normalized_name,matched
Alexio La Bruja,,,,,1.106178,2020,2025,no_result,not_found
Max Chapman,f61ec428-4311-4c11-a086-92b74ad5d2e7,Max Chapman,,,1.103835,2018,2025,exact_normalized_name,matched
Purple Disco Machine,dc71939a-416f-4804-b031-5749287943f9,Purple Disco Machine,dance,2,1.098931,2020,2024,exact_normalized_name,matched
Purple Disco Machine,dc71939a-416f-4804-b031-5749287943f9,Purple Disco Machine,disco,2,1.098931,2020,2024,exact_normalized_name,matched
Purple Disco Machine,dc71939a-416f-4804-b031-5749287943f9,Purple Disco Machine,house,2,1.098931,2020,2024,exact_normalized_name,matched
Purple Disco Machine,dc71939a-416f-4804-b031-5749287943f9,Purple Disco Machine,dj,1,1.098931,2020,2024,exact_normalized_name,matched
Purple Disco Machine,dc71939a-416f-4804-b031-5749287943f9,Purple Disco Machine,english,1,1.098931,2020,2024,exact_normalized_name,matched
Purple Disco Machine,dc71939a-416f-4804-b031-5749287943f9,Purple Disco Machine,producer,1,1.098931,2020,2024,exact_normalized_name,matched
Supertramp,d2ff6b6b-fc30-48dc-8952-06f9d8fc64f8,Supertramp,progressive rock,12,1.094248,2021,2025,exact_normalized_name,matched
Supertramp,d2ff6b6b-fc30-48dc-8952-06f9d8fc64f8,Supertramp,rock,8,1.094248,2021,2025,exact_normalized_name,matched
Supertramp,d2ff6b6b-fc30-48dc-8952-06f9d8fc64f8,Supertramp,art rock,7,1.094248,2021,2025,exact_normalized_name,matched
Supertramp,d2ff6b6b-fc30-48dc-8952-06f9d8fc64f8,Supertramp,pop rock,5,1.094248,2021,2025,exact_normalized_name,matched
Supertramp,d2ff6b6b-fc30-48dc-8952-06f9d8fc64f8,Supertramp,art pop,3,1.094248,2021,2025,exact_normalized_name,matched
Supertramp,d2ff6b6b-fc30-48dc-8952-06f9d8fc64f8,Supertramp,classic rock,3,1.094248,2021,2025,exact_normalized_name,matched
Supertramp,d2ff6b6b-fc30-48dc-8952-06f9d8fc64f8,Supertramp,crossover prog,3,1.094248,2021,2025,exact_normalized_name,matched
Supertramp,d2ff6b6b-fc30-48dc-8952-06f9d8fc64f8,Supertramp,progressive pop,3,1.094248,2021,2025,exact_normalized_name,matched
Supertramp,d2ff6b6b-fc30-48dc-8952-06f9d8fc64f8,Supertramp,soft rock,3,1.094248,2021,2025,exact_normalized_name,matched
Supertramp,d2ff6b6b-fc30-48dc-8952-06f9d8fc64f8,Supertramp,2008 universal fire victim,1,1.094248,2021,2025,exact_normalized_name,matched
Supertramp,d2ff6b6b-fc30-48dc-8952-06f9d8fc64f8,Supertramp,vyrzukhisuc-artiest,1,1.094248,2021,2025,exact_normalized_name,matched
Supertramp,d2ff6b6b-fc30-48dc-8952-06f9d8fc64f8,Supertramp,british,0,1.094248,2021,2025,exact_normalized_name,matched
Supertramp,d2ff6b6b-fc30-48dc-8952-06f9d8fc64f8,Supertramp,classic pop and rock,0,1.094248,2021,2025,exact_normalized_name,matched
Supertramp,d2ff6b6b-fc30-48dc-8952-06f9d8fc64f8,Supertramp,english,0,1.094248,2021,2025,exact_normalized_name,matched
Supertramp,d2ff6b6b-fc30-48dc-8952-06f9d8fc64f8,Supertramp,pop/rock,0,1.094248,2021,2025,exact_normalized_name,matched
Supertramp,d2ff6b6b-fc30-48dc-8952-06f9d8fc64f8,Supertramp,uk,0,1.094248,2021,2025,exact_normalized_name,matched
Ewan Rill,dde2ab7d-b57d-431c-94a7-1b49aeedd6a4,Ewan Rill,,,1.09213,2025,2025,exact_normalized_name,matched
Jonny Joel,d6f012d9-974e-484c-b265-64f91b23f190,Jonny Joel,,,1.08426,2019,2021,exact_normalized_name,matched
Amenazzy,ce52a82d-219f-42b6-88b3-b69244c4752e,Amenazzy,latin,1,1.083354,2018,2024,exact_normalized_name,matched
Amenazzy,ce52a82d-219f-42b6-88b3-b69244c4752e,Amenazzy,latin urban,1,1.083354,2018,2024,exact_normalized_name,matched
Amenazzy,ce52a82d-219f-42b6-88b3-b69244c4752e,Amenazzy,reggaeton,1,1.083354,2018,2024,exact_normalized_name,matched
Amenazzy,ce52a82d-219f-42b6-88b3-b69244c4752e,Amenazzy,trap latino,1,1.083354,2018,2024,exact_normalized_name,matched
La Roca Callejera,3e6c3c0d-4fd2-451b-b48c-ea61f79a3684,La Roca Callejera,,,1.080193,2021,2024,exact_normalized_name,matched
Shiba San,748e8144-2636-4f9d-b2ae-2d743781376a,Shiba San,,,1.075756,2018,2023,exact_normalized_name,matched
Harrison BDP,768402c6-83ec-44a7-b05c-81c67c22d8b7,Harrison BDP,,,1.072654,2019,2022,exact_normalized_name,matched
Amonita,1e564b5e-3d31-41e4-98ef-132a078bf1ea,Amonita,,,1.064107,2023,2025,exact_normalized_name,matched
Volen Sentir,471451ff-d3f5-4f65-a49a-db65dd0e5c0b,Volen Sentir,,,1.062824,2021,2025,exact_normalized_name,matched
Juan Rios,28d896c8-a6c4-4d32-b1a8-e6c97eb34c1e,Juan RIOS,boom bap,1,1.058929,2018,2020,exact_normalized_name,matched
Juan Rios,28d896c8-a6c4-4d32-b1a8-e6c97eb34c1e,Juan RIOS,chillwave,1,1.058929,2018,2020,exact_normalized_name,matched
Juan Rios,28d896c8-a6c4-4d32-b1a8-e6c97eb34c1e,Juan RIOS,downtempo,1,1.058929,2018,2020,exact_normalized_name,matched
Juan Rios,28d896c8-a6c4-4d32-b1a8-e6c97eb34c1e,Juan RIOS,hip hop,1,1.058929,2018,2020,exact_normalized_name,matched
Juan Rios,28d896c8-a6c4-4d32-b1a8-e6c97eb34c1e,Juan RIOS,instrumental,1,1.058929,2018,2020,exact_normalized_name,matched
Juan Rios,28d896c8-a6c4-4d32-b1a8-e6c97eb34c1e,Juan RIOS,instrumental hip hop,1,1.058929,2018,2020,exact_normalized_name,matched
Juan Rios,28d896c8-a6c4-4d32-b1a8-e6c97eb34c1e,Juan RIOS,lo-fi,1,1.058929,2018,2020,exact_normalized_name,matched
Juan Rios,28d896c8-a6c4-4d32-b1a8-e6c97eb34c1e,Juan RIOS,lo-fi hip hop,1,1.058929,2018,2020,exact_normalized_name,matched
PAX,7560b1c8-8986-4bb8-a0c3-9e5a11097bbf,PAX,electro,1,1.057358,2020,2024,exact_normalized_name,matched
PAX,7560b1c8-8986-4bb8-a0c3-9e5a11097bbf,PAX,electro-industrial,1,1.057358,2020,2024,exact_normalized_name,matched
PAX,7560b1c8-8986-4bb8-a0c3-9e5a11097bbf,PAX,electronic,1,1.057358,2020,2024,exact_normalized_name,matched
PAX,7560b1c8-8986-4bb8-a0c3-9e5a11097bbf,PAX,techno,1,1.057358,2020,2024,exact_normalized_name,matched
PAX,7560b1c8-8986-4bb8-a0c3-9e5a11097bbf,PAX,apollo 84,0,1.057358,2020,2024,exact_normalized_name,matched
PAX,7560b1c8-8986-4bb8-a0c3-9e5a11097bbf,PAX,jamie jones,0,1.057358,2020,2024,exact_normalized_name,matched
PAX,7560b1c8-8986-4bb8-a0c3-9e5a11097bbf,PAX,leftwing & kody,0,1.057358,2020,2024,exact_normalized_name,matched
PAX,7560b1c8-8986-4bb8-a0c3-9e5a11097bbf,PAX,pawsa,0,1.057358,2020,2024,exact_normalized_name,matched
PAX,7560b1c8-8986-4bb8-a0c3-9e5a11097bbf,PAX,pax,0,1.057358,2020,2024,exact_normalized_name,matched
PAX,7560b1c8-8986-4bb8-a0c3-9e5a11097bbf,PAX,pax power,0,1.057358,2020,2024,exact_normalized_name,matched
PAX,7560b1c8-8986-4bb8-a0c3-9e5a11097bbf,PAX,solardo,0,1.057358,2020,2024,exact_normalized_name,matched
PAX,7560b1c8-8986-4bb8-a0c3-9e5a11097bbf,PAX,steve lawler,0,1.057358,2020,2024,exact_normalized_name,matched
PAX,7560b1c8-8986-4bb8-a0c3-9e5a11097bbf,PAX,tech house,0,1.057358,2020,2024,exact_normalized_name,matched
PAX,7560b1c8-8986-4bb8-a0c3-9e5a11097bbf,PAX,underground artists,0,1.057358,2020,2024,exact_normalized_name,matched
PAX,7560b1c8-8986-4bb8-a0c3-9e5a11097bbf,PAX,wearepax,0,1.057358,2020,2024,exact_normalized_name,matched
Øostil,d2fe3873-d123-4bea-a5ee-4340d865777c,Øostil,,,1.055728,2022,2024,exact_normalized_name,matched
Monolink,7ebdcb79-22df-4111-924e-23306bcaf776,Monolink,electronic,1,1.052734,2019,2025,exact_normalized_name,matched
Rich Music LTD,077240a6-5633-448d-9711-91218c4191aa,RICH MUSIC LTD,,,1.052396,2019,2024,exact_normalized_name,matched
Wheats,3b72a082-b1b1-41eb-8ed5-bb028fdfe49e,Wheats,deep tech,1,1.051681,2021,2024,exact_normalized_name,matched
Wheats,3b72a082-b1b1-41eb-8ed5-bb028fdfe49e,Wheats,house,1,1.051681,2021,2024,exact_normalized_name,matched
Wheats,3b72a082-b1b1-41eb-8ed5-bb028fdfe49e,Wheats,tech house,1,1.051681,2021,2024,exact_normalized_name,matched
Wheats,3b72a082-b1b1-41eb-8ed5-bb028fdfe49e,Wheats,techno,1,1.051681,2021,2024,exact_normalized_name,matched
Rampa,8a0a4b30-a611-42a9-8716-f530f99cb869,Rampa,,,1.051365,2020,2025,exact_normalized_name,matched
Rodrigo,0c02315f-9f33-4ff9-889f-50f4bfa93a48,Rodrigo,cuarteto,2,1.049903,2020,2025,exact_normalized_name,matched
Rodrigo,0c02315f-9f33-4ff9-889f-50f4bfa93a48,Rodrigo,international,1,1.049903,2020,2025,exact_normalized_name,matched
Rodrigo,0c02315f-9f33-4ff9-889f-50f4bfa93a48,Rodrigo,latin,1,1.049903,2020,2025,exact_normalized_name,matched
Rodrigo,0c02315f-9f33-4ff9-889f-50f4bfa93a48,Rodrigo,27 club,0,1.049903,2020,2025,exact_normalized_name,matched
Rodrigo,0c02315f-9f33-4ff9-889f-50f4bfa93a48,Rodrigo,brazilian traditions,0,1.049903,2020,2025,exact_normalized_name,matched
Noir,f693fc5e-9080-4952-9814-6ff7244a5573,Noir,house,1,1.048015,2022,2024,exact_normalized_name,matched
Noir,f693fc5e-9080-4952-9814-6ff7244a5573,Noir,tech house,1,1.048015,2022,2024,exact_normalized_name,matched
FPR,,,,,1.046193,2018,2022,no_result,not_found
Mindchatter,58047fc9-8b04-40a3-b32a-401c2c62e34e,Mindchatter,,,1.045345,2021,2022,exact_normalized_name,matched
Living Colour,dc6f8c1f-626b-42b0-9115-7e66ae4cecd6,Living Colour,hard rock,5,1.04416,2021,2025,exact_normalized_name,matched
Living Colour,dc6f8c1f-626b-42b0-9115-7e66ae4cecd6,Living Colour,funk metal,4,1.04416,2021,2025,exact_normalized_name,matched
Living Colour,dc6f8c1f-626b-42b0-9115-7e66ae4cecd6,Living Colour,funk rock,3,1.04416,2021,2025,exact_normalized_name,matched
Living Colour,dc6f8c1f-626b-42b0-9115-7e66ae4cecd6,Living Colour,alternative metal,1,1.04416,2021,2025,exact_normalized_name,matched
Living Colour,dc6f8c1f-626b-42b0-9115-7e66ae4cecd6,Living Colour,american,1,1.04416,2021,2025,exact_normalized_name,matched
Living Colour,dc6f8c1f-626b-42b0-9115-7e66ae4cecd6,Living Colour,estados unidos,1,1.04416,2021,2025,exact_normalized_name,matched
Living Colour,dc6f8c1f-626b-42b0-9115-7e66ae4cecd6,Living Colour,pop rock,1,1.04416,2021,2025,exact_normalized_name,matched
Living Colour,dc6f8c1f-626b-42b0-9115-7e66ae4cecd6,Living Colour,rap rock,1,1.04416,2021,2025,exact_normalized_name,matched
Living Colour,dc6f8c1f-626b-42b0-9115-7e66ae4cecd6,Living Colour,rock,1,1.04416,2021,2025,exact_normalized_name,matched
Living Colour,dc6f8c1f-626b-42b0-9115-7e66ae4cecd6,Living Colour,crossover,0,1.04416,2021,2025,exact_normalized_name,matched
Living Colour,dc6f8c1f-626b-42b0-9115-7e66ae4cecd6,Living Colour,heavy metal,0,1.04416,2021,2025,exact_normalized_name,matched
Proxyport,,,,,1.036,2017,2017,no_result,not_found
Mark Knight,b7ec322e-3450-4bd0-ac3c-1e2e9744e32b,Mark Knight,house,2,1.035248,2017,2025,exact_normalized_name,matched
Mark Knight,b7ec322e-3450-4bd0-ac3c-1e2e9744e32b,Mark Knight,electronic,1,1.035248,2017,2025,exact_normalized_name,matched
Mark Knight,b7ec322e-3450-4bd0-ac3c-1e2e9744e32b,Mark Knight,tech house,1,1.035248,2017,2025,exact_normalized_name,matched
Capital Cities,119a2c67-e6d6-41cf-a58c-c51b75c80daa,Capital Cities,electronic,2,1.032867,2019,2025,exact_normalized_name,matched
Capital Cities,119a2c67-e6d6-41cf-a58c-c51b75c80daa,Capital Cities,indie pop,1,1.032867,2019,2025,exact_normalized_name,matched
Capital Cities,119a2c67-e6d6-41cf-a58c-c51b75c80daa,Capital Cities,indie rock,1,1.032867,2019,2025,exact_normalized_name,matched
Capital Cities,119a2c67-e6d6-41cf-a58c-c51b75c80daa,Capital Cities,instrumental,1,1.032867,2019,2025,exact_normalized_name,matched
Capital Cities,119a2c67-e6d6-41cf-a58c-c51b75c80daa,Capital Cities,instrumental rock,1,1.032867,2019,2025,exact_normalized_name,matched
Capital Cities,119a2c67-e6d6-41cf-a58c-c51b75c80daa,Capital Cities,pop,1,1.032867,2019,2025,exact_normalized_name,matched
Capital Cities,119a2c67-e6d6-41cf-a58c-c51b75c80daa,Capital Cities,synth-pop,1,1.032867,2019,2025,exact_normalized_name,matched
Brian M.,e9a972b7-9468-4ae3-813b-727e6a2ed424,Brian M,,,1.031904,2020,2020,top_search_result,matched
Sleep Waves,,,,,1.02974,2018,2018,no_result,not_found
Sin Miedo,60bfebd9-6298-4822-88de-b3a22e07e86c,Sin Miedo,,,1.024019,2024,2025,exact_normalized_name,matched
Tantum,09e863fb-22a6-43f5-97e1-9094375ac9a3,Tantum,,,1.023465,2021,2025,exact_normalized_name,matched
Basement Jaxx,28cbf94d-0700-4095-a188-37e373b069a7,Basement Jaxx,dance,4,1.020442,2018,2022,exact_normalized_name,matched
Basement Jaxx,28cbf94d-0700-4095-a188-37e373b069a7,Basement Jaxx,electronic,4,1.020442,2018,2022,exact_normalized_name,matched
Basement Jaxx,28cbf94d-0700-4095-a188-37e373b069a7,Basement Jaxx,house,4,1.020442,2018,2022,exact_normalized_name,matched
Basement Jaxx,28cbf94d-0700-4095-a188-37e373b069a7,Basement Jaxx,british,3,1.020442,2018,2022,exact_normalized_name,matched
Basement Jaxx,28cbf94d-0700-4095-a188-37e373b069a7,Basement Jaxx,big beat,2,1.020442,2018,2022,exact_normalized_name,matched
Basement Jaxx,28cbf94d-0700-4095-a188-37e373b069a7,Basement Jaxx,uk garage,2,1.020442,2018,2022,exact_normalized_name,matched
Basement Jaxx,28cbf94d-0700-4095-a188-37e373b069a7,Basement Jaxx,dance-pop,1,1.020442,2018,2022,exact_normalized_name,matched
Basement Jaxx,28cbf94d-0700-4095-a188-37e373b069a7,Basement Jaxx,electro house,1,1.020442,2018,2022,exact_normalized_name,matched
Basement Jaxx,28cbf94d-0700-4095-a188-37e373b069a7,Basement Jaxx,funky house,1,1.020442,2018,2022,exact_normalized_name,matched
Basement Jaxx,28cbf94d-0700-4095-a188-37e373b069a7,Basement Jaxx,latin house,1,1.020442,2018,2022,exact_normalized_name,matched
Basement Jaxx,28cbf94d-0700-4095-a188-37e373b069a7,Basement Jaxx,00s,0,1.020442,2018,2022,exact_normalized_name,matched
Basement Jaxx,28cbf94d-0700-4095-a188-37e373b069a7,Basement Jaxx,10s,0,1.020442,2018,2022,exact_normalized_name,matched
Basement Jaxx,28cbf94d-0700-4095-a188-37e373b069a7,Basement Jaxx,90s,0,1.020442,2018,2022,exact_normalized_name,matched
Basement Jaxx,28cbf94d-0700-4095-a188-37e373b069a7,Basement Jaxx,dance and electronica,0,1.020442,2018,2022,exact_normalized_name,matched
Basement Jaxx,28cbf94d-0700-4095-a188-37e373b069a7,Basement Jaxx,english,0,1.020442,2018,2022,exact_normalized_name,matched
Basement Jaxx,28cbf94d-0700-4095-a188-37e373b069a7,Basement Jaxx,uk,0,1.020442,2018,2022,exact_normalized_name,matched
Accept,41f4d85a-0bd7-4602-a3e3-8c47f36efb0a,Accept,heavy metal,13,1.014101,2021,2025,exact_normalized_name,matched
Accept,41f4d85a-0bd7-4602-a3e3-8c47f36efb0a,Accept,metal,5,1.014101,2021,2025,exact_normalized_name,matched
Accept,41f4d85a-0bd7-4602-a3e3-8c47f36efb0a,Accept,german,2,1.014101,2021,2025,exact_normalized_name,matched
Accept,41f4d85a-0bd7-4602-a3e3-8c47f36efb0a,Accept,power metal,2,1.014101,2021,2025,exact_normalized_name,matched
Accept,41f4d85a-0bd7-4602-a3e3-8c47f36efb0a,Accept,speed metal,2,1.014101,2021,2025,exact_normalized_name,matched
Accept,41f4d85a-0bd7-4602-a3e3-8c47f36efb0a,Accept,thrash metal,2,1.014101,2021,2025,exact_normalized_name,matched
Accept,41f4d85a-0bd7-4602-a3e3-8c47f36efb0a,Accept,german heavy metal,1,1.014101,2021,2025,exact_normalized_name,matched
Accept,41f4d85a-0bd7-4602-a3e3-8c47f36efb0a,Accept,german metal,1,1.014101,2021,2025,exact_normalized_name,matched
Accept,41f4d85a-0bd7-4602-a3e3-8c47f36efb0a,Accept,glam metal,1,1.014101,2021,2025,exact_normalized_name,matched
Accept,41f4d85a-0bd7-4602-a3e3-8c47f36efb0a,Accept,hard rock,1,1.014101,2021,2025,exact_normalized_name,matched
Accept,41f4d85a-0bd7-4602-a3e3-8c47f36efb0a,Accept,1980s,0,1.014101,2021,2025,exact_normalized_name,matched
Accept,41f4d85a-0bd7-4602-a3e3-8c47f36efb0a,Accept,1990s,0,1.014101,2021,2025,exact_normalized_name,matched
Accept,41f4d85a-0bd7-4602-a3e3-8c47f36efb0a,Accept,alemanha,0,1.014101,2021,2025,exact_normalized_name,matched
Accept,41f4d85a-0bd7-4602-a3e3-8c47f36efb0a,Accept,nwobhm,0,1.014101,2021,2025,exact_normalized_name,matched
Accept,41f4d85a-0bd7-4602-a3e3-8c47f36efb0a,Accept,english,-1,1.014101,2021,2025,exact_normalized_name,matched
Antrim,37cc0d19-3411-4f31-8f80-f6afaad3d799,Antrim,,,1.012606,2021,2025,exact_normalized_name,matched
Konstantin Sibold,ae7bc80c-548a-43a5-8e30-162b2330ee29,Konstantin Sibold,,,1.012544,2020,2022,exact_normalized_name,matched
Thad Jones,2676ce19-1319-48af-93dd-1b6313c126ca,Thad Jones,jazz,3,1.00077,2024,2025,exact_normalized_name,matched
Thad Jones,2676ce19-1319-48af-93dd-1b6313c126ca,Thad Jones,hard bop,2,1.00077,2024,2025,exact_normalized_name,matched
Mangerous,,,,,0.999111,2017,2017,no_result,not_found
Shelby Lynne,f4992dae-69f2-4c0d-95fa-0b65f47906f2,Shelby Lynne,country,2,0.997523,2025,2025,exact_normalized_name,matched
Shelby Lynne,f4992dae-69f2-4c0d-95fa-0b65f47906f2,Shelby Lynne,alternative,1,0.997523,2025,2025,exact_normalized_name,matched
Shelby Lynne,f4992dae-69f2-4c0d-95fa-0b65f47906f2,Shelby Lynne,alternative country,1,0.997523,2025,2025,exact_normalized_name,matched
Technasia,e0d60456-7353-4013-b8e2-966b1a2e21c4,Technasia,,,0.997075,2017,2024,exact_normalized_name,matched
Cauty,e0ca6433-952c-4768-8ffa-a8df71234217,Cauty,reggaeton,1,0.995413,2018,2023,exact_normalized_name,matched
El Taiger,d3c2b04b-0ecd-481d-9020-64e0ef920ebc,El Taiger,cubatón,1,0.990912,2017,2023,exact_normalized_name,matched
El Taiger,d3c2b04b-0ecd-481d-9020-64e0ef920ebc,El Taiger,reggaeton,1,0.990912,2017,2023,exact_normalized_name,matched
Darell,28e6d28f-e134-476f-bcad-26051c27c9ba,Darell,latin urban,1,0.98874,2017,2023,exact_normalized_name,matched
Darell,28e6d28f-e134-476f-bcad-26051c27c9ba,Darell,reggaeton,1,0.98874,2017,2023,exact_normalized_name,matched
Darell,28e6d28f-e134-476f-bcad-26051c27c9ba,Darell,trap,1,0.98874,2017,2023,exact_normalized_name,matched
Darell,28e6d28f-e134-476f-bcad-26051c27c9ba,Darell,trap latino,1,0.98874,2017,2023,exact_normalized_name,matched
Otis Redding,82b1f5fd-cd31-41a9-b5d4-7e33f0eb9751,Otis Redding,soul,13,0.984776,2018,2025,exact_normalized_name,matched
Otis Redding,82b1f5fd-cd31-41a9-b5d4-7e33f0eb9751,Otis Redding,deep soul,5,0.984776,2018,2025,exact_normalized_name,matched
Otis Redding,82b1f5fd-cd31-41a9-b5d4-7e33f0eb9751,Otis Redding,southern soul,5,0.984776,2018,2025,exact_normalized_name,matched
Otis Redding,82b1f5fd-cd31-41a9-b5d4-7e33f0eb9751,Otis Redding,r&b,4,0.984776,2018,2025,exact_normalized_name,matched
Otis Redding,82b1f5fd-cd31-41a9-b5d4-7e33f0eb9751,Otis Redding,blues,2,0.984776,2018,2025,exact_normalized_name,matched
Otis Redding,82b1f5fd-cd31-41a9-b5d4-7e33f0eb9751,Otis Redding,blues rock,1,0.984776,2018,2025,exact_normalized_name,matched
Otis Redding,82b1f5fd-cd31-41a9-b5d4-7e33f0eb9751,Otis Redding,american,0,0.984776,2018,2025,exact_normalized_name,matched
Otis Redding,82b1f5fd-cd31-41a9-b5d4-7e33f0eb9751,Otis Redding,death by plane crash,0,0.984776,2018,2025,exact_normalized_name,matched
Otis Redding,82b1f5fd-cd31-41a9-b5d4-7e33f0eb9751,Otis Redding,dock of the bay,0,0.984776,2018,2025,exact_normalized_name,matched
Otis Redding,82b1f5fd-cd31-41a9-b5d4-7e33f0eb9751,Otis Redding,psychedelic rock,0,0.984776,2018,2025,exact_normalized_name,matched
Otis Redding,82b1f5fd-cd31-41a9-b5d4-7e33f0eb9751,Otis Redding,rhythm & blues,0,0.984776,2018,2025,exact_normalized_name,matched
Otis Redding,82b1f5fd-cd31-41a9-b5d4-7e33f0eb9751,Otis Redding,rock,0,0.984776,2018,2025,exact_normalized_name,matched
Otis Redding,82b1f5fd-cd31-41a9-b5d4-7e33f0eb9751,Otis Redding,soul and reggae,0,0.984776,2018,2025,exact_normalized_name,matched
Otis Redding,82b1f5fd-cd31-41a9-b5d4-7e33f0eb9751,Otis Redding,death by airplane,-1,0.984776,2018,2025,exact_normalized_name,matched
Otis Redding,82b1f5fd-cd31-41a9-b5d4-7e33f0eb9751,Otis Redding,death by drowning,-1,0.984776,2018,2025,exact_normalized_name,matched
Maria Becerra,a69b643d-2cd9-4914-8a1a-3f3797a7323c,María Becerra,latin,1,0.983057,2020,2024,exact_normalized_name,matched
Maria Becerra,a69b643d-2cd9-4914-8a1a-3f3797a7323c,María Becerra,reggaeton,1,0.983057,2020,2024,exact_normalized_name,matched
Maria Becerra,a69b643d-2cd9-4914-8a1a-3f3797a7323c,María Becerra,trap latino,1,0.983057,2020,2024,exact_normalized_name,matched
Jamie Jones,06f4a88c-72d1-480b-a786-fd41e534a876,Jamie Jones,tech house,3,0.980423,2018,2025,exact_normalized_name,matched
Jamie Jones,06f4a88c-72d1-480b-a786-fd41e534a876,Jamie Jones,house,2,0.980423,2018,2025,exact_normalized_name,matched
Jamie Jones,06f4a88c-72d1-480b-a786-fd41e534a876,Jamie Jones,afro house,1,0.980423,2018,2025,exact_normalized_name,matched
Jamie Jones,06f4a88c-72d1-480b-a786-fd41e534a876,Jamie Jones,bassline,1,0.980423,2018,2025,exact_normalized_name,matched
Jamie Jones,06f4a88c-72d1-480b-a786-fd41e534a876,Jamie Jones,club,1,0.980423,2018,2025,exact_normalized_name,matched
Jamie Jones,06f4a88c-72d1-480b-a786-fd41e534a876,Jamie Jones,dance,1,0.980423,2018,2025,exact_normalized_name,matched
Jamie Jones,06f4a88c-72d1-480b-a786-fd41e534a876,Jamie Jones,deep house,1,0.980423,2018,2025,exact_normalized_name,matched
Jamie Jones,06f4a88c-72d1-480b-a786-fd41e534a876,Jamie Jones,deep tech,1,0.980423,2018,2025,exact_normalized_name,matched
Jamie Jones,06f4a88c-72d1-480b-a786-fd41e534a876,Jamie Jones,disco,1,0.980423,2018,2025,exact_normalized_name,matched
Jamie Jones,06f4a88c-72d1-480b-a786-fd41e534a876,Jamie Jones,edm,1,0.980423,2018,2025,exact_normalized_name,matched
Jamie Jones,06f4a88c-72d1-480b-a786-fd41e534a876,Jamie Jones,electronic,1,0.980423,2018,2025,exact_normalized_name,matched
Jamie Jones,06f4a88c-72d1-480b-a786-fd41e534a876,Jamie Jones,indie dance,1,0.980423,2018,2025,exact_normalized_name,matched
Jamie Jones,06f4a88c-72d1-480b-a786-fd41e534a876,Jamie Jones,melodic house,1,0.980423,2018,2025,exact_normalized_name,matched
Jamie Jones,06f4a88c-72d1-480b-a786-fd41e534a876,Jamie Jones,melodic techno,1,0.980423,2018,2025,exact_normalized_name,matched
Jamie Jones,06f4a88c-72d1-480b-a786-fd41e534a876,Jamie Jones,pop,1,0.980423,2018,2025,exact_normalized_name,matched
Jamie Jones,06f4a88c-72d1-480b-a786-fd41e534a876,Jamie Jones,tech-house,1,0.980423,2018,2025,exact_normalized_name,matched
Jamie Jones,06f4a88c-72d1-480b-a786-fd41e534a876,Jamie Jones,techno,1,0.980423,2018,2025,exact_normalized_name,matched
Jamie Jones,06f4a88c-72d1-480b-a786-fd41e534a876,Jamie Jones,uk garage,1,0.980423,2018,2025,exact_normalized_name,matched
Permanent Alias,,,,,0.979111,2017,2017,no_result,not_found
Late Replies,a4b79b0d-bcea-4fca-a78d-dbd9980b4fd4,Late Replies,house,1,0.978605,2020,2025,exact_normalized_name,matched
Late Replies,a4b79b0d-bcea-4fca-a78d-dbd9980b4fd4,Late Replies,tech house,1,0.978605,2020,2025,exact_normalized_name,matched
Eme Sarav,,,,,0.977748,2021,2023,no_result,not_found
Block & Crown,da278735-25c9-4475-8808-f0f1828d3fb9,Block & Crown,,,0.977147,2018,2021,exact_normalized_name,matched
Amelie Lens,67db280d-c3e4-49d9-978e-4050f4e209ef,Amelie Lens,techno,2,0.975891,2019,2021,exact_normalized_name,matched
Amelie Lens,67db280d-c3e4-49d9-978e-4050f4e209ef,Amelie Lens,dance,1,0.975891,2019,2021,exact_normalized_name,matched
Amelie Lens,67db280d-c3e4-49d9-978e-4050f4e209ef,Amelie Lens,electronic,1,0.975891,2019,2021,exact_normalized_name,matched
Dirty Doering,57343d6b-80e0-4c50-a50b-51cf750a2d80,Dirty Doering,afro house,1,0.96816,2020,2023,exact_normalized_name,matched
Dirty Doering,57343d6b-80e0-4c50-a50b-51cf750a2d80,Dirty Doering,dance,1,0.96816,2020,2023,exact_normalized_name,matched
Dirty Doering,57343d6b-80e0-4c50-a50b-51cf750a2d80,Dirty Doering,deep house,1,0.96816,2020,2023,exact_normalized_name,matched
Dirty Doering,57343d6b-80e0-4c50-a50b-51cf750a2d80,Dirty Doering,deep tech,1,0.96816,2020,2023,exact_normalized_name,matched
Dirty Doering,57343d6b-80e0-4c50-a50b-51cf750a2d80,Dirty Doering,disco,1,0.96816,2020,2023,exact_normalized_name,matched
Dirty Doering,57343d6b-80e0-4c50-a50b-51cf750a2d80,Dirty Doering,downtempo,1,0.96816,2020,2023,exact_normalized_name,matched
Dirty Doering,57343d6b-80e0-4c50-a50b-51cf750a2d80,Dirty Doering,edm,1,0.96816,2020,2023,exact_normalized_name,matched
Dirty Doering,57343d6b-80e0-4c50-a50b-51cf750a2d80,Dirty Doering,electronic,1,0.96816,2020,2023,exact_normalized_name,matched
Dirty Doering,57343d6b-80e0-4c50-a50b-51cf750a2d80,Dirty Doering,electronica,1,0.96816,2020,2023,exact_normalized_name,matched
Dirty Doering,57343d6b-80e0-4c50-a50b-51cf750a2d80,Dirty Doering,house,1,0.96816,2020,2023,exact_normalized_name,matched
Dirty Doering,57343d6b-80e0-4c50-a50b-51cf750a2d80,Dirty Doering,indie dance,1,0.96816,2020,2023,exact_normalized_name,matched
Dirty Doering,57343d6b-80e0-4c50-a50b-51cf750a2d80,Dirty Doering,melodic house,1,0.96816,2020,2023,exact_normalized_name,matched
Dirty Doering,57343d6b-80e0-4c50-a50b-51cf750a2d80,Dirty Doering,melodic techno,1,0.96816,2020,2023,exact_normalized_name,matched
Dirty Doering,57343d6b-80e0-4c50-a50b-51cf750a2d80,Dirty Doering,organic house,1,0.96816,2020,2023,exact_normalized_name,matched
Dirty Doering,57343d6b-80e0-4c50-a50b-51cf750a2d80,Dirty Doering,pop,1,0.96816,2020,2023,exact_normalized_name,matched
Dirty Doering,57343d6b-80e0-4c50-a50b-51cf750a2d80,Dirty Doering,progressive house,1,0.96816,2020,2023,exact_normalized_name,matched
Dirty Doering,57343d6b-80e0-4c50-a50b-51cf750a2d80,Dirty Doering,tech house,1,0.96816,2020,2023,exact_normalized_name,matched
Dirty Doering,57343d6b-80e0-4c50-a50b-51cf750a2d80,Dirty Doering,techno,1,0.96816,2020,2023,exact_normalized_name,matched
DJ Roma,ccf3eacf-e23a-4eac-99df-b39bc7d40db6,DJ Roma,,,0.959326,2021,2023,exact_normalized_name,matched
Rone White,8026f218-3bc8-42e0-bdc8-bef12c026fe7,Rone White,,,0.956615,2021,2021,exact_normalized_name,matched
The La Planta,02150840-9013-413c-9d68-6c8ecddabac7,The La Planta,,,0.954729,2021,2025,exact_normalized_name,matched
Made in M,126deda1-95fc-4c1e-991d-998a191c700c,Made in M,boom bap,1,0.953928,2018,2020,exact_normalized_name,matched
Made in M,126deda1-95fc-4c1e-991d-998a191c700c,Made in M,chillwave,1,0.953928,2018,2020,exact_normalized_name,matched
Made in M,126deda1-95fc-4c1e-991d-998a191c700c,Made in M,downtempo,1,0.953928,2018,2020,exact_normalized_name,matched
Made in M,126deda1-95fc-4c1e-991d-998a191c700c,Made in M,hip hop,1,0.953928,2018,2020,exact_normalized_name,matched
Made in M,126deda1-95fc-4c1e-991d-998a191c700c,Made in M,instrumental,1,0.953928,2018,2020,exact_normalized_name,matched
Made in M,126deda1-95fc-4c1e-991d-998a191c700c,Made in M,instrumental hip hop,1,0.953928,2018,2020,exact_normalized_name,matched
Made in M,126deda1-95fc-4c1e-991d-998a191c700c,Made in M,lo-fi,1,0.953928,2018,2020,exact_normalized_name,matched
Made in M,126deda1-95fc-4c1e-991d-998a191c700c,Made in M,lo-fi hip hop,1,0.953928,2018,2020,exact_normalized_name,matched
Muppet DJ,,,,,0.948071,2021,2024,no_result,not_found
Oxia,5a0d9997-601f-4f5a-9b63-ff0de4e7b477,Oxia,techno,1,0.945508,2022,2025,exact_normalized_name,matched
Oxia,5a0d9997-601f-4f5a-9b63-ff0de4e7b477,Oxia,dance and electronica,0,0.945508,2022,2025,exact_normalized_name,matched
John Coltrane Quartet,a43270af-bc4a-4552-847e-617b11f38d7b,John Coltrane Quartet,jazz,1,0.945154,2024,2025,exact_normalized_name,matched
John Coltrane Quartet,a43270af-bc4a-4552-847e-617b11f38d7b,John Coltrane Quartet,the beatles,0,0.945154,2024,2025,exact_normalized_name,matched
Mike Rish,5a012e45-4ccc-4d48-9d84-ef5786950038,Mike Rish,,,0.944957,2022,2025,exact_normalized_name,matched
RIGOONI,555a0d60-7dea-46e8-bf26-e61070296791,Rigooni,,,0.939871,2021,2025,exact_normalized_name,matched
IBRA,f7c4bfcc-6da8-46e5-9cbc-8dcffb85f7b4,IBRA,deep house,1,0.933425,2018,2021,exact_normalized_name,matched
IBRA,f7c4bfcc-6da8-46e5-9cbc-8dcffb85f7b4,IBRA,house,1,0.933425,2018,2021,exact_normalized_name,matched
Mark Tarmonea,8e40f8cc-3701-4c9c-b559-1a325b43e4f6,Mark Tarmonea,,,0.929374,2020,2022,exact_normalized_name,matched
Rafael Cerato,80d8ffab-11c9-4a99-86c6-43930ddcfa90,Rafael Cerato,deep house,1,0.921835,2018,2025,exact_normalized_name,matched
Rafael Cerato,80d8ffab-11c9-4a99-86c6-43930ddcfa90,Rafael Cerato,electronica,1,0.921835,2018,2025,exact_normalized_name,matched
Rafael Cerato,80d8ffab-11c9-4a99-86c6-43930ddcfa90,Rafael Cerato,house,1,0.921835,2018,2025,exact_normalized_name,matched
Rafael Cerato,80d8ffab-11c9-4a99-86c6-43930ddcfa90,Rafael Cerato,indie dance,1,0.921835,2018,2025,exact_normalized_name,matched
Rafael Cerato,80d8ffab-11c9-4a99-86c6-43930ddcfa90,Rafael Cerato,melodic house,1,0.921835,2018,2025,exact_normalized_name,matched
Rafael Cerato,80d8ffab-11c9-4a99-86c6-43930ddcfa90,Rafael Cerato,melodic techno,1,0.921835,2018,2025,exact_normalized_name,matched
Rafael Cerato,80d8ffab-11c9-4a99-86c6-43930ddcfa90,Rafael Cerato,peak time techno,1,0.921835,2018,2025,exact_normalized_name,matched
Rafael Cerato,80d8ffab-11c9-4a99-86c6-43930ddcfa90,Rafael Cerato,progressive house,1,0.921835,2018,2025,exact_normalized_name,matched
Rafael Cerato,80d8ffab-11c9-4a99-86c6-43930ddcfa90,Rafael Cerato,tech house,1,0.921835,2018,2025,exact_normalized_name,matched
Rafael Cerato,80d8ffab-11c9-4a99-86c6-43930ddcfa90,Rafael Cerato,techno,1,0.921835,2018,2025,exact_normalized_name,matched
Mak Donal,,,,,0.921231,2018,2024,no_result,not_found
Callecat,53cad5e2-0294-4cec-aaca-fdc0fec5d927,Callecat,,,0.919376,2025,2025,exact_normalized_name,matched
Stephan Bodzin,6f027cd7-c2e8-4569-8922-aa2c9a503e65,Stephan Bodzin,techno,2,0.917988,2018,2025,exact_normalized_name,matched
Stephan Bodzin,6f027cd7-c2e8-4569-8922-aa2c9a503e65,Stephan Bodzin,electronic,1,0.917988,2018,2025,exact_normalized_name,matched
Stephan Bodzin,6f027cd7-c2e8-4569-8922-aa2c9a503e65,Stephan Bodzin,minimal techno,1,0.917988,2018,2025,exact_normalized_name,matched
Stephan Bodzin,6f027cd7-c2e8-4569-8922-aa2c9a503e65,Stephan Bodzin,tech house,1,0.917988,2018,2025,exact_normalized_name,matched
Dino Maggiorana,d4115f4e-ed88-462e-b935-b1cbdd9655a4,Dino Maggiorana,,,0.913895,2018,2024,exact_normalized_name,matched
Chaim,642d4b22-3afd-4976-8cd4-c05dd8d0bf4d,Chaim,house,1,0.909793,2019,2025,exact_normalized_name,matched
Chaim,642d4b22-3afd-4976-8cd4-c05dd8d0bf4d,Chaim,indie dance,1,0.909793,2019,2025,exact_normalized_name,matched
Chaim,642d4b22-3afd-4976-8cd4-c05dd8d0bf4d,Chaim,melodic house,1,0.909793,2019,2025,exact_normalized_name,matched
Chaim,642d4b22-3afd-4976-8cd4-c05dd8d0bf4d,Chaim,nu disco,1,0.909793,2019,2025,exact_normalized_name,matched
Chaim,642d4b22-3afd-4976-8cd4-c05dd8d0bf4d,Chaim,techno,1,0.909793,2019,2025,exact_normalized_name,matched
Carlos Gardel,bb54817c-6829-4ccc-bc58-030abb85c583,Carlos Gardel,tango,5,0.909067,2021,2025,exact_normalized_name,matched
Carlos Gardel,bb54817c-6829-4ccc-bc58-030abb85c583,Carlos Gardel,argentina,2,0.909067,2021,2025,exact_normalized_name,matched
Carlos Gardel,bb54817c-6829-4ccc-bc58-030abb85c583,Carlos Gardel,argentinian,1,0.909067,2021,2025,exact_normalized_name,matched
Carlos Gardel,bb54817c-6829-4ccc-bc58-030abb85c583,Carlos Gardel,french,1,0.909067,2021,2025,exact_normalized_name,matched
Carlos Gardel,bb54817c-6829-4ccc-bc58-030abb85c583,Carlos Gardel,death by airplane,-1,0.909067,2021,2025,exact_normalized_name,matched
Marco Carola,daa683bc-1a8d-48da-be35-864526c444a6,Marco Carola,tech house,2,0.908931,2017,2025,exact_normalized_name,matched
Marco Carola,daa683bc-1a8d-48da-be35-864526c444a6,Marco Carola,techno,2,0.908931,2017,2025,exact_normalized_name,matched
Marco Carola,daa683bc-1a8d-48da-be35-864526c444a6,Marco Carola,minimal techno,1,0.908931,2017,2025,exact_normalized_name,matched
Nestor En Bloque,67600605-1924-447b-b37c-69187e68d249,Néstor en Bloque,,,0.905175,2020,2025,exact_normalized_name,matched
